unsigned char font_ttf[] = {
  0x00, 0x01, 0x00, 0x00, 0x00, 0x11, 0x01, 0x00, 0x00, 0x04, 0x00, 0x10,
  0x47, 0x44, 0x45, 0x46, 0x1a, 0xcb, 0x19, 0x7b, 0x00, 0x00, 0x03, 0x00,
  0x00, 0x00, 0x00, 0xfe, 0x47, 0x50, 0x4f, 0x53, 0xcf, 0xba, 0xa6, 0xbd,
  0x00, 0x00, 0x25, 0x04, 0x00, 0x00, 0x1b, 0x9c, 0x47, 0x53, 0x55, 0x42,
  0x95, 0x5a, 0xd4, 0x79, 0x00, 0x00, 0x08, 0x10, 0x00, 0x00, 0x03, 0x30,
  0x4f, 0x53, 0x2f, 0x32, 0x5f, 0xea, 0x1e, 0x0b, 0x00, 0x00, 0x01, 0xec,
  0x00, 0x00, 0x00, 0x60, 0x63, 0x6d, 0x61, 0x70, 0x88, 0xd9, 0x6a, 0x64,
  0x00, 0x00, 0x06, 0x04, 0x00, 0x00, 0x02, 0x0a, 0x63, 0x76, 0x74, 0x20,
  0x05, 0xcf, 0x12, 0x03, 0x00, 0x00, 0x01, 0xa0, 0x00, 0x00, 0x00, 0x4a,
  0x66, 0x70, 0x67, 0x6d, 0x62, 0x2e, 0xfd, 0x7c, 0x00, 0x00, 0x16, 0xf8,
  0x00, 0x00, 0x0e, 0x0c, 0x67, 0x61, 0x73, 0x70, 0x00, 0x00, 0x00, 0x10,
  0x00, 0x00, 0x01, 0x1c, 0x00, 0x00, 0x00, 0x08, 0x67, 0x6c, 0x79, 0x66,
  0xbe, 0xfa, 0x22, 0xf1, 0x00, 0x00, 0x40, 0xa0, 0x00, 0x00, 0x4f, 0x74,
  0x68, 0x65, 0x61, 0x64, 0x1c, 0xa7, 0x8d, 0xd1, 0x00, 0x00, 0x01, 0x68,
  0x00, 0x00, 0x00, 0x36, 0x68, 0x68, 0x65, 0x61, 0x08, 0x6c, 0x02, 0xf5,
  0x00, 0x00, 0x01, 0x44, 0x00, 0x00, 0x00, 0x24, 0x68, 0x6d, 0x74, 0x78,
  0xb8, 0xa0, 0x25, 0x47, 0x00, 0x00, 0x12, 0xf8, 0x00, 0x00, 0x04, 0x00,
  0x6c, 0x6f, 0x63, 0x61, 0xf0, 0xd9, 0xdd, 0x65, 0x00, 0x00, 0x04, 0x00,
  0x00, 0x00, 0x02, 0x02, 0x6d, 0x61, 0x78, 0x70, 0x02, 0x2f, 0x0e, 0xd0,
  0x00, 0x00, 0x01, 0x24, 0x00, 0x00, 0x00, 0x20, 0x6e, 0x61, 0x6d, 0x65,
  0x5f, 0xa4, 0x81, 0x3b, 0x00, 0x00, 0x0f, 0x14, 0x00, 0x00, 0x03, 0xe2,
  0x70, 0x6f, 0x73, 0x74, 0xd8, 0xbc, 0x1a, 0x6f, 0x00, 0x00, 0x0b, 0x40,
  0x00, 0x00, 0x03, 0xd2, 0x70, 0x72, 0x65, 0x70, 0x6a, 0xbd, 0xd6, 0xa8,
  0x00, 0x00, 0x02, 0x4c, 0x00, 0x00, 0x00, 0xb2, 0x00, 0x01, 0x00, 0x01,
  0xff, 0xff, 0x00, 0x0f, 0x00, 0x01, 0x00, 0x00, 0x01, 0x00, 0x00, 0x3c,
  0x00, 0x05, 0x00, 0x3a, 0x00, 0x05, 0x00, 0x02, 0x00, 0x22, 0x00, 0x4b,
  0x00, 0x8d, 0x00, 0x00, 0x00, 0x72, 0x0e, 0x0c, 0x00, 0x03, 0x00, 0x01,
  0x00, 0x01, 0x00, 0x00, 0x03, 0xa2, 0xfe, 0xf2, 0x00, 0x00, 0x05, 0xa5,
  0xff, 0x4a, 0xfd, 0x5d, 0x05, 0x7d, 0x00, 0x01, 0x00, 0x00, 0x00, 0x00,
  0x00, 0x00, 0x00, 0x00, 0x00, 0x00, 0x00, 0x00, 0x00, 0x00, 0x01, 0x00,
  0x00, 0x01, 0x00, 0x00, 0x00, 0x01, 0x00, 0x00, 0x26, 0xfd, 0xed, 0x63,
  0x5f, 0x0f, 0x3c, 0xf5, 0x00, 0x0f, 0x03, 0xe8, 0x00, 0x00, 0x00, 0x00,
  0xdc, 0x4b, 0xbd, 0x4e, 0x00, 0x00, 0x00, 0x00, 0xdc, 0x71, 0x8c, 0xc1,
  0xff, 0x4a, 0xff, 0x1f, 0x05, 0x7d, 0x03, 0xc0, 0x00, 0x00, 0x00, 0x06,
  0x00, 0x02, 0x00, 0x00, 0x00, 0x00, 0x00, 0x00, 0x00, 0x00, 0x00, 0x00,
  0x00, 0x00, 0x00, 0x00, 0x00, 0x00, 0x00, 0x00, 0x00, 0x00, 0x00, 0x00,
  0x00, 0x00, 0x00, 0x00, 0x00, 0x00, 0x00, 0x00, 0x00, 0x00, 0x00, 0x96,
  0x00, 0x96, 0x00, 0x73, 0x00, 0x73, 0x02, 0xd0, 0x00, 0x00, 0x02, 0xcb,
  0x02, 0x08, 0x00, 0x00, 0xff, 0x1f, 0x02, 0xd0, 0x00, 0x00, 0x02, 0xcb,
  0x02, 0x08, 0x00, 0x00, 0xff, 0x1f, 0x00, 0x18, 0x00, 0x18, 0x00, 0x18,
  0x00, 0x18, 0x02, 0xca, 0x01, 0x24, 0x02, 0xca, 0x01, 0x24, 0x00, 0x00,
  0x00, 0x04, 0x02, 0xe4, 0x01, 0x90, 0x00, 0x05, 0x00, 0x00, 0x02, 0x8a,
  0x02, 0x58, 0x00, 0x00, 0x00, 0x4b, 0x02, 0x8a, 0x02, 0x58, 0x00, 0x00,
  0x01, 0x5e, 0x00, 0x32, 0x01, 0x35, 0x00, 0x00, 0x00, 0x00, 0x00, 0x00,
  0x00, 0x00, 0x00, 0x00, 0x00, 0x00, 0xa0, 0x00, 0x00, 0x6f, 0x00, 0x00,
  0x00, 0x4b, 0x00, 0x00, 0x00, 0x00, 0x00, 0x00, 0x00, 0x00, 0x4e, 0x4f,
  0x4e, 0x45, 0x00, 0xc0, 0x00, 0x0d, 0x22, 0x15, 0x03, 0xa2, 0xfe, 0xf2,
  0x00, 0x00, 0x03, 0xc0, 0x01, 0x2c, 0x00, 0x00, 0x00, 0x01, 0x00, 0x00,
  0x00, 0x00, 0x02, 0x03, 0x02, 0xcb, 0x00, 0x00, 0x00, 0x20, 0x00, 0x03,
  0x00, 0x4b, 0xb8, 0x00, 0xc8, 0x52, 0x58, 0xb1, 0x01, 0x01, 0x8e, 0x59,
  0xb0, 0x01, 0xb9, 0x08, 0x00, 0x08, 0x00, 0x63, 0x70, 0xb1, 0x00, 0x07,
  0x42, 0xb3, 0x00, 0x1a, 0x02, 0x00, 0x2a, 0xb1, 0x00, 0x07, 0x42, 0xb5,
  0x1f, 0x04, 0x0f, 0x08, 0x02, 0x0a, 0x2a, 0xb1, 0x00, 0x07, 0x42, 0xb5,
  0x23, 0x02, 0x17, 0x06, 0x02, 0x0a, 0x2a, 0xb1, 0x00, 0x09, 0x42, 0xbb,
  0x08, 0x00, 0x04, 0x00, 0x00, 0x02, 0x00, 0x0b, 0x2a, 0xb1, 0x00, 0x0b,
  0x42, 0xbb, 0x00, 0x40, 0x00, 0x40, 0x00, 0x02, 0x00, 0x0b, 0x2a, 0xb9,
  0x00, 0x03, 0x00, 0x00, 0x44, 0xb1, 0x24, 0x01, 0x88, 0x51, 0x58, 0xb0,
  0x40, 0x88, 0x58, 0xb9, 0x00, 0x03, 0x00, 0x64, 0x44, 0xb1, 0x28, 0x01,
  0x88, 0x51, 0x58, 0xb8, 0x08, 0x00, 0x88, 0x58, 0xb9, 0x00, 0x03, 0x00,
  0x00, 0x44, 0x59, 0x1b, 0xb1, 0x27, 0x01, 0x88, 0x51, 0x58, 0xba, 0x08,
  0x80, 0x00, 0x01, 0x04, 0x40, 0x88, 0x63, 0x54, 0x58, 0xb9, 0x00, 0x03,
  0x00, 0x00, 0x44, 0x59, 0x59, 0x59, 0x59, 0x59, 0xb5, 0x21, 0x02, 0x11,
  0x06, 0x02, 0x0e, 0x2a, 0xb8, 0x01, 0xff, 0x85, 0xb0, 0x04, 0x8d, 0xb1,
  0x02, 0x00, 0x44, 0xb3, 0x05, 0x64, 0x06, 0x00, 0x44, 0x44, 0x00, 0x00,
  0x00, 0x01, 0x00, 0x02, 0x00, 0x0e, 0x00, 0x00, 0x00, 0x00, 0x00, 0x00,
  0x00, 0xcc, 0x00, 0x02, 0x00, 0x1f, 0x00, 0x07, 0x00, 0x07, 0x00, 0x01,
  0x00, 0x24, 0x00, 0x3d, 0x00, 0x01, 0x00, 0x44, 0x00, 0x5d, 0x00, 0x01,
  0x00, 0x62, 0x00, 0x62, 0x00, 0x01, 0x00, 0x68, 0x00, 0x68, 0x00, 0x01,
  0x00, 0x72, 0x00, 0x7e, 0x00, 0x01, 0x00, 0x81, 0x00, 0x84, 0x00, 0x01,
  0x00, 0x86, 0x00, 0x86, 0x00, 0x01, 0x00, 0x88, 0x00, 0x8c, 0x00, 0x01,
  0x00, 0x8e, 0x00, 0x8e, 0x00, 0x01, 0x00, 0x90, 0x00, 0x94, 0x00, 0x01,
  0x00, 0x96, 0x00, 0x9f, 0x00, 0x01, 0x00, 0xa1, 0x00, 0xa2, 0x00, 0x03,
  0x00, 0xa3, 0x00, 0xa3, 0x00, 0x01, 0x00, 0xa5, 0x00, 0xa7, 0x00, 0x01,
  0x00, 0xaa, 0x00, 0xaa, 0x00, 0x01, 0x00, 0xac, 0x00, 0xac, 0x00, 0x03,
  0x00, 0xae, 0x00, 0xaf, 0x00, 0x03, 0x00, 0xb3, 0x00, 0xb4, 0x00, 0x03,
  0x00, 0xb6, 0x00, 0xb7, 0x00, 0x03, 0x00, 0xb9, 0x00, 0xbc, 0x00, 0x01,
  0x00, 0xbe, 0x00, 0xbe, 0x00, 0x01, 0x00, 0xc3, 0x00, 0xc4, 0x00, 0x03,
  0x00, 0xc9, 0x00, 0xce, 0x00, 0x01, 0x00, 0xd1, 0x00, 0xd1, 0x00, 0x01,
  0x00, 0xd4, 0x00, 0xd9, 0x00, 0x01, 0x00, 0xdf, 0x00, 0xe0, 0x00, 0x01,
  0x00, 0xe7, 0x00, 0xe8, 0x00, 0x03, 0x00, 0xec, 0x00, 0xec, 0x00, 0x01,
  0x00, 0xf0, 0x00, 0xf1, 0x00, 0x03, 0x00, 0xf3, 0x00, 0xfe, 0x00, 0x01,
  0x00, 0x01, 0x00, 0x02, 0x00, 0x00, 0x00, 0x2c, 0x00, 0x00, 0x00, 0x0c,
  0x00, 0x01, 0x00, 0x0e, 0x00, 0xa1, 0x00, 0xa2, 0x00, 0xae, 0x00, 0xaf,
  0x00, 0xb3, 0x00, 0xb4, 0x00, 0xb6, 0x00, 0xb7, 0x00, 0xc3, 0x00, 0xc4,
  0x00, 0xe7, 0x00, 0xe8, 0x00, 0xf0, 0x00, 0xf1, 0x00, 0x01, 0x00, 0x01,
  0x00, 0xac, 0x00, 0x00, 0x00, 0x00, 0x00, 0x2a, 0x00, 0x2a, 0x00, 0x2a,
  0x00, 0x2a, 0x00, 0x52, 0x00, 0x5e, 0x00, 0xb3, 0x01, 0x1a, 0x01, 0x9c,
  0x02, 0x2a, 0x02, 0x44, 0x02, 0x78, 0x02, 0x84, 0x02, 0xaf, 0x02, 0xd6,
  0x03, 0x02, 0x03, 0x1d, 0x03, 0x35, 0x03, 0x5b, 0x03, 0xab, 0x03, 0xc9,
  0x04, 0x06, 0x04, 0x4d, 0x04, 0x81, 0x04, 0xb8, 0x05, 0x04, 0x05, 0x29,
  0x05, 0x88, 0x05, 0xd2, 0x05, 0xe4, 0x05, 0xf6, 0x06, 0x0c, 0x06, 0x22,
  0x06, 0x32, 0x06, 0x8c, 0x07, 0x0c, 0x07, 0x3e, 0x07, 0x8d, 0x07, 0xc0,
  0x07, 0xf7, 0x08, 0x25, 0x08, 0x4e, 0x08, 0x90, 0x08, 0xbb, 0x08, 0xd4,
  0x09, 0x20, 0x09, 0x51, 0x09, 0x6f, 0x09, 0xa1, 0x09, 0xc9, 0x0a, 0x19,
  0x0a, 0x54, 0x0a, 0xa3, 0x0a, 0xe8, 0x0b, 0x2f, 0x0b, 0x5c, 0x0b, 0x91,
  0x0b, 0xb7, 0x0b, 0xea, 0x0c, 0x20, 0x0c, 0x49, 0x0c, 0x76, 0x0c, 0xaa,
  0x0c, 0xb6, 0x0c, 0xc2, 0x0c, 0xe9, 0x0d, 0x08, 0x0d, 0x10, 0x0d, 0x56,
  0x0d, 0x62, 0x0d, 0x94, 0x0d, 0xa6, 0x0d, 0xed, 0x0e, 0x20, 0x0e, 0x65,
  0x0e, 0x92, 0x0e, 0x9e, 0x0e, 0xaa, 0x0e, 0xee, 0x0f, 0x07, 0x0f, 0x36,
  0x0f, 0x5e, 0x0f, 0x9e, 0x0f, 0xd8, 0x0f, 0xe4, 0x10, 0x20, 0x10, 0x61,
  0x10, 0x97, 0x10, 0xc5, 0x10, 0xe9, 0x11, 0x1b, 0x11, 0x4d, 0x11, 0x86,
  0x11, 0xb3, 0x12, 0x14, 0x12, 0x3b, 0x12, 0x47, 0x12, 0x93, 0x12, 0xe2,
  0x13, 0x19, 0x13, 0xa1, 0x14, 0x17, 0x14, 0x8b, 0x14, 0xc2, 0x15, 0x0c,
  0x15, 0x1c, 0x15, 0x1c, 0x15, 0x37, 0x15, 0x52, 0x15, 0x6c, 0x15, 0x78,
  0x15, 0x95, 0x15, 0xc2, 0x16, 0x0d, 0x16, 0x50, 0x16, 0x5e, 0x16, 0x6a,
  0x16, 0x7a, 0x16, 0x86, 0x16, 0x92, 0x16, 0x9e, 0x16, 0xaa, 0x16, 0xb8,
  0x16, 0xc4, 0x16, 0xd4, 0x16, 0xe0, 0x17, 0x25, 0x17, 0x62, 0x17, 0xb5,
  0x17, 0xc3, 0x17, 0xcf, 0x17, 0xdf, 0x17, 0xeb, 0x18, 0x20, 0x18, 0x2c,
  0x18, 0x6c, 0x18, 0xb4, 0x18, 0xc2, 0x18, 0xce, 0x18, 0xde, 0x18, 0xea,
  0x19, 0x50, 0x19, 0x5c, 0x19, 0x7f, 0x19, 0xbe, 0x19, 0xcc, 0x19, 0xd8,
  0x19, 0xe8, 0x19, 0xf4, 0x1a, 0x29, 0x1a, 0x37, 0x1a, 0x43, 0x1a, 0x53,
  0x1a, 0x5f, 0x1a, 0x6d, 0x1a, 0x79, 0x1a, 0x89, 0x1a, 0x95, 0x1a, 0xa3,
  0x1a, 0xaf, 0x1a, 0xbb, 0x1a, 0xc7, 0x1a, 0xd3, 0x1a, 0xed, 0x1b, 0x6e,
  0x1b, 0x7a, 0x1b, 0x86, 0x1b, 0x92, 0x1b, 0xc1, 0x1b, 0xfc, 0x1c, 0x08,
  0x1c, 0x10, 0x1c, 0x48, 0x1c, 0x50, 0x1c, 0x78, 0x1c, 0x99, 0x1d, 0x01,
  0x1d, 0x49, 0x1d, 0x5f, 0x1d, 0x75, 0x1d, 0x81, 0x1d, 0x9b, 0x1d, 0xba,
  0x1d, 0xd5, 0x1e, 0x1b, 0x1e, 0x29, 0x1e, 0x35, 0x1e, 0x4f, 0x1e, 0x5b,
  0x1e, 0xbc, 0x1f, 0x13, 0x1f, 0x23, 0x1f, 0x56, 0x1f, 0x84, 0x1f, 0xd9,
  0x1f, 0xf6, 0x20, 0x0f, 0x20, 0x1b, 0x20, 0x2d, 0x20, 0x42, 0x20, 0x4e,
  0x20, 0x5c, 0x20, 0x68, 0x20, 0x82, 0x20, 0x9b, 0x20, 0xa7, 0x20, 0xc0,
  0x20, 0xdd, 0x20, 0xfd, 0x21, 0x33, 0x21, 0x4e, 0x21, 0x62, 0x21, 0x6e,
  0x21, 0x7c, 0x21, 0x88, 0x21, 0xa2, 0x22, 0x1b, 0x22, 0x27, 0x22, 0x3d,
  0x22, 0x53, 0x22, 0x7a, 0x22, 0xbd, 0x22, 0xfe, 0x23, 0x5c, 0x23, 0x68,
  0x23, 0x9b, 0x23, 0xa9, 0x23, 0xb9, 0x23, 0xc5, 0x23, 0xcd, 0x23, 0xd5,
  0x24, 0x1b, 0x24, 0x5d, 0x24, 0xd4, 0x24, 0xdc, 0x25, 0x31, 0x25, 0x3d,
  0x25, 0x53, 0x25, 0x95, 0x25, 0x9d, 0x26, 0x03, 0x26, 0x7b, 0x26, 0xba,
  0x26, 0xc8, 0x26, 0xd4, 0x26, 0xee, 0x26, 0xfa, 0x27, 0x08, 0x27, 0x14,
  0x27, 0x2e, 0x27, 0x3a, 0x27, 0x48, 0x27, 0x54, 0x27, 0x6e, 0x27, 0x7a,
  0x27, 0xba, 0x00, 0x00, 0x00, 0x00, 0x00, 0x02, 0x00, 0x00, 0x00, 0x03,
  0x00, 0x00, 0x00, 0x14, 0x00, 0x03, 0x00, 0x01, 0x00, 0x00, 0x00, 0x14,
  0x00, 0x04, 0x01, 0xf6, 0x00, 0x00, 0x00, 0x3c, 0x00, 0x20, 0x00, 0x04,
  0x00, 0x1c, 0x00, 0x0d, 0x00, 0x7e, 0x00, 0xff, 0x01, 0x31, 0x01, 0x53,
  0x01, 0x78, 0x02, 0x37, 0x02, 0xc6, 0x02, 0xda, 0x02, 0xdc, 0x03, 0x03,
  0x03, 0x08, 0x03, 0x0a, 0x03, 0x27, 0x1e, 0x85, 0x1e, 0x9e, 0x1e, 0xf3,
  0x20, 0x14, 0x20, 0x1a, 0x20, 0x1e, 0x20, 0x22, 0x20, 0x26, 0x20, 0x3a,
  0x20, 0x44, 0x20, 0x74, 0x20, 0xac, 0x21, 0x22, 0x22, 0x12, 0x22, 0x15,
  0xff, 0xff, 0x00, 0x00, 0x00, 0x0d, 0x00, 0x20, 0x00, 0xa0, 0x01, 0x31,
  0x01, 0x52, 0x01, 0x74, 0x02, 0x37, 0x02, 0xc6, 0x02, 0xda, 0x02, 0xdc,
  0x03, 0x00, 0x03, 0x07, 0x03, 0x0a, 0x03, 0x27, 0x1e, 0x80, 0x1e, 0x9e,
  0x1e, 0xf2, 0x20, 0x13, 0x20, 0x18, 0x20, 0x1c, 0x20, 0x22, 0x20, 0x26,
  0x20, 0x39, 0x20, 0x44, 0x20, 0x74, 0x20, 0xac, 0x21, 0x22, 0x22, 0x12,
  0x22, 0x15, 0xff, 0xff, 0xff, 0xf5, 0xff, 0xe3, 0x00, 0x00, 0xff, 0x9b,
  0x00, 0x00, 0x00, 0x00, 0xfe, 0x97, 0xfd, 0xe7, 0xfe, 0x0c, 0xfe, 0x13,
  0x00, 0x00, 0x00, 0x00, 0xfd, 0xdd, 0xfd, 0x85, 0x00, 0x00, 0xe1, 0xe2,
  0x00, 0x00, 0xe0, 0x58, 0x00, 0x00, 0x00, 0x00, 0xe0, 0x41, 0xe0, 0x43,
  0xe0, 0x8e, 0xe0, 0x7d, 0xe0, 0x4c, 0xe0, 0x12, 0xdf, 0x44, 0xde, 0xc0,
  0xde, 0xa0, 0x00, 0x01, 0x00, 0x00, 0x00, 0x00, 0x00, 0x38, 0x00, 0x00,
  0x00, 0xf4, 0x00, 0xf6, 0x00, 0x00, 0x00, 0x00, 0x00, 0x00, 0x00, 0x00,
  0x00, 0xf6, 0x00, 0xfc, 0x00, 0x00, 0x00, 0x00, 0x00, 0xfa, 0x00, 0x00,
  0x01, 0x02, 0x00, 0x00, 0x01, 0x02, 0x01, 0x06, 0x00, 0x00, 0x00, 0x00,
  0x00, 0x00, 0x00, 0x00, 0x00, 0x00, 0x00, 0x00, 0x00, 0x00, 0x00, 0x00,
  0x00, 0x00, 0x00, 0x00, 0x00, 0x6a, 0x00, 0xbf, 0x00, 0x62, 0x00, 0xeb,
  0x00, 0xb0, 0x00, 0x68, 0x00, 0xa9, 0x00, 0xe9, 0x00, 0xb2, 0x00, 0x65,
  0x00, 0xdd, 0x00, 0xc5, 0x00, 0xcf, 0x00, 0xea, 0x00, 0x64, 0x00, 0xd0,
  0x00, 0xb1, 0x00, 0x67, 0x00, 0xf2, 0x00, 0xee, 0x00, 0xa0, 0x00, 0xd1,
  0x00, 0xe1, 0x00, 0xe2, 0x00, 0xab, 0x00, 0xdc, 0x00, 0xde, 0x00, 0xc6,
  0x00, 0xdb, 0x00, 0xda, 0x00, 0xed, 0x00, 0xe3, 0x00, 0x76, 0x00, 0x73,
  0x00, 0x74, 0x00, 0x78, 0x00, 0x75, 0x00, 0x77, 0x00, 0x72, 0x00, 0x79,
  0x00, 0x7d, 0x00, 0x7a, 0x00, 0x7b, 0x00, 0x7c, 0x00, 0x84, 0x00, 0x81,
  0x00, 0x82, 0x00, 0x83, 0x00, 0x7e, 0x00, 0x86, 0x00, 0x8c, 0x00, 0x89,
  0x00, 0x8a, 0x00, 0x8e, 0x00, 0x8b, 0x00, 0xd3, 0x00, 0x8d, 0x00, 0x94,
  0x00, 0x91, 0x00, 0x92, 0x00, 0x93, 0x00, 0x9a, 0x00, 0x90, 0x00, 0xc2,
  0x00, 0xa5, 0x00, 0x9e, 0x00, 0x9f, 0x00, 0xa7, 0x00, 0xa3, 0x00, 0xa6,
  0x00, 0xa4, 0x00, 0xaa, 0x00, 0xbc, 0x00, 0xb9, 0x00, 0xba, 0x00, 0xbb,
  0x00, 0xcd, 0x00, 0xc9, 0x00, 0xca, 0x00, 0xcb, 0x00, 0xbd, 0x00, 0xd4,
  0x00, 0xd9, 0x00, 0xd5, 0x00, 0xd6, 0x00, 0xe0, 0x00, 0xd7, 0x00, 0x71,
  0x00, 0xdf, 0x00, 0xf6, 0x00, 0xf3, 0x00, 0xf4, 0x00, 0xf5, 0x00, 0xfb,
  0x00, 0xec, 0x00, 0xfd, 0x00, 0x88, 0x00, 0xd8, 0x00, 0x97, 0x00, 0xf8,
  0x00, 0x9b, 0x00, 0xfc, 0x00, 0x9c, 0x00, 0xc3, 0x00, 0xa1, 0x00, 0xae,
  0x00, 0xf0, 0x00, 0xb6, 0x00, 0xb3, 0x00, 0x99, 0x00, 0xfa, 0x00, 0x96,
  0x00, 0xf7, 0x00, 0x98, 0x00, 0xf9, 0x00, 0x9d, 0x00, 0xfe, 0x00, 0x6f,
  0x00, 0x70, 0x00, 0xe5, 0x00, 0x6d, 0x00, 0x6e, 0x00, 0xe4, 0x00, 0x00,
  0x00, 0x01, 0x00, 0x00, 0x00, 0x0a, 0x00, 0x2c, 0x00, 0x92, 0x00, 0x01,
  0x44, 0x46, 0x4c, 0x54, 0x00, 0x08, 0x00, 0x04, 0x00, 0x00, 0x00, 0x00,
  0xff, 0xff, 0x00, 0x08, 0x00, 0x00, 0x00, 0x01, 0x00, 0x02, 0x00, 0x03,
  0x00, 0x04, 0x00, 0x05, 0x00, 0x06, 0x00, 0x07, 0x00, 0x08, 0x61, 0x61,
  0x6c, 0x74, 0x00, 0x5e, 0x63, 0x61, 0x73, 0x65, 0x00, 0x58, 0x63, 0x63,
  0x6d, 0x70, 0x00, 0x50, 0x66, 0x72, 0x61, 0x63, 0x00, 0x4a, 0x6f, 0x72,
  0x64, 0x6e, 0x00, 0x44, 0x73, 0x61, 0x6c, 0x74, 0x00, 0x3e, 0x73, 0x73,
  0x30, 0x31, 0x00, 0x38, 0x73, 0x75, 0x70, 0x73, 0x00, 0x32, 0x00, 0x00,
  0x00, 0x01, 0x00, 0x08, 0x00, 0x00, 0x00, 0x01, 0x00, 0x0e, 0x00, 0x00,
  0x00, 0x01, 0x00, 0x0d, 0x00, 0x00, 0x00, 0x01, 0x00, 0x0a, 0x00, 0x00,
  0x00, 0x01, 0x00, 0x09, 0x00, 0x00, 0x00, 0x02, 0x00, 0x02, 0x00, 0x05,
  0x00, 0x00, 0x00, 0x01, 0x00, 0x0c, 0x00, 0x00, 0x00, 0x02, 0x00, 0x00,
  0x00, 0x01, 0x00, 0x0f, 0x02, 0x3c, 0x02, 0x20, 0x01, 0x98, 0x01, 0x62,
  0x01, 0x62, 0x01, 0x22, 0x01, 0x14, 0x01, 0x14, 0x00, 0xf4, 0x00, 0xb8,
  0x00, 0x70, 0x00, 0x4e, 0x01, 0x14, 0x00, 0x20, 0x00, 0x20, 0x00, 0x01,
  0x00, 0x00, 0x00, 0x01, 0x00, 0x08, 0x00, 0x02, 0x00, 0x14, 0x00, 0x07,
  0x00, 0xff, 0x00, 0x7f, 0x00, 0x85, 0x00, 0x87, 0x00, 0x8f, 0x00, 0x95,
  0x00, 0xb8, 0x00, 0x01, 0x00, 0x07, 0x00, 0x13, 0x00, 0x2a, 0x00, 0x30,
  0x00, 0x32, 0x00, 0x37, 0x00, 0x3a, 0x00, 0x48, 0x00, 0x01, 0x00, 0x00,
  0x00, 0x01, 0x00, 0x08, 0x00, 0x02, 0x00, 0x0e, 0x00, 0x04, 0x00, 0xdd,
  0x00, 0xde, 0x00, 0xdd, 0x00, 0xde, 0x00, 0x01, 0x00, 0x04, 0x00, 0x24,
  0x00, 0x32, 0x00, 0x44, 0x00, 0x52, 0x00, 0x06, 0x00, 0x00, 0x00, 0x02,
  0x00, 0x24, 0x00, 0x0a, 0x00, 0x03, 0x00, 0x01, 0x00, 0x34, 0x00, 0x01,
  0x00, 0x12, 0x00, 0x00, 0x00, 0x01, 0x00, 0x00, 0x00, 0x0b, 0x00, 0x01,
  0x00, 0x02, 0x00, 0x32, 0x00, 0x52, 0x00, 0x03, 0x00, 0x01, 0x00, 0x1a,
  0x00, 0x01, 0x00, 0x12, 0x00, 0x00, 0x00, 0x01, 0x00, 0x00, 0x00, 0x0b,
  0x00, 0x01, 0x00, 0x02, 0x00, 0x24, 0x00, 0x44, 0x00, 0x02, 0x00, 0x01,
  0x00, 0x13, 0x00, 0x1c, 0x00, 0x00, 0x00, 0x04, 0x00, 0x00, 0x00, 0x01,
  0x00, 0x08, 0x00, 0x01, 0x00, 0x2c, 0x00, 0x02, 0x00, 0x16, 0x00, 0x0a,
  0x00, 0x01, 0x00, 0x04, 0x00, 0xed, 0x00, 0x03, 0x00, 0x12, 0x00, 0x17,
  0x00, 0x02, 0x00, 0x0e, 0x00, 0x06, 0x00, 0xda, 0x00, 0x03, 0x00, 0x12,
  0x00, 0x15, 0x00, 0xdb, 0x00, 0x03, 0x00, 0x12, 0x00, 0x17, 0x00, 0x01,
  0x00, 0x02, 0x00, 0x14, 0x00, 0x16, 0x00, 0x01, 0x00, 0x00, 0x00, 0x01,
  0x00, 0x08, 0x00, 0x02, 0x00, 0x0e, 0x00, 0x04, 0x00, 0xdc, 0x00, 0xf2,
  0x00, 0xee, 0x00, 0xc0, 0x00, 0x02, 0x00, 0x01, 0x00, 0x14, 0x00, 0x17,
  0x00, 0x00, 0x00, 0x01, 0x00, 0x00, 0x00, 0x01, 0x00, 0x08, 0x00, 0x01,
  0x00, 0xea, 0x00, 0x01, 0x00, 0x06, 0x00, 0x00, 0x00, 0x02, 0x00, 0x1c,
  0x00, 0x0a, 0x00, 0x03, 0x00, 0x01, 0x00, 0x24, 0x00, 0x01, 0x00, 0xda,
  0x00, 0x00, 0x00, 0x01, 0x00, 0x00, 0x00, 0x07, 0x00, 0x03, 0x00, 0x00,
  0x00, 0x01, 0x00, 0xc8, 0x00, 0x01, 0x00, 0x12, 0x00, 0x01, 0x00, 0x00,
  0x00, 0x06, 0x00, 0x01, 0x00, 0x07, 0x00, 0xa2, 0x00, 0xaf, 0x00, 0xb4,
  0x00, 0xb7, 0x00, 0xc4, 0x00, 0xe8, 0x00, 0xf1, 0x00, 0x01, 0x00, 0x00,
  0x00, 0x01, 0x00, 0x08, 0x00, 0x02, 0x00, 0x18, 0x00, 0x09, 0x00, 0xcc,
  0x00, 0xce, 0x00, 0xa2, 0x00, 0xaf, 0x00, 0xb4, 0x00, 0xb7, 0x00, 0xc4,
  0x00, 0xe8, 0x00, 0xf1, 0x00, 0x01, 0x00, 0x09, 0x00, 0x4c, 0x00, 0x4d,
  0x00, 0xa1, 0x00, 0xae, 0x00, 0xb3, 0x00, 0xb6, 0x00, 0xc3, 0x00, 0xe7,
  0x00, 0xf0, 0x00, 0x06, 0x00, 0x00, 0x00, 0x04, 0x00, 0x5c, 0x00, 0x42,
  0x00, 0x30, 0x00, 0x0e, 0x00, 0x03, 0x00, 0x01, 0x00, 0x12, 0x00, 0x01,
  0x00, 0x60, 0x00, 0x00, 0x00, 0x01, 0x00, 0x00, 0x00, 0x04, 0x00, 0x02,
  0x00, 0x02, 0x00, 0x24, 0x00, 0x3d, 0x00, 0x00, 0x00, 0x72, 0x00, 0x9d,
  0x00, 0x1a, 0x00, 0x03, 0x00, 0x01, 0x00, 0x3e, 0x00, 0x01, 0x00, 0x3e,
  0x00, 0x00, 0x00, 0x01, 0x00, 0x00, 0x00, 0x03, 0x00, 0x03, 0x00, 0x00,
  0x00, 0x01, 0x00, 0x3e, 0x00, 0x02, 0x00, 0x14, 0x00, 0x2c, 0x00, 0x01,
  0x00, 0x00, 0x00, 0x04, 0x00, 0x01, 0x00, 0x01, 0x00, 0xac, 0x00, 0x03,
  0x00, 0x00, 0x00, 0x01, 0x00, 0x24, 0x00, 0x01, 0x00, 0x12, 0x00, 0x01,
  0x00, 0x00, 0x00, 0x03, 0x00, 0x01, 0x00, 0x07, 0x00, 0xa1, 0x00, 0xae,
  0x00, 0xb3, 0x00, 0xb6, 0x00, 0xc3, 0x00, 0xe7, 0x00, 0xf0, 0x00, 0x01,
  0x00, 0x02, 0x00, 0x4c, 0x00, 0x4d, 0x00, 0x03, 0x00, 0x00, 0x00, 0x01,
  0x00, 0x08, 0x00, 0x01, 0x00, 0x08, 0x00, 0x01, 0x00, 0x0e, 0x00, 0x01,
  0x00, 0x01, 0x00, 0x32, 0x00, 0x02, 0x00, 0x87, 0x00, 0xde, 0x00, 0x01,
  0x00, 0x00, 0x00, 0x01, 0x00, 0x08, 0x00, 0x02, 0x00, 0x2e, 0x00, 0x14,
  0x00, 0xff, 0x00, 0xdc, 0x00, 0xf2, 0x00, 0xee, 0x00, 0xc0, 0x00, 0xdd,
  0x00, 0x7f, 0x00, 0x85, 0x00, 0x8f, 0x00, 0x95, 0x00, 0xdd, 0x00, 0xb8,
  0x00, 0xde, 0x00, 0xa2, 0x00, 0xaf, 0x00, 0xb4, 0x00, 0xb7, 0x00, 0xc4,
  0x00, 0xe8, 0x00, 0xf1, 0x00, 0x01, 0x00, 0x14, 0x00, 0x13, 0x00, 0x14,
  0x00, 0x15, 0x00, 0x16, 0x00, 0x17, 0x00, 0x24, 0x00, 0x2a, 0x00, 0x30,
  0x00, 0x37, 0x00, 0x3a, 0x00, 0x44, 0x00, 0x48, 0x00, 0x52, 0x00, 0xa1,
  0x00, 0xae, 0x00, 0xb3, 0x00, 0xb6, 0x00, 0xc3, 0x00, 0xe7, 0x00, 0xf0,
  0x00, 0x02, 0x00, 0x00, 0x00, 0x00, 0x00, 0x00, 0xff, 0x9c, 0x00, 0x32,
  0x00, 0x00, 0x00, 0x00, 0x00, 0x00, 0x00, 0x00, 0x00, 0x00, 0x00, 0x00,
  0x00, 0x00, 0x00, 0x00, 0x00, 0x00, 0x00, 0x00, 0x01, 0x00, 0x00, 0x00,
  0x01, 0x02, 0x01, 0x03, 0x00, 0x03, 0x00, 0x04, 0x00, 0x05, 0x00, 0x06,
  0x00, 0x07, 0x00, 0x08, 0x00, 0x09, 0x00, 0x0a, 0x00, 0x0b, 0x00, 0x0c,
  0x00, 0x0d, 0x00, 0x0e, 0x00, 0x0f, 0x00, 0x10, 0x00, 0x11, 0x00, 0x12,
  0x00, 0x13, 0x00, 0x14, 0x00, 0x15, 0x00, 0x16, 0x00, 0x17, 0x00, 0x18,
  0x00, 0x19, 0x00, 0x1a, 0x00, 0x1b, 0x00, 0x1c, 0x00, 0x1d, 0x00, 0x1e,
  0x00, 0x1f, 0x00, 0x20, 0x00, 0x21, 0x00, 0x22, 0x00, 0x23, 0x00, 0x24,
  0x00, 0x25, 0x00, 0x26, 0x00, 0x27, 0x00, 0x28, 0x00, 0x29, 0x00, 0x2a,
  0x00, 0x2b, 0x00, 0x2c, 0x00, 0x2d, 0x00, 0x2e, 0x00, 0x2f, 0x00, 0x30,
  0x00, 0x31, 0x00, 0x32, 0x00, 0x33, 0x00, 0x34, 0x00, 0x35, 0x00, 0x36,
  0x00, 0x37, 0x00, 0x38, 0x00, 0x39, 0x00, 0x3a, 0x00, 0x3b, 0x00, 0x3c,
  0x00, 0x3d, 0x00, 0x3e, 0x00, 0x3f, 0x00, 0x40, 0x00, 0x41, 0x00, 0x42,
  0x00, 0x43, 0x00, 0x44, 0x00, 0x45, 0x00, 0x46, 0x00, 0x47, 0x00, 0x48,
  0x00, 0x49, 0x00, 0x4a, 0x00, 0x4b, 0x00, 0x4c, 0x00, 0x4d, 0x00, 0x4e,
  0x00, 0x4f, 0x00, 0x50, 0x00, 0x51, 0x00, 0x52, 0x00, 0x53, 0x00, 0x54,
  0x00, 0x55, 0x00, 0x56, 0x00, 0x57, 0x00, 0x58, 0x00, 0x59, 0x00, 0x5a,
  0x00, 0x5b, 0x00, 0x5c, 0x00, 0x5d, 0x00, 0x5e, 0x00, 0x5f, 0x00, 0x60,
  0x00, 0x61, 0x00, 0x84, 0x00, 0x87, 0x00, 0x8a, 0x00, 0x8b, 0x00, 0x8c,
  0x00, 0x93, 0x00, 0x96, 0x00, 0xab, 0x01, 0x04, 0x00, 0xb2, 0x00, 0xb3,
  0x00, 0xb4, 0x00, 0xb5, 0x00, 0xb6, 0x00, 0xb7, 0x00, 0xb8, 0x00, 0x90,
  0x00, 0xc9, 0x00, 0xc7, 0x00, 0x62, 0x00, 0xad, 0x00, 0x63, 0x00, 0xae,
  0x00, 0x64, 0x00, 0x65, 0x00, 0xc8, 0x00, 0xca, 0x00, 0xcb, 0x00, 0xe9,
  0x01, 0x05, 0x01, 0x06, 0x00, 0xcc, 0x00, 0xcd, 0x00, 0xce, 0x00, 0xcf,
  0x01, 0x07, 0x00, 0x66, 0x01, 0x08, 0x00, 0xb0, 0x00, 0xd0, 0x00, 0xd1,
  0x00, 0x67, 0x00, 0xd3, 0x00, 0x91, 0x00, 0xaf, 0x01, 0x09, 0x00, 0xed,
  0x00, 0xd4, 0x00, 0xd5, 0x00, 0x68, 0x00, 0xd6, 0x01, 0x0a, 0x01, 0x0b,
  0x01, 0x0c, 0x01, 0x0d, 0x01, 0x0e, 0x00, 0xeb, 0x01, 0x0f, 0x00, 0xbb,
  0x01, 0x10, 0x00, 0x69, 0x00, 0x6b, 0x00, 0x8d, 0x01, 0x11, 0x01, 0x12,
  0x00, 0x6c, 0x00, 0xa0, 0x00, 0x6a, 0x00, 0x6e, 0x00, 0x6d, 0x01, 0x13,
  0x00, 0xe8, 0x00, 0x6f, 0x00, 0xde, 0x01, 0x14, 0x00, 0xd8, 0x01, 0x15,
  0x01, 0x16, 0x00, 0xbd, 0x00, 0x83, 0x00, 0x8e, 0x01, 0x17, 0x01, 0x18,
  0x01, 0x19, 0x01, 0x1a, 0x01, 0x1b, 0x01, 0x1c, 0x00, 0x70, 0x00, 0x72,
  0x00, 0x73, 0x00, 0x71, 0x00, 0xea, 0x01, 0x1d, 0x00, 0xa3, 0x01, 0x1e,
  0x00, 0xbc, 0x00, 0x89, 0x01, 0x1f, 0x01, 0x20, 0x00, 0xa9, 0x00, 0xaa,
  0x00, 0xbe, 0x00, 0xbf, 0x00, 0x74, 0x00, 0x76, 0x00, 0x77, 0x00, 0xd7,
  0x00, 0x75, 0x01, 0x21, 0x00, 0xa4, 0x00, 0xda, 0x01, 0x22, 0x00, 0xef,
  0x00, 0xf0, 0x00, 0x78, 0x00, 0x79, 0x00, 0x7b, 0x00, 0x7c, 0x00, 0xb1,
  0x00, 0x7a, 0x00, 0xf4, 0x00, 0xf5, 0x01, 0x23, 0x00, 0x9d, 0x00, 0x9e,
  0x00, 0xa1, 0x00, 0x7d, 0x00, 0x88, 0x00, 0xc3, 0x00, 0xa2, 0x00, 0xc5,
  0x00, 0xc4, 0x00, 0xdd, 0x01, 0x24, 0x01, 0x25, 0x00, 0x86, 0x01, 0x26,
  0x00, 0x85, 0x00, 0xee, 0x00, 0xf6, 0x01, 0x27, 0x00, 0xd9, 0x01, 0x28,
  0x01, 0x29, 0x01, 0x2a, 0x00, 0x7e, 0x00, 0x80, 0x00, 0x81, 0x00, 0x7f,
  0x01, 0x2b, 0x01, 0x2c, 0x01, 0x2d, 0x01, 0x2e, 0x00, 0xec, 0x01, 0x2f,
  0x00, 0xba, 0x01, 0x30, 0x01, 0x31, 0x04, 0x4e, 0x55, 0x4c, 0x4c, 0x02,
  0x43, 0x52, 0x07, 0x75, 0x6e, 0x69, 0x30, 0x30, 0x41, 0x30, 0x06, 0x47,
  0x2e, 0x73, 0x73, 0x30, 0x31, 0x07, 0x75, 0x6e, 0x69, 0x31, 0x45, 0x39,
  0x45, 0x06, 0x4d, 0x2e, 0x73, 0x73, 0x30, 0x31, 0x06, 0x4f, 0x2e, 0x73,
  0x73, 0x30, 0x31, 0x06, 0x54, 0x2e, 0x73, 0x73, 0x30, 0x31, 0x06, 0x57,
  0x2e, 0x73, 0x73, 0x30, 0x31, 0x06, 0x57, 0x61, 0x63, 0x75, 0x74, 0x65,
  0x0b, 0x57, 0x63, 0x69, 0x72, 0x63, 0x75, 0x6d, 0x66, 0x6c, 0x65, 0x78,
  0x09, 0x57, 0x64, 0x69, 0x65, 0x72, 0x65, 0x73, 0x69, 0x73, 0x06, 0x57,
  0x67, 0x72, 0x61, 0x76, 0x65, 0x0b, 0x59, 0x63, 0x69, 0x72, 0x63, 0x75,
  0x6d, 0x66, 0x6c, 0x65, 0x78, 0x06, 0x59, 0x67, 0x72, 0x61, 0x76, 0x65,
  0x09, 0x61, 0x63, 0x75, 0x74, 0x65, 0x63, 0x6f, 0x6d, 0x62, 0x0e, 0x61,
  0x63, 0x75, 0x74, 0x65, 0x63, 0x6f, 0x6d, 0x62, 0x2e, 0x63, 0x61, 0x73,
  0x65, 0x09, 0x62, 0x65, 0x6c, 0x6c, 0x79, 0x63, 0x6f, 0x6d, 0x62, 0x07,
  0x75, 0x6e, 0x69, 0x30, 0x33, 0x32, 0x37, 0x07, 0x75, 0x6e, 0x69, 0x30,
  0x33, 0x30, 0x32, 0x0c, 0x75, 0x6e, 0x69, 0x30, 0x33, 0x30, 0x32, 0x2e,
  0x63, 0x61, 0x73, 0x65, 0x07, 0x75, 0x6e, 0x69, 0x30, 0x33, 0x30, 0x38,
  0x0c, 0x75, 0x6e, 0x69, 0x30, 0x33, 0x30, 0x38, 0x2e, 0x63, 0x61, 0x73,
  0x65, 0x07, 0x75, 0x6e, 0x69, 0x32, 0x32, 0x31, 0x35, 0x07, 0x75, 0x6e,
  0x69, 0x30, 0x33, 0x30, 0x37, 0x0c, 0x75, 0x6e, 0x69, 0x30, 0x33, 0x30,
  0x37, 0x2e, 0x63, 0x61, 0x73, 0x65, 0x06, 0x65, 0x2e, 0x73, 0x73, 0x30,
  0x31, 0x04, 0x45, 0x75, 0x72, 0x6f, 0x07, 0x75, 0x6e, 0x69, 0x32, 0x30,
  0x37, 0x34, 0x09, 0x67, 0x72, 0x61, 0x76, 0x65, 0x63, 0x6f, 0x6d, 0x62,
  0x0e, 0x67, 0x72, 0x61, 0x76, 0x65, 0x63, 0x6f, 0x6d, 0x62, 0x2e, 0x63,
  0x61, 0x73, 0x65, 0x07, 0x75, 0x6e, 0x69, 0x30, 0x32, 0x33, 0x37, 0x07,
  0x75, 0x6e, 0x69, 0x30, 0x30, 0x42, 0x35, 0x07, 0x75, 0x6e, 0x69, 0x30,
  0x30, 0x42, 0x39, 0x07, 0x75, 0x6e, 0x69, 0x30, 0x33, 0x30, 0x41, 0x0c,
  0x75, 0x6e, 0x69, 0x30, 0x33, 0x30, 0x41, 0x2e, 0x63, 0x61, 0x73, 0x65,
  0x07, 0x75, 0x6e, 0x69, 0x30, 0x30, 0x41, 0x44, 0x07, 0x75, 0x6e, 0x69,
  0x30, 0x30, 0x42, 0x33, 0x09, 0x74, 0x69, 0x6c, 0x64, 0x65, 0x63, 0x6f,
  0x6d, 0x62, 0x0e, 0x74, 0x69, 0x6c, 0x64, 0x65, 0x63, 0x6f, 0x6d, 0x62,
  0x2e, 0x63, 0x61, 0x73, 0x65, 0x07, 0x75, 0x6e, 0x69, 0x30, 0x30, 0x42,
  0x32, 0x06, 0x77, 0x61, 0x63, 0x75, 0x74, 0x65, 0x0b, 0x77, 0x63, 0x69,
  0x72, 0x63, 0x75, 0x6d, 0x66, 0x6c, 0x65, 0x78, 0x09, 0x77, 0x64, 0x69,
  0x65, 0x72, 0x65, 0x73, 0x69, 0x73, 0x06, 0x77, 0x67, 0x72, 0x61, 0x76,
  0x65, 0x0b, 0x79, 0x63, 0x69, 0x72, 0x63, 0x75, 0x6d, 0x66, 0x6c, 0x65,
  0x78, 0x06, 0x79, 0x67, 0x72, 0x61, 0x76, 0x65, 0x09, 0x7a, 0x65, 0x72,
  0x6f, 0x2e, 0x73, 0x73, 0x30, 0x31, 0x00, 0x00, 0x00, 0x00, 0x00, 0x0d,
  0x00, 0xa2, 0x00, 0x03, 0x00, 0x01, 0x04, 0x09, 0x00, 0x00, 0x00, 0xa2,
  0x02, 0x9e, 0x00, 0x03, 0x00, 0x01, 0x04, 0x09, 0x00, 0x01, 0x00, 0x10,
  0x02, 0x8e, 0x00, 0x03, 0x00, 0x01, 0x04, 0x09, 0x00, 0x02, 0x00, 0x0e,
  0x02, 0x80, 0x00, 0x03, 0x00, 0x01, 0x04, 0x09, 0x00, 0x03, 0x00, 0x34,
  0x02, 0x4c, 0x00, 0x03, 0x00, 0x01, 0x04, 0x09, 0x00, 0x04, 0x00, 0x20,
  0x02, 0x2c, 0x00, 0x03, 0x00, 0x01, 0x04, 0x09, 0x00, 0x05, 0x00, 0x46,
  0x01, 0xe6, 0x00, 0x03, 0x00, 0x01, 0x04, 0x09, 0x00, 0x06, 0x00, 0x1e,
  0x01, 0xc8, 0x00, 0x03, 0x00, 0x01, 0x04, 0x09, 0x00, 0x08, 0x00, 0x22,
  0x01, 0xa6, 0x00, 0x03, 0x00, 0x01, 0x04, 0x09, 0x00, 0x09, 0x00, 0x20,
  0x01, 0x86, 0x00, 0x03, 0x00, 0x01, 0x04, 0x09, 0x00, 0x0b, 0x00, 0x2e,
  0x01, 0x58, 0x00, 0x03, 0x00, 0x01, 0x04, 0x09, 0x00, 0x0c, 0x00, 0x2e,
  0x01, 0x58, 0x00, 0x03, 0x00, 0x01, 0x04, 0x09, 0x00, 0x0d, 0x01, 0x22,
  0x00, 0x36, 0x00, 0x03, 0x00, 0x01, 0x04, 0x09, 0x00, 0x0e, 0x00, 0x36,
  0x00, 0x00, 0x00, 0x68, 0x00, 0x74, 0x00, 0x74, 0x00, 0x70, 0x00, 0x73,
  0x00, 0x3a, 0x00, 0x2f, 0x00, 0x2f, 0x00, 0x73, 0x00, 0x63, 0x00, 0x72,
  0x00, 0x69, 0x00, 0x70, 0x00, 0x74, 0x00, 0x73, 0x00, 0x2e, 0x00, 0x73,
  0x00, 0x69, 0x00, 0x6c, 0x00, 0x2e, 0x00, 0x6f, 0x00, 0x72, 0x00, 0x67,
  0x00, 0x2f, 0x00, 0x4f, 0x00, 0x46, 0x00, 0x4c, 0x00, 0x54, 0x00, 0x68,
  0x00, 0x69, 0x00, 0x73, 0x00, 0x20, 0x00, 0x46, 0x00, 0x6f, 0x00, 0x6e,
  0x00, 0x74, 0x00, 0x20, 0x00, 0x53, 0x00, 0x6f, 0x00, 0x66, 0x00, 0x74,
  0x00, 0x77, 0x00, 0x61, 0x00, 0x72, 0x00, 0x65, 0x00, 0x20, 0x00, 0x69,
  0x00, 0x73, 0x00, 0x20, 0x00, 0x6c, 0x00, 0x69, 0x00, 0x63, 0x00, 0x65,
  0x00, 0x6e, 0x00, 0x73, 0x00, 0x65, 0x00, 0x64, 0x00, 0x20, 0x00, 0x75,
  0x00, 0x6e, 0x00, 0x64, 0x00, 0x65, 0x00, 0x72, 0x00, 0x20, 0x00, 0x74,
  0x00, 0x68, 0x00, 0x65, 0x00, 0x20, 0x00, 0x53, 0x00, 0x49, 0x00, 0x4c,
  0x00, 0x20, 0x00, 0x4f, 0x00, 0x70, 0x00, 0x65, 0x00, 0x6e, 0x00, 0x20,
  0x00, 0x46, 0x00, 0x6f, 0x00, 0x6e, 0x00, 0x74, 0x00, 0x20, 0x00, 0x4c,
  0x00, 0x69, 0x00, 0x63, 0x00, 0x65, 0x00, 0x6e, 0x00, 0x73, 0x00, 0x65,
  0x00, 0x2c, 0x00, 0x20, 0x00, 0x56, 0x00, 0x65, 0x00, 0x72, 0x00, 0x73,
  0x00, 0x69, 0x00, 0x6f, 0x00, 0x6e, 0x00, 0x20, 0x00, 0x31, 0x00, 0x2e,
  0x00, 0x31, 0x00, 0x2e, 0x00, 0x20, 0x00, 0x54, 0x00, 0x68, 0x00, 0x69,
  0x00, 0x73, 0x00, 0x20, 0x00, 0x6c, 0x00, 0x69, 0x00, 0x63, 0x00, 0x65,
  0x00, 0x6e, 0x00, 0x73, 0x00, 0x65, 0x00, 0x20, 0x00, 0x69, 0x00, 0x73,
  0x00, 0x20, 0x00, 0x61, 0x00, 0x76, 0x00, 0x61, 0x00, 0x69, 0x00, 0x6c,
  0x00, 0x61, 0x00, 0x62, 0x00, 0x6c, 0x00, 0x65, 0x00, 0x20, 0x00, 0x77,
  0x00, 0x69, 0x00, 0x74, 0x00, 0x68, 0x00, 0x20, 0x00, 0x61, 0x00, 0x20,
  0x00, 0x46, 0x00, 0x41, 0x00, 0x51, 0x00, 0x20, 0x00, 0x61, 0x00, 0x74,
  0x00, 0x3a, 0x00, 0x20, 0x00, 0x68, 0x00, 0x74, 0x00, 0x74, 0x00, 0x70,
  0x00, 0x73, 0x00, 0x3a, 0x00, 0x2f, 0x00, 0x2f, 0x00, 0x73, 0x00, 0x63,
  0x00, 0x72, 0x00, 0x69, 0x00, 0x70, 0x00, 0x74, 0x00, 0x73, 0x00, 0x2e,
  0x00, 0x73, 0x00, 0x69, 0x00, 0x6c, 0x00, 0x2e, 0x00, 0x6f, 0x00, 0x72,
  0x00, 0x67, 0x00, 0x2f, 0x00, 0x4f, 0x00, 0x46, 0x00, 0x4c, 0x00, 0x68,
  0x00, 0x74, 0x00, 0x74, 0x00, 0x70, 0x00, 0x73, 0x00, 0x3a, 0x00, 0x2f,
  0x00, 0x2f, 0x00, 0x77, 0x00, 0x77, 0x00, 0x77, 0x00, 0x2e, 0x00, 0x7a,
  0x00, 0x65, 0x00, 0x6e, 0x00, 0x66, 0x00, 0x6f, 0x00, 0x6e, 0x00, 0x74,
  0x00, 0x2e, 0x00, 0x6a, 0x00, 0x70, 0x00, 0x2f, 0x00, 0x59, 0x00, 0x6f,
  0x00, 0x73, 0x00, 0x68, 0x00, 0x69, 0x00, 0x6d, 0x00, 0x69, 0x00, 0x63,
  0x00, 0x68, 0x00, 0x69, 0x00, 0x20, 0x00, 0x4f, 0x00, 0x68, 0x00, 0x69,
  0x00, 0x72, 0x00, 0x61, 0x00, 0x41, 0x00, 0x2d, 0x00, 0x31, 0x00, 0x20,
  0x00, 0x43, 0x00, 0x6f, 0x00, 0x72, 0x00, 0x70, 0x00, 0x20, 0x00, 0x5a,
  0x00, 0x65, 0x00, 0x6e, 0x00, 0x46, 0x00, 0x6f, 0x00, 0x6e, 0x00, 0x74,
  0x00, 0x73, 0x00, 0x5a, 0x00, 0x65, 0x00, 0x6e, 0x00, 0x44, 0x00, 0x6f,
  0x00, 0x74, 0x00, 0x73, 0x00, 0x2d, 0x00, 0x52, 0x00, 0x65, 0x00, 0x67,
  0x00, 0x75, 0x00, 0x6c, 0x00, 0x61, 0x00, 0x72, 0x00, 0x56, 0x00, 0x65,
  0x00, 0x72, 0x00, 0x73, 0x00, 0x69, 0x00, 0x6f, 0x00, 0x6e, 0x00, 0x20,
  0x00, 0x31, 0x00, 0x2e, 0x00, 0x30, 0x00, 0x30, 0x00, 0x30, 0x00, 0x3b,
  0x00, 0x20, 0x00, 0x74, 0x00, 0x74, 0x00, 0x66, 0x00, 0x61, 0x00, 0x75,
  0x00, 0x74, 0x00, 0x6f, 0x00, 0x68, 0x00, 0x69, 0x00, 0x6e, 0x00, 0x74,
  0x00, 0x20, 0x00, 0x28, 0x00, 0x76, 0x00, 0x31, 0x00, 0x2e, 0x00, 0x38,
  0x00, 0x2e, 0x00, 0x33, 0x00, 0x29, 0x00, 0x5a, 0x00, 0x65, 0x00, 0x6e,
  0x00, 0x20, 0x00, 0x44, 0x00, 0x6f, 0x00, 0x74, 0x00, 0x73, 0x00, 0x20,
  0x00, 0x52, 0x00, 0x65, 0x00, 0x67, 0x00, 0x75, 0x00, 0x6c, 0x00, 0x61,
  0x00, 0x72, 0x00, 0x31, 0x00, 0x2e, 0x00, 0x30, 0x00, 0x30, 0x00, 0x30,
  0x00, 0x3b, 0x00, 0x4e, 0x00, 0x4f, 0x00, 0x4e, 0x00, 0x45, 0x00, 0x3b,
  0x00, 0x5a, 0x00, 0x65, 0x00, 0x6e, 0x00, 0x44, 0x00, 0x6f, 0x00, 0x74,
  0x00, 0x73, 0x00, 0x2d, 0x00, 0x52, 0x00, 0x65, 0x00, 0x67, 0x00, 0x75,
  0x00, 0x6c, 0x00, 0x61, 0x00, 0x72, 0x00, 0x52, 0x00, 0x65, 0x00, 0x67,
  0x00, 0x75, 0x00, 0x6c, 0x00, 0x61, 0x00, 0x72, 0x00, 0x5a, 0x00, 0x65,
  0x00, 0x6e, 0x00, 0x20, 0x00, 0x44, 0x00, 0x6f, 0x00, 0x74, 0x00, 0x73,
  0x00, 0x43, 0x00, 0x6f, 0x00, 0x70, 0x00, 0x79, 0x00, 0x72, 0x00, 0x69,
  0x00, 0x67, 0x00, 0x68, 0x00, 0x74, 0x00, 0x20, 0x00, 0x32, 0x00, 0x30,
  0x00, 0x32, 0x00, 0x31, 0x00, 0x20, 0x00, 0x54, 0x00, 0x68, 0x00, 0x65,
  0x00, 0x20, 0x00, 0x44, 0x00, 0x6f, 0x00, 0x74, 0x00, 0x73, 0x00, 0x20,
  0x00, 0x50, 0x00, 0x72, 0x00, 0x6f, 0x00, 0x6a, 0x00, 0x65, 0x00, 0x63,
  0x00, 0x74, 0x00, 0x20, 0x00, 0x41, 0x00, 0x75, 0x00, 0x74, 0x00, 0x68,
  0x00, 0x6f, 0x00, 0x72, 0x00, 0x73, 0x00, 0x20, 0x00, 0x28, 0x00, 0x68,
  0x00, 0x74, 0x00, 0x74, 0x00, 0x70, 0x00, 0x73, 0x00, 0x3a, 0x00, 0x2f,
  0x00, 0x2f, 0x00, 0x67, 0x00, 0x69, 0x00, 0x74, 0x00, 0x68, 0x00, 0x75,
  0x00, 0x62, 0x00, 0x2e, 0x00, 0x63, 0x00, 0x6f, 0x00, 0x6d, 0x00, 0x2f,
  0x00, 0x67, 0x00, 0x6f, 0x00, 0x6f, 0x00, 0x67, 0x00, 0x6c, 0x00, 0x65,
  0x00, 0x66, 0x00, 0x6f, 0x00, 0x6e, 0x00, 0x74, 0x00, 0x73, 0x00, 0x2f,
  0x00, 0x7a, 0x00, 0x65, 0x00, 0x6e, 0x00, 0x2d, 0x00, 0x64, 0x00, 0x6f,
  0x00, 0x74, 0x00, 0x73, 0x00, 0x29, 0x00, 0x00, 0x01, 0xf4, 0x00, 0x32,
  0x02, 0x58, 0x00, 0x00, 0x02, 0x58, 0x00, 0x00, 0x01, 0x5e, 0x00, 0x00,
  0x01, 0x2c, 0x00, 0x46, 0x01, 0xae, 0x00, 0x3c, 0x03, 0x3a, 0x00, 0x28,
  0x02, 0xe9, 0x00, 0x1e, 0x04, 0x29, 0x00, 0x1e, 0x04, 0x04, 0x00, 0x1e,
  0x00, 0xf0, 0x00, 0x3c, 0x01, 0x8d, 0x00, 0x50, 0x01, 0x8d, 0x00, 0x14,
  0x02, 0x15, 0x00, 0x28, 0x02, 0x96, 0x00, 0x28, 0x01, 0x1c, 0x00, 0x3c,
  0x01, 0x82, 0x00, 0x28, 0x01, 0x1a, 0x00, 0x3c, 0x02, 0x61, 0x00, 0x05,
  0x04, 0x02, 0x00, 0x28, 0x01, 0xbf, 0x00, 0x0a, 0x03, 0x5a, 0x00, 0x1e,
  0x03, 0x5a, 0x00, 0x1e, 0x03, 0xc5, 0x00, 0x28, 0x03, 0x71, 0x00, 0x46,
  0x03, 0xb0, 0x00, 0x28, 0x03, 0x5c, 0x00, 0x23, 0x03, 0xf4, 0x00, 0x46,
  0x03, 0xb0, 0x00, 0x1e, 0x01, 0x1a, 0x00, 0x3c, 0x01, 0x1c, 0x00, 0x3c,
  0x02, 0xf5, 0x00, 0x28, 0x02, 0x96, 0x00, 0x28, 0x02, 0xf5, 0x00, 0x28,
  0x02, 0xcb, 0x00, 0x46, 0x04, 0x9f, 0x00, 0x1e, 0x03, 0x8f, 0x00, 0x0a,
  0x03, 0xc6, 0x00, 0x46, 0x03, 0x46, 0x00, 0x1e, 0x03, 0xb2, 0x00, 0x46,
  0x03, 0x7e, 0x00, 0x46, 0x03, 0x6a, 0x00, 0x46, 0x03, 0x9f, 0x00, 0x1e,
  0x03, 0xc4, 0x00, 0x46, 0x01, 0x2c, 0x00, 0x46, 0x03, 0x11, 0x00, 0x16,
  0x03, 0x90, 0x00, 0x46, 0x03, 0x0f, 0x00, 0x46, 0x04, 0x33, 0x00, 0x46,
  0x03, 0xc8, 0x00, 0x46, 0x04, 0x20, 0x00, 0x1e, 0x03, 0xa5, 0x00, 0x46,
  0x04, 0x20, 0x00, 0x1e, 0x03, 0xb9, 0x00, 0x46, 0x03, 0x87, 0x00, 0x1e,
  0x03, 0xca, 0x00, 0x2d, 0x03, 0xc5, 0x00, 0x46, 0x03, 0x7b, 0x00, 0x00,
  0x04, 0x47, 0x00, 0x32, 0x03, 0xa4, 0x00, 0x0a, 0x03, 0x95, 0x00, 0x00,
  0x03, 0x3d, 0x00, 0x1e, 0x01, 0x60, 0x00, 0x46, 0x02, 0x61, 0x00, 0x05,
  0x01, 0x60, 0x00, 0x0a, 0x02, 0xbd, 0x00, 0x14, 0x02, 0xb8, 0x00, 0x28,
  0x01, 0xdd, 0x00, 0x3c, 0x03, 0x08, 0x00, 0x19, 0x02, 0xe8, 0x00, 0x37,
  0x02, 0xac, 0x00, 0x23, 0x02, 0xe8, 0x00, 0x23, 0x03, 0x11, 0x00, 0x23,
  0x02, 0x36, 0x00, 0x14, 0x02, 0xe3, 0x00, 0x23, 0x02, 0xd3, 0x00, 0x37,
  0x00, 0xff, 0x00, 0x36, 0x00, 0xf7, 0x00, 0x32, 0x02, 0xfc, 0x00, 0x37,
  0x00, 0xff, 0x00, 0x37, 0x03, 0xae, 0x00, 0x37, 0x02, 0xd3, 0x00, 0x37,
  0x03, 0x37, 0x00, 0x23, 0x02, 0xe8, 0x00, 0x37, 0x02, 0xe8, 0x00, 0x23,
  0x02, 0x83, 0x00, 0x37, 0x02, 0xe9, 0x00, 0x1e, 0x02, 0x31, 0x00, 0x05,
  0x02, 0xce, 0x00, 0x32, 0x02, 0xc6, 0x00, 0x0a, 0x03, 0x6b, 0x00, 0x1e,
  0x02, 0xdb, 0x00, 0x0a, 0x02, 0xdd, 0x00, 0x37, 0x02, 0xba, 0x00, 0x28,
  0x01, 0xc5, 0x00, 0x28, 0x01, 0x04, 0x00, 0x46, 0x01, 0xc5, 0x00, 0x0a,
  0x02, 0x96, 0x00, 0x28, 0x02, 0xac, 0x00, 0x23, 0x01, 0xf1, 0x00, 0x46,
  0x03, 0x7e, 0x00, 0x1e, 0x03, 0x7e, 0x00, 0x1e, 0x04, 0xde, 0x00, 0x3c,
  0x02, 0x96, 0x00, 0x28, 0x03, 0x95, 0x00, 0x00, 0x03, 0x9a, 0x00, 0x3c,
  0x01, 0x5e, 0x00, 0x00, 0x02, 0x6a, 0x00, 0x00, 0x03, 0x46, 0x00, 0x00,
  0x01, 0xec, 0x00, 0x3c, 0x01, 0xec, 0x00, 0x28, 0x01, 0x06, 0x00, 0x3c,
  0x01, 0x06, 0x00, 0x28, 0x02, 0x96, 0x00, 0x28, 0x05, 0xa5, 0x00, 0x0a,
  0x03, 0x8f, 0x00, 0x0a, 0x03, 0x8f, 0x00, 0x0a, 0x03, 0x8f, 0x00, 0x0a,
  0x03, 0x8f, 0x00, 0x0a, 0x03, 0x8f, 0x00, 0x0a, 0x03, 0x8f, 0x00, 0x0a,
  0x03, 0x46, 0x00, 0x1e, 0x03, 0x7e, 0x00, 0x46, 0x03, 0x7e, 0x00, 0x46,
  0x03, 0x7e, 0x00, 0x46, 0x03, 0x7e, 0x00, 0x46, 0x03, 0xd5, 0x00, 0x05,
  0x03, 0x9f, 0x00, 0x1e, 0x03, 0xc8, 0x00, 0x46, 0x01, 0x2c, 0x00, 0x44,
  0x01, 0x2c, 0xff, 0x62, 0x01, 0x2c, 0xff, 0x8e, 0x01, 0x2c, 0xff, 0x4a,
  0x04, 0x3c, 0x00, 0x46, 0x03, 0xc8, 0x00, 0x46, 0x04, 0x20, 0x00, 0x1e,
  0x05, 0xa0, 0x00, 0x1e, 0x04, 0x20, 0x00, 0x1e, 0x04, 0x20, 0x00, 0x1e,
  0x04, 0x20, 0x00, 0x1e, 0x04, 0x20, 0x00, 0x1e, 0x04, 0x20, 0x00, 0x1e,
  0x04, 0x20, 0x00, 0x1e, 0x03, 0xa2, 0x00, 0x2d, 0x03, 0xa5, 0x00, 0x46,
  0x03, 0xc5, 0x00, 0x46, 0x03, 0xc5, 0x00, 0x46, 0x03, 0xc5, 0x00, 0x46,
  0x03, 0xc5, 0x00, 0x46, 0x04, 0x8c, 0x00, 0x32, 0x04, 0x47, 0x00, 0x32,
  0x04, 0x47, 0x00, 0x32, 0x04, 0x47, 0x00, 0x32, 0x04, 0x47, 0x00, 0x32,
  0x03, 0x95, 0x00, 0x00, 0x03, 0x95, 0x00, 0x00, 0x03, 0x95, 0x00, 0x00,
  0x03, 0x95, 0x00, 0x00, 0x03, 0x08, 0x00, 0x19, 0x03, 0x08, 0x00, 0x19,
  0x01, 0xdd, 0x00, 0x3c, 0x00, 0x00, 0x00, 0x3c, 0x00, 0x00, 0x00, 0x3c,
  0x03, 0x08, 0x00, 0x19, 0x05, 0x3c, 0x00, 0x19, 0x03, 0x08, 0x00, 0x19,
  0x03, 0x08, 0x00, 0x19, 0x03, 0x08, 0x00, 0x19, 0x02, 0xe8, 0x00, 0x50,
  0x01, 0x04, 0x00, 0x46, 0x02, 0xac, 0x00, 0x23, 0x01, 0x62, 0x00, 0x3c,
  0x00, 0x00, 0x00, 0x3c, 0x02, 0x8f, 0x00, 0x3c, 0x00, 0x00, 0x00, 0x3c,
  0x00, 0x00, 0x00, 0x3c, 0x02, 0xd7, 0x00, 0x1e, 0x01, 0xc8, 0x00, 0x28,
  0x02, 0x41, 0x00, 0x3c, 0x00, 0x00, 0x00, 0x3c, 0x00, 0x00, 0x00, 0x3c,
  0x01, 0xf2, 0x00, 0x05, 0x00, 0x00, 0x00, 0x3c, 0x00, 0x00, 0x00, 0x3c,
  0x03, 0x1b, 0x00, 0x23, 0x03, 0x11, 0x00, 0x23, 0x03, 0x11, 0x00, 0x23,
  0x03, 0x11, 0x00, 0x23, 0x03, 0x11, 0x00, 0x23, 0x03, 0x3d, 0x00, 0x23,
  0x03, 0x34, 0x00, 0x00, 0x01, 0x04, 0x00, 0x1e, 0x02, 0x2d, 0x00, 0x0a,
  0x03, 0x8b, 0x00, 0x00, 0x03, 0x58, 0x00, 0x46, 0x00, 0x00, 0x00, 0x3c,
  0x00, 0x00, 0x00, 0x3c, 0x02, 0x91, 0x00, 0x28, 0x02, 0x91, 0x00, 0x28,
  0x01, 0x65, 0x00, 0x28, 0x01, 0x65, 0x00, 0x28, 0x00, 0xff, 0x00, 0x37,
  0x00, 0xff, 0xff, 0x74, 0x00, 0xff, 0xff, 0x9b, 0x00, 0xff, 0x00, 0x37,
  0x00, 0xff, 0xff, 0x63, 0x00, 0xf7, 0x00, 0x33, 0x02, 0xb4, 0x00, 0x28,
  0x02, 0x1f, 0x00, 0x28, 0x02, 0xd3, 0x00, 0x37, 0x02, 0x96, 0x00, 0x28,
  0x02, 0x44, 0x00, 0x28, 0x02, 0xd3, 0x00, 0x37, 0x03, 0x37, 0x00, 0x23,
  0x03, 0x37, 0x00, 0x23, 0x03, 0x37, 0x00, 0x23, 0x05, 0x6c, 0x00, 0x23,
  0x03, 0x37, 0x00, 0x23, 0x04, 0x45, 0x00, 0x46, 0x04, 0x3b, 0x00, 0x46,
  0x01, 0xe7, 0x00, 0x2d, 0x02, 0x8b, 0x00, 0x28, 0x02, 0xaf, 0x00, 0x28,
  0x03, 0x38, 0x00, 0x23, 0x03, 0x37, 0x00, 0x23, 0x03, 0x45, 0x00, 0x1e,
  0x01, 0x1a, 0x00, 0x3c, 0x02, 0xdf, 0x00, 0x32, 0x01, 0xec, 0x00, 0x28,
  0x01, 0x06, 0x00, 0x28, 0x01, 0xce, 0x00, 0x3c, 0x00, 0x00, 0x00, 0x3c,
  0x00, 0x00, 0x00, 0x3c, 0x03, 0x87, 0x00, 0x1e, 0x01, 0x82, 0x00, 0x28,
  0x02, 0xf4, 0x00, 0x1e, 0x02, 0xe8, 0x00, 0x37, 0x04, 0x72, 0x00, 0x3c,
  0x02, 0x0a, 0x00, 0x14, 0x02, 0x85, 0x00, 0x3c, 0x00, 0x00, 0x00, 0x3c,
  0x00, 0x00, 0x00, 0x3c, 0x02, 0x14, 0x00, 0x1e, 0x02, 0xce, 0x00, 0x32,
  0x02, 0xce, 0x00, 0x32, 0x02, 0xce, 0x00, 0x32, 0x02, 0xce, 0x00, 0x32,
  0x03, 0x6b, 0x00, 0x1e, 0x03, 0x6b, 0x00, 0x1e, 0x03, 0x6b, 0x00, 0x1e,
  0x03, 0x6b, 0x00, 0x1e, 0x02, 0xdd, 0x00, 0x37, 0x02, 0xdd, 0x00, 0x37,
  0x02, 0xdd, 0x00, 0x37, 0x02, 0xdd, 0x00, 0x37, 0x04, 0x02, 0x00, 0x28,
  0xb0, 0x00, 0x2c, 0x20, 0xb0, 0x00, 0x55, 0x58, 0x45, 0x59, 0x20, 0x20,
  0x4b, 0xb8, 0x00, 0x0e, 0x51, 0x4b, 0xb0, 0x06, 0x53, 0x5a, 0x58, 0xb0,
  0x34, 0x1b, 0xb0, 0x28, 0x59, 0x60, 0x66, 0x20, 0x8a, 0x55, 0x58, 0xb0,
  0x02, 0x25, 0x61, 0xb9, 0x08, 0x00, 0x08, 0x00, 0x63, 0x63, 0x23, 0x62,
  0x1b, 0x21, 0x21, 0xb0, 0x00, 0x59, 0xb0, 0x00, 0x43, 0x23, 0x44, 0xb2,
  0x00, 0x01, 0x00, 0x43, 0x60, 0x42, 0x2d, 0xb0, 0x01, 0x2c, 0xb0, 0x20,
  0x60, 0x66, 0x2d, 0xb0, 0x02, 0x2c, 0x23, 0x21, 0x23, 0x21, 0x2d, 0xb0,
  0x03, 0x2c, 0x20, 0x64, 0xb3, 0x03, 0x14, 0x15, 0x00, 0x42, 0x43, 0xb0,
  0x13, 0x43, 0x20, 0x60, 0x60, 0x42, 0xb1, 0x02, 0x14, 0x43, 0x42, 0xb1,
  0x25, 0x03, 0x43, 0xb0, 0x02, 0x43, 0x54, 0x78, 0x20, 0xb0, 0x0c, 0x23,
  0xb0, 0x02, 0x43, 0x43, 0x61, 0x64, 0xb0, 0x04, 0x50, 0x78, 0xb2, 0x02,
  0x02, 0x02, 0x43, 0x60, 0x42, 0xb0, 0x21, 0x65, 0x1c, 0x21, 0xb0, 0x02,
  0x43, 0x43, 0xb2, 0x0e, 0x15, 0x01, 0x42, 0x1c, 0x20, 0xb0, 0x02, 0x43,
  0x23, 0x42, 0xb2, 0x13, 0x01, 0x13, 0x43, 0x60, 0x42, 0x23, 0xb0, 0x00,
  0x50, 0x58, 0x65, 0x59, 0xb2, 0x16, 0x01, 0x02, 0x43, 0x60, 0x42, 0x2d,
  0xb0, 0x04, 0x2c, 0xb0, 0x03, 0x2b, 0xb0, 0x15, 0x43, 0x58, 0x23, 0x21,
  0x23, 0x21, 0xb0, 0x16, 0x43, 0x43, 0x23, 0xb0, 0x00, 0x50, 0x58, 0x65,
  0x59, 0x1b, 0x20, 0x64, 0x20, 0xb0, 0xc0, 0x50, 0xb0, 0x04, 0x26, 0x5a,
  0xb2, 0x28, 0x01, 0x0d, 0x43, 0x45, 0x63, 0x45, 0xb0, 0x06, 0x45, 0x58,
  0x21, 0xb0, 0x03, 0x25, 0x59, 0x52, 0x5b, 0x58, 0x21, 0x23, 0x21, 0x1b,
  0x8a, 0x58, 0x20, 0xb0, 0x50, 0x50, 0x58, 0x21, 0xb0, 0x40, 0x59, 0x1b,
  0x20, 0xb0, 0x38, 0x50, 0x58, 0x21, 0xb0, 0x38, 0x59, 0x59, 0x20, 0xb1,
  0x01, 0x0d, 0x43, 0x45, 0x63, 0x45, 0x61, 0x64, 0xb0, 0x28, 0x50, 0x58,
  0x21, 0xb1, 0x01, 0x0d, 0x43, 0x45, 0x63, 0x45, 0x20, 0xb0, 0x30, 0x50,
  0x58, 0x21, 0xb0, 0x30, 0x59, 0x1b, 0x20, 0xb0, 0xc0, 0x50, 0x58, 0x20,
  0x66, 0x20, 0x8a, 0x8a, 0x61, 0x20, 0xb0, 0x0a, 0x50, 0x58, 0x60, 0x1b,
  0x20, 0xb0, 0x20, 0x50, 0x58, 0x21, 0xb0, 0x0a, 0x60, 0x1b, 0x20, 0xb0,
  0x36, 0x50, 0x58, 0x21, 0xb0, 0x36, 0x60, 0x1b, 0x60, 0x59, 0x59, 0x59,
  0x1b, 0xb0, 0x02, 0x25, 0xb0, 0x0c, 0x43, 0x63, 0xb0, 0x00, 0x52, 0x58,
  0xb0, 0x00, 0x4b, 0xb0, 0x0a, 0x50, 0x58, 0x21, 0xb0, 0x0c, 0x43, 0x1b,
  0x4b, 0xb0, 0x1e, 0x50, 0x58, 0x21, 0xb0, 0x1e, 0x4b, 0x61, 0xb8, 0x10,
  0x00, 0x63, 0xb0, 0x0c, 0x43, 0x63, 0xb8, 0x05, 0x00, 0x62, 0x59, 0x59,
  0x64, 0x61, 0x59, 0xb0, 0x01, 0x2b, 0x59, 0x59, 0x23, 0xb0, 0x00, 0x50,
  0x58, 0x65, 0x59, 0x59, 0x20, 0x64, 0xb0, 0x16, 0x43, 0x23, 0x42, 0x59,
  0x2d, 0xb0, 0x05, 0x2c, 0x20, 0x45, 0x20, 0xb0, 0x04, 0x25, 0x61, 0x64,
  0x20, 0xb0, 0x07, 0x43, 0x50, 0x58, 0xb0, 0x07, 0x23, 0x42, 0xb0, 0x08,
  0x23, 0x42, 0x1b, 0x21, 0x21, 0x59, 0xb0, 0x01, 0x60, 0x2d, 0xb0, 0x06,
  0x2c, 0x23, 0x21, 0x23, 0x21, 0xb0, 0x03, 0x2b, 0x20, 0x64, 0xb1, 0x07,
  0x62, 0x42, 0x20, 0xb0, 0x08, 0x23, 0x42, 0xb0, 0x06, 0x45, 0x58, 0x1b,
  0xb1, 0x01, 0x0d, 0x43, 0x45, 0x63, 0xb1, 0x01, 0x0d, 0x43, 0xb0, 0x02,
  0x60, 0x45, 0x63, 0xb0, 0x05, 0x2a, 0x21, 0x20, 0xb0, 0x08, 0x43, 0x20,
  0x8a, 0x20, 0x8a, 0xb0, 0x01, 0x2b, 0xb1, 0x30, 0x05, 0x25, 0xb0, 0x04,
  0x26, 0x51, 0x58, 0x60, 0x50, 0x1b, 0x61, 0x52, 0x59, 0x58, 0x23, 0x59,
  0x21, 0x59, 0x20, 0xb0, 0x40, 0x53, 0x58, 0xb0, 0x01, 0x2b, 0x1b, 0x21,
  0xb0, 0x40, 0x59, 0x23, 0xb0, 0x00, 0x50, 0x58, 0x65, 0x59, 0x2d, 0xb0,
  0x07, 0x2c, 0xb0, 0x09, 0x43, 0x2b, 0xb2, 0x00, 0x02, 0x00, 0x43, 0x60,
  0x42, 0x2d, 0xb0, 0x08, 0x2c, 0xb0, 0x09, 0x23, 0x42, 0x23, 0x20, 0xb0,
  0x00, 0x23, 0x42, 0x61, 0xb0, 0x02, 0x62, 0x66, 0xb0, 0x01, 0x63, 0xb0,
  0x01, 0x60, 0xb0, 0x07, 0x2a, 0x2d, 0xb0, 0x09, 0x2c, 0x20, 0x20, 0x45,
  0x20, 0xb0, 0x0e, 0x43, 0x63, 0xb8, 0x04, 0x00, 0x62, 0x20, 0xb0, 0x00,
  0x50, 0x58, 0xb0, 0x40, 0x60, 0x59, 0x66, 0xb0, 0x01, 0x63, 0x60, 0x44,
  0xb0, 0x01, 0x60, 0x2d, 0xb0, 0x0a, 0x2c, 0xb2, 0x09, 0x0e, 0x00, 0x43,
  0x45, 0x42, 0x2a, 0x21, 0xb2, 0x00, 0x01, 0x00, 0x43, 0x60, 0x42, 0x2d,
  0xb0, 0x0b, 0x2c, 0xb0, 0x00, 0x43, 0x23, 0x44, 0xb2, 0x00, 0x01, 0x00,
  0x43, 0x60, 0x42, 0x2d, 0xb0, 0x0c, 0x2c, 0x20, 0x20, 0x45, 0x20, 0xb0,
  0x01, 0x2b, 0x23, 0xb0, 0x00, 0x43, 0xb0, 0x04, 0x25, 0x60, 0x20, 0x45,
  0x8a, 0x23, 0x61, 0x20, 0x64, 0x20, 0xb0, 0x20, 0x50, 0x58, 0x21, 0xb0,
  0x00, 0x1b, 0xb0, 0x30, 0x50, 0x58, 0xb0, 0x20, 0x1b, 0xb0, 0x40, 0x59,
  0x59, 0x23, 0xb0, 0x00, 0x50, 0x58, 0x65, 0x59, 0xb0, 0x03, 0x25, 0x23,
  0x61, 0x44, 0x44, 0xb0, 0x01, 0x60, 0x2d, 0xb0, 0x0d, 0x2c, 0x20, 0x20,
  0x45, 0x20, 0xb0, 0x01, 0x2b, 0x23, 0xb0, 0x00, 0x43, 0xb0, 0x04, 0x25,
  0x60, 0x20, 0x45, 0x8a, 0x23, 0x61, 0x20, 0x64, 0xb0, 0x24, 0x50, 0x58,
  0xb0, 0x00, 0x1b, 0xb0, 0x40, 0x59, 0x23, 0xb0, 0x00, 0x50, 0x58, 0x65,
  0x59, 0xb0, 0x03, 0x25, 0x23, 0x61, 0x44, 0x44, 0xb0, 0x01, 0x60, 0x2d,
  0xb0, 0x0e, 0x2c, 0x20, 0xb0, 0x00, 0x23, 0x42, 0xb3, 0x0d, 0x0c, 0x00,
  0x03, 0x45, 0x50, 0x58, 0x21, 0x1b, 0x23, 0x21, 0x59, 0x2a, 0x21, 0x2d,
  0xb0, 0x0f, 0x2c, 0xb1, 0x02, 0x02, 0x45, 0xb0, 0x64, 0x61, 0x44, 0x2d,
  0xb0, 0x10, 0x2c, 0xb0, 0x01, 0x60, 0x20, 0x20, 0xb0, 0x0f, 0x43, 0x4a,
  0xb0, 0x00, 0x50, 0x58, 0x20, 0xb0, 0x0f, 0x23, 0x42, 0x59, 0xb0, 0x10,
  0x43, 0x4a, 0xb0, 0x00, 0x52, 0x58, 0x20, 0xb0, 0x10, 0x23, 0x42, 0x59,
  0x2d, 0xb0, 0x11, 0x2c, 0x20, 0xb0, 0x10, 0x62, 0x66, 0xb0, 0x01, 0x63,
  0x20, 0xb8, 0x04, 0x00, 0x63, 0x8a, 0x23, 0x61, 0xb0, 0x11, 0x43, 0x60,
  0x20, 0x8a, 0x60, 0x20, 0xb0, 0x11, 0x23, 0x42, 0x23, 0x2d, 0xb0, 0x12,
  0x2c, 0x4b, 0x54, 0x58, 0xb1, 0x04, 0x64, 0x44, 0x59, 0x24, 0xb0, 0x0d,
  0x65, 0x23, 0x78, 0x2d, 0xb0, 0x13, 0x2c, 0x4b, 0x51, 0x58, 0x4b, 0x53,
  0x58, 0xb1, 0x04, 0x64, 0x44, 0x59, 0x1b, 0x21, 0x59, 0x24, 0xb0, 0x13,
  0x65, 0x23, 0x78, 0x2d, 0xb0, 0x14, 0x2c, 0xb1, 0x00, 0x12, 0x43, 0x55,
  0x58, 0xb1, 0x12, 0x12, 0x43, 0xb0, 0x01, 0x61, 0x42, 0xb0, 0x11, 0x2b,
  0x59, 0xb0, 0x00, 0x43, 0xb0, 0x02, 0x25, 0x42, 0xb1, 0x0f, 0x02, 0x25,
  0x42, 0xb1, 0x10, 0x02, 0x25, 0x42, 0xb0, 0x01, 0x16, 0x23, 0x20, 0xb0,
  0x03, 0x25, 0x50, 0x58, 0xb1, 0x01, 0x00, 0x43, 0x60, 0xb0, 0x04, 0x25,
  0x42, 0x8a, 0x8a, 0x20, 0x8a, 0x23, 0x61, 0xb0, 0x10, 0x2a, 0x21, 0x23,
  0xb0, 0x01, 0x61, 0x20, 0x8a, 0x23, 0x61, 0xb0, 0x10, 0x2a, 0x21, 0x1b,
  0xb1, 0x01, 0x00, 0x43, 0x60, 0xb0, 0x02, 0x25, 0x42, 0xb0, 0x02, 0x25,
  0x61, 0xb0, 0x10, 0x2a, 0x21, 0x59, 0xb0, 0x0f, 0x43, 0x47, 0xb0, 0x10,
  0x43, 0x47, 0x60, 0xb0, 0x02, 0x62, 0x20, 0xb0, 0x00, 0x50, 0x58, 0xb0,
  0x40, 0x60, 0x59, 0x66, 0xb0, 0x01, 0x63, 0x20, 0xb0, 0x0e, 0x43, 0x63,
  0xb8, 0x04, 0x00, 0x62, 0x20, 0xb0, 0x00, 0x50, 0x58, 0xb0, 0x40, 0x60,
  0x59, 0x66, 0xb0, 0x01, 0x63, 0x60, 0xb1, 0x00, 0x00, 0x13, 0x23, 0x44,
  0xb0, 0x01, 0x43, 0xb0, 0x00, 0x3e, 0xb2, 0x01, 0x01, 0x01, 0x43, 0x60,
  0x42, 0x2d, 0xb0, 0x15, 0x2c, 0x00, 0xb1, 0x00, 0x02, 0x45, 0x54, 0x58,
  0xb0, 0x12, 0x23, 0x42, 0x20, 0x45, 0xb0, 0x0e, 0x23, 0x42, 0xb0, 0x0d,
  0x23, 0xb0, 0x02, 0x60, 0x42, 0x20, 0x60, 0xb7, 0x18, 0x18, 0x01, 0x00,
  0x11, 0x00, 0x13, 0x00, 0x42, 0x42, 0x42, 0x8a, 0x60, 0x20, 0xb0, 0x14,
  0x23, 0x42, 0xb0, 0x01, 0x61, 0xb1, 0x14, 0x08, 0x2b, 0xb0, 0x8b, 0x2b,
  0x1b, 0x22, 0x59, 0x2d, 0xb0, 0x16, 0x2c, 0xb1, 0x00, 0x15, 0x2b, 0x2d,
  0xb0, 0x17, 0x2c, 0xb1, 0x01, 0x15, 0x2b, 0x2d, 0xb0, 0x18, 0x2c, 0xb1,
  0x02, 0x15, 0x2b, 0x2d, 0xb0, 0x19, 0x2c, 0xb1, 0x03, 0x15, 0x2b, 0x2d,
  0xb0, 0x1a, 0x2c, 0xb1, 0x04, 0x15, 0x2b, 0x2d, 0xb0, 0x1b, 0x2c, 0xb1,
  0x05, 0x15, 0x2b, 0x2d, 0xb0, 0x1c, 0x2c, 0xb1, 0x06, 0x15, 0x2b, 0x2d,
  0xb0, 0x1d, 0x2c, 0xb1, 0x07, 0x15, 0x2b, 0x2d, 0xb0, 0x1e, 0x2c, 0xb1,
  0x08, 0x15, 0x2b, 0x2d, 0xb0, 0x1f, 0x2c, 0xb1, 0x09, 0x15, 0x2b, 0x2d,
  0xb0, 0x2b, 0x2c, 0x23, 0x20, 0xb0, 0x10, 0x62, 0x66, 0xb0, 0x01, 0x63,
  0xb0, 0x06, 0x60, 0x4b, 0x54, 0x58, 0x23, 0x20, 0x2e, 0xb0, 0x01, 0x5d,
  0x1b, 0x21, 0x21, 0x59, 0x2d, 0xb0, 0x2c, 0x2c, 0x23, 0x20, 0xb0, 0x10,
  0x62, 0x66, 0xb0, 0x01, 0x63, 0xb0, 0x16, 0x60, 0x4b, 0x54, 0x58, 0x23,
  0x20, 0x2e, 0xb0, 0x01, 0x71, 0x1b, 0x21, 0x21, 0x59, 0x2d, 0xb0, 0x2d,
  0x2c, 0x23, 0x20, 0xb0, 0x10, 0x62, 0x66, 0xb0, 0x01, 0x63, 0xb0, 0x26,
  0x60, 0x4b, 0x54, 0x58, 0x23, 0x20, 0x2e, 0xb0, 0x01, 0x72, 0x1b, 0x21,
  0x21, 0x59, 0x2d, 0xb0, 0x20, 0x2c, 0x00, 0xb0, 0x0f, 0x2b, 0xb1, 0x00,
  0x02, 0x45, 0x54, 0x58, 0xb0, 0x12, 0x23, 0x42, 0x20, 0x45, 0xb0, 0x0e,
  0x23, 0x42, 0xb0, 0x0d, 0x23, 0xb0, 0x02, 0x60, 0x42, 0x20, 0x60, 0xb0,
  0x01, 0x61, 0xb5, 0x18, 0x18, 0x01, 0x00, 0x11, 0x00, 0x42, 0x42, 0x8a,
  0x60, 0xb1, 0x14, 0x08, 0x2b, 0xb0, 0x8b, 0x2b, 0x1b, 0x22, 0x59, 0x2d,
  0xb0, 0x21, 0x2c, 0xb1, 0x00, 0x20, 0x2b, 0x2d, 0xb0, 0x22, 0x2c, 0xb1,
  0x01, 0x20, 0x2b, 0x2d, 0xb0, 0x23, 0x2c, 0xb1, 0x02, 0x20, 0x2b, 0x2d,
  0xb0, 0x24, 0x2c, 0xb1, 0x03, 0x20, 0x2b, 0x2d, 0xb0, 0x25, 0x2c, 0xb1,
  0x04, 0x20, 0x2b, 0x2d, 0xb0, 0x26, 0x2c, 0xb1, 0x05, 0x20, 0x2b, 0x2d,
  0xb0, 0x27, 0x2c, 0xb1, 0x06, 0x20, 0x2b, 0x2d, 0xb0, 0x28, 0x2c, 0xb1,
  0x07, 0x20, 0x2b, 0x2d, 0xb0, 0x29, 0x2c, 0xb1, 0x08, 0x20, 0x2b, 0x2d,
  0xb0, 0x2a, 0x2c, 0xb1, 0x09, 0x20, 0x2b, 0x2d, 0xb0, 0x2e, 0x2c, 0x20,
  0x3c, 0xb0, 0x01, 0x60, 0x2d, 0xb0, 0x2f, 0x2c, 0x20, 0x60, 0xb0, 0x18,
  0x60, 0x20, 0x43, 0x23, 0xb0, 0x01, 0x60, 0x43, 0xb0, 0x02, 0x25, 0x61,
  0xb0, 0x01, 0x60, 0xb0, 0x2e, 0x2a, 0x21, 0x2d, 0xb0, 0x30, 0x2c, 0xb0,
  0x2f, 0x2b, 0xb0, 0x2f, 0x2a, 0x2d, 0xb0, 0x31, 0x2c, 0x20, 0x20, 0x47,
  0x20, 0x20, 0xb0, 0x0e, 0x43, 0x63, 0xb8, 0x04, 0x00, 0x62, 0x20, 0xb0,
  0x00, 0x50, 0x58, 0xb0, 0x40, 0x60, 0x59, 0x66, 0xb0, 0x01, 0x63, 0x60,
  0x23, 0x61, 0x38, 0x23, 0x20, 0x8a, 0x55, 0x58, 0x20, 0x47, 0x20, 0x20,
  0xb0, 0x0e, 0x43, 0x63, 0xb8, 0x04, 0x00, 0x62, 0x20, 0xb0, 0x00, 0x50,
  0x58, 0xb0, 0x40, 0x60, 0x59, 0x66, 0xb0, 0x01, 0x63, 0x60, 0x23, 0x61,
  0x38, 0x1b, 0x21, 0x59, 0x2d, 0xb0, 0x32, 0x2c, 0x00, 0xb1, 0x00, 0x02,
  0x45, 0x54, 0x58, 0xb1, 0x0e, 0x06, 0x45, 0x42, 0xb0, 0x01, 0x16, 0xb0,
  0x31, 0x2a, 0xb1, 0x05, 0x01, 0x15, 0x45, 0x58, 0x30, 0x59, 0x1b, 0x22,
  0x59, 0x2d, 0xb0, 0x33, 0x2c, 0x00, 0xb0, 0x0f, 0x2b, 0xb1, 0x00, 0x02,
  0x45, 0x54, 0x58, 0xb1, 0x0e, 0x06, 0x45, 0x42, 0xb0, 0x01, 0x16, 0xb0,
  0x31, 0x2a, 0xb1, 0x05, 0x01, 0x15, 0x45, 0x58, 0x30, 0x59, 0x1b, 0x22,
  0x59, 0x2d, 0xb0, 0x34, 0x2c, 0x20, 0x35, 0xb0, 0x01, 0x60, 0x2d, 0xb0,
  0x35, 0x2c, 0x00, 0xb1, 0x0e, 0x06, 0x45, 0x42, 0xb0, 0x01, 0x45, 0x63,
  0xb8, 0x04, 0x00, 0x62, 0x20, 0xb0, 0x00, 0x50, 0x58, 0xb0, 0x40, 0x60,
  0x59, 0x66, 0xb0, 0x01, 0x63, 0xb0, 0x01, 0x2b, 0xb0, 0x0e, 0x43, 0x63,
  0xb8, 0x04, 0x00, 0x62, 0x20, 0xb0, 0x00, 0x50, 0x58, 0xb0, 0x40, 0x60,
  0x59, 0x66, 0xb0, 0x01, 0x63, 0xb0, 0x01, 0x2b, 0xb0, 0x00, 0x16, 0xb4,
  0x00, 0x00, 0x00, 0x00, 0x00, 0x44, 0x3e, 0x23, 0x38, 0xb1, 0x34, 0x01,
  0x15, 0x2a, 0x21, 0x2d, 0xb0, 0x36, 0x2c, 0x20, 0x3c, 0x20, 0x47, 0x20,
  0xb0, 0x0e, 0x43, 0x63, 0xb8, 0x04, 0x00, 0x62, 0x20, 0xb0, 0x00, 0x50,
  0x58, 0xb0, 0x40, 0x60, 0x59, 0x66, 0xb0, 0x01, 0x63, 0x60, 0xb0, 0x00,
  0x43, 0x61, 0x38, 0x2d, 0xb0, 0x37, 0x2c, 0x2e, 0x17, 0x3c, 0x2d, 0xb0,
  0x38, 0x2c, 0x20, 0x3c, 0x20, 0x47, 0x20, 0xb0, 0x0e, 0x43, 0x63, 0xb8,
  0x04, 0x00, 0x62, 0x20, 0xb0, 0x00, 0x50, 0x58, 0xb0, 0x40, 0x60, 0x59,
  0x66, 0xb0, 0x01, 0x63, 0x60, 0xb0, 0x00, 0x43, 0x61, 0xb0, 0x01, 0x43,
  0x63, 0x38, 0x2d, 0xb0, 0x39, 0x2c, 0xb1, 0x02, 0x00, 0x16, 0x25, 0x20,
  0x2e, 0x20, 0x47, 0xb0, 0x00, 0x23, 0x42, 0xb0, 0x02, 0x25, 0x49, 0x8a,
  0x8a, 0x47, 0x23, 0x47, 0x23, 0x61, 0x20, 0x58, 0x62, 0x1b, 0x21, 0x59,
  0xb0, 0x01, 0x23, 0x42, 0xb2, 0x38, 0x01, 0x01, 0x15, 0x14, 0x2a, 0x2d,
  0xb0, 0x3a, 0x2c, 0xb0, 0x00, 0x16, 0xb0, 0x17, 0x23, 0x42, 0xb0, 0x04,
  0x25, 0xb0, 0x04, 0x25, 0x47, 0x23, 0x47, 0x23, 0x61, 0xb1, 0x0c, 0x00,
  0x42, 0xb0, 0x0b, 0x43, 0x2b, 0x65, 0x8a, 0x2e, 0x23, 0x20, 0x20, 0x3c,
  0x8a, 0x38, 0x2d, 0xb0, 0x3b, 0x2c, 0xb0, 0x00, 0x16, 0xb0, 0x17, 0x23,
  0x42, 0xb0, 0x04, 0x25, 0xb0, 0x04, 0x25, 0x20, 0x2e, 0x47, 0x23, 0x47,
  0x23, 0x61, 0x20, 0xb0, 0x06, 0x23, 0x42, 0xb1, 0x0c, 0x00, 0x42, 0xb0,
  0x0b, 0x43, 0x2b, 0x20, 0xb0, 0x60, 0x50, 0x58, 0x20, 0xb0, 0x40, 0x51,
  0x58, 0xb3, 0x04, 0x20, 0x05, 0x20, 0x1b, 0xb3, 0x04, 0x26, 0x05, 0x1a,
  0x59, 0x42, 0x42, 0x23, 0x20, 0xb0, 0x0a, 0x43, 0x20, 0x8a, 0x23, 0x47,
  0x23, 0x47, 0x23, 0x61, 0x23, 0x46, 0x60, 0xb0, 0x06, 0x43, 0xb0, 0x02,
  0x62, 0x20, 0xb0, 0x00, 0x50, 0x58, 0xb0, 0x40, 0x60, 0x59, 0x66, 0xb0,
  0x01, 0x63, 0x60, 0x20, 0xb0, 0x01, 0x2b, 0x20, 0x8a, 0x8a, 0x61, 0x20,
  0xb0, 0x04, 0x43, 0x60, 0x64, 0x23, 0xb0, 0x05, 0x43, 0x61, 0x64, 0x50,
  0x58, 0xb0, 0x04, 0x43, 0x61, 0x1b, 0xb0, 0x05, 0x43, 0x60, 0x59, 0xb0,
  0x03, 0x25, 0xb0, 0x02, 0x62, 0x20, 0xb0, 0x00, 0x50, 0x58, 0xb0, 0x40,
  0x60, 0x59, 0x66, 0xb0, 0x01, 0x63, 0x61, 0x23, 0x20, 0x20, 0xb0, 0x04,
  0x26, 0x23, 0x46, 0x61, 0x38, 0x1b, 0x23, 0xb0, 0x0a, 0x43, 0x46, 0xb0,
  0x02, 0x25, 0xb0, 0x0a, 0x43, 0x47, 0x23, 0x47, 0x23, 0x61, 0x60, 0x20,
  0xb0, 0x06, 0x43, 0xb0, 0x02, 0x62, 0x20, 0xb0, 0x00, 0x50, 0x58, 0xb0,
  0x40, 0x60, 0x59, 0x66, 0xb0, 0x01, 0x63, 0x60, 0x23, 0x20, 0xb0, 0x01,
  0x2b, 0x23, 0xb0, 0x06, 0x43, 0x60, 0xb0, 0x01, 0x2b, 0xb0, 0x05, 0x25,
  0x61, 0xb0, 0x05, 0x25, 0xb0, 0x02, 0x62, 0x20, 0xb0, 0x00, 0x50, 0x58,
  0xb0, 0x40, 0x60, 0x59, 0x66, 0xb0, 0x01, 0x63, 0xb0, 0x04, 0x26, 0x61,
  0x20, 0xb0, 0x04, 0x25, 0x60, 0x64, 0x23, 0xb0, 0x03, 0x25, 0x60, 0x64,
  0x50, 0x58, 0x21, 0x1b, 0x23, 0x21, 0x59, 0x23, 0x20, 0x20, 0xb0, 0x04,
  0x26, 0x23, 0x46, 0x61, 0x38, 0x59, 0x2d, 0xb0, 0x3c, 0x2c, 0xb0, 0x00,
  0x16, 0xb0, 0x17, 0x23, 0x42, 0x20, 0x20, 0x20, 0xb0, 0x05, 0x26, 0x20,
  0x2e, 0x47, 0x23, 0x47, 0x23, 0x61, 0x23, 0x3c, 0x38, 0x2d, 0xb0, 0x3d,
  0x2c, 0xb0, 0x00, 0x16, 0xb0, 0x17, 0x23, 0x42, 0x20, 0xb0, 0x0a, 0x23,
  0x42, 0x20, 0x20, 0x20, 0x46, 0x23, 0x47, 0xb0, 0x01, 0x2b, 0x23, 0x61,
  0x38, 0x2d, 0xb0, 0x3e, 0x2c, 0xb0, 0x00, 0x16, 0xb0, 0x17, 0x23, 0x42,
  0xb0, 0x03, 0x25, 0xb0, 0x02, 0x25, 0x47, 0x23, 0x47, 0x23, 0x61, 0xb0,
  0x00, 0x54, 0x58, 0x2e, 0x20, 0x3c, 0x23, 0x21, 0x1b, 0xb0, 0x02, 0x25,
  0xb0, 0x02, 0x25, 0x47, 0x23, 0x47, 0x23, 0x61, 0x20, 0xb0, 0x05, 0x25,
  0xb0, 0x04, 0x25, 0x47, 0x23, 0x47, 0x23, 0x61, 0xb0, 0x06, 0x25, 0xb0,
  0x05, 0x25, 0x49, 0xb0, 0x02, 0x25, 0x61, 0xb9, 0x08, 0x00, 0x08, 0x00,
  0x63, 0x63, 0x23, 0x20, 0x58, 0x62, 0x1b, 0x21, 0x59, 0x63, 0xb8, 0x04,
  0x00, 0x62, 0x20, 0xb0, 0x00, 0x50, 0x58, 0xb0, 0x40, 0x60, 0x59, 0x66,
  0xb0, 0x01, 0x63, 0x60, 0x23, 0x2e, 0x23, 0x20, 0x20, 0x3c, 0x8a, 0x38,
  0x23, 0x21, 0x59, 0x2d, 0xb0, 0x3f, 0x2c, 0xb0, 0x00, 0x16, 0xb0, 0x17,
  0x23, 0x42, 0x20, 0xb0, 0x0a, 0x43, 0x20, 0x2e, 0x47, 0x23, 0x47, 0x23,
  0x61, 0x20, 0x60, 0xb0, 0x20, 0x60, 0x66, 0xb0, 0x02, 0x62, 0x20, 0xb0,
  0x00, 0x50, 0x58, 0xb0, 0x40, 0x60, 0x59, 0x66, 0xb0, 0x01, 0x63, 0x23,
  0x20, 0x20, 0x3c, 0x8a, 0x38, 0x2d, 0xb0, 0x40, 0x2c, 0x23, 0x20, 0x2e,
  0x46, 0xb0, 0x02, 0x25, 0x46, 0xb0, 0x17, 0x43, 0x58, 0x50, 0x1b, 0x52,
  0x59, 0x58, 0x20, 0x3c, 0x59, 0x2e, 0xb1, 0x30, 0x01, 0x14, 0x2b, 0x2d,
  0xb0, 0x41, 0x2c, 0x23, 0x20, 0x2e, 0x46, 0xb0, 0x02, 0x25, 0x46, 0xb0,
  0x17, 0x43, 0x58, 0x52, 0x1b, 0x50, 0x59, 0x58, 0x20, 0x3c, 0x59, 0x2e,
  0xb1, 0x30, 0x01, 0x14, 0x2b, 0x2d, 0xb0, 0x42, 0x2c, 0x23, 0x20, 0x2e,
  0x46, 0xb0, 0x02, 0x25, 0x46, 0xb0, 0x17, 0x43, 0x58, 0x50, 0x1b, 0x52,
  0x59, 0x58, 0x20, 0x3c, 0x59, 0x23, 0x20, 0x2e, 0x46, 0xb0, 0x02, 0x25,
  0x46, 0xb0, 0x17, 0x43, 0x58, 0x52, 0x1b, 0x50, 0x59, 0x58, 0x20, 0x3c,
  0x59, 0x2e, 0xb1, 0x30, 0x01, 0x14, 0x2b, 0x2d, 0xb0, 0x43, 0x2c, 0xb0,
  0x3a, 0x2b, 0x23, 0x20, 0x2e, 0x46, 0xb0, 0x02, 0x25, 0x46, 0xb0, 0x17,
  0x43, 0x58, 0x50, 0x1b, 0x52, 0x59, 0x58, 0x20, 0x3c, 0x59, 0x2e, 0xb1,
  0x30, 0x01, 0x14, 0x2b, 0x2d, 0xb0, 0x44, 0x2c, 0xb0, 0x3b, 0x2b, 0x8a,
  0x20, 0x20, 0x3c, 0xb0, 0x06, 0x23, 0x42, 0x8a, 0x38, 0x23, 0x20, 0x2e,
  0x46, 0xb0, 0x02, 0x25, 0x46, 0xb0, 0x17, 0x43, 0x58, 0x50, 0x1b, 0x52,
  0x59, 0x58, 0x20, 0x3c, 0x59, 0x2e, 0xb1, 0x30, 0x01, 0x14, 0x2b, 0xb0,
  0x06, 0x43, 0x2e, 0xb0, 0x30, 0x2b, 0x2d, 0xb0, 0x45, 0x2c, 0xb0, 0x00,
  0x16, 0xb0, 0x04, 0x25, 0xb0, 0x04, 0x26, 0x20, 0x20, 0x20, 0x46, 0x23,
  0x47, 0x61, 0xb0, 0x0c, 0x23, 0x42, 0x2e, 0x47, 0x23, 0x47, 0x23, 0x61,
  0xb0, 0x0b, 0x43, 0x2b, 0x23, 0x20, 0x3c, 0x20, 0x2e, 0x23, 0x38, 0xb1,
  0x30, 0x01, 0x14, 0x2b, 0x2d, 0xb0, 0x46, 0x2c, 0xb1, 0x0a, 0x04, 0x25,
  0x42, 0xb0, 0x00, 0x16, 0xb0, 0x04, 0x25, 0xb0, 0x04, 0x25, 0x20, 0x2e,
  0x47, 0x23, 0x47, 0x23, 0x61, 0x20, 0xb0, 0x06, 0x23, 0x42, 0xb1, 0x0c,
  0x00, 0x42, 0xb0, 0x0b, 0x43, 0x2b, 0x20, 0xb0, 0x60, 0x50, 0x58, 0x20,
  0xb0, 0x40, 0x51, 0x58, 0xb3, 0x04, 0x20, 0x05, 0x20, 0x1b, 0xb3, 0x04,
  0x26, 0x05, 0x1a, 0x59, 0x42, 0x42, 0x23, 0x20, 0x47, 0xb0, 0x06, 0x43,
  0xb0, 0x02, 0x62, 0x20, 0xb0, 0x00, 0x50, 0x58, 0xb0, 0x40, 0x60, 0x59,
  0x66, 0xb0, 0x01, 0x63, 0x60, 0x20, 0xb0, 0x01, 0x2b, 0x20, 0x8a, 0x8a,
  0x61, 0x20, 0xb0, 0x04, 0x43, 0x60, 0x64, 0x23, 0xb0, 0x05, 0x43, 0x61,
  0x64, 0x50, 0x58, 0xb0, 0x04, 0x43, 0x61, 0x1b, 0xb0, 0x05, 0x43, 0x60,
  0x59, 0xb0, 0x03, 0x25, 0xb0, 0x02, 0x62, 0x20, 0xb0, 0x00, 0x50, 0x58,
  0xb0, 0x40, 0x60, 0x59, 0x66, 0xb0, 0x01, 0x63, 0x61, 0xb0, 0x02, 0x25,
  0x46, 0x61, 0x38, 0x23, 0x20, 0x3c, 0x23, 0x38, 0x1b, 0x21, 0x20, 0x20,
  0x46, 0x23, 0x47, 0xb0, 0x01, 0x2b, 0x23, 0x61, 0x38, 0x21, 0x59, 0xb1,
  0x30, 0x01, 0x14, 0x2b, 0x2d, 0xb0, 0x47, 0x2c, 0xb1, 0x00, 0x3a, 0x2b,
  0x2e, 0xb1, 0x30, 0x01, 0x14, 0x2b, 0x2d, 0xb0, 0x48, 0x2c, 0xb1, 0x00,
  0x3b, 0x2b, 0x21, 0x23, 0x20, 0x20, 0x3c, 0xb0, 0x06, 0x23, 0x42, 0x23,
  0x38, 0xb1, 0x30, 0x01, 0x14, 0x2b, 0xb0, 0x06, 0x43, 0x2e, 0xb0, 0x30,
  0x2b, 0x2d, 0xb0, 0x49, 0x2c, 0xb0, 0x00, 0x15, 0x20, 0x47, 0xb0, 0x00,
  0x23, 0x42, 0xb2, 0x00, 0x01, 0x01, 0x15, 0x14, 0x13, 0x2e, 0xb0, 0x36,
  0x2a, 0x2d, 0xb0, 0x4a, 0x2c, 0xb0, 0x00, 0x15, 0x20, 0x47, 0xb0, 0x00,
  0x23, 0x42, 0xb2, 0x00, 0x01, 0x01, 0x15, 0x14, 0x13, 0x2e, 0xb0, 0x36,
  0x2a, 0x2d, 0xb0, 0x4b, 0x2c, 0xb1, 0x00, 0x01, 0x14, 0x13, 0xb0, 0x37,
  0x2a, 0x2d, 0xb0, 0x4c, 0x2c, 0xb0, 0x39, 0x2a, 0x2d, 0xb0, 0x4d, 0x2c,
  0xb0, 0x00, 0x16, 0x45, 0x23, 0x20, 0x2e, 0x20, 0x46, 0x8a, 0x23, 0x61,
  0x38, 0xb1, 0x30, 0x01, 0x14, 0x2b, 0x2d, 0xb0, 0x4e, 0x2c, 0xb0, 0x0a,
  0x23, 0x42, 0xb0, 0x4d, 0x2b, 0x2d, 0xb0, 0x4f, 0x2c, 0xb2, 0x00, 0x00,
  0x46, 0x2b, 0x2d, 0xb0, 0x50, 0x2c, 0xb2, 0x00, 0x01, 0x46, 0x2b, 0x2d,
  0xb0, 0x51, 0x2c, 0xb2, 0x01, 0x00, 0x46, 0x2b, 0x2d, 0xb0, 0x52, 0x2c,
  0xb2, 0x01, 0x01, 0x46, 0x2b, 0x2d, 0xb0, 0x53, 0x2c, 0xb2, 0x00, 0x00,
  0x47, 0x2b, 0x2d, 0xb0, 0x54, 0x2c, 0xb2, 0x00, 0x01, 0x47, 0x2b, 0x2d,
  0xb0, 0x55, 0x2c, 0xb2, 0x01, 0x00, 0x47, 0x2b, 0x2d, 0xb0, 0x56, 0x2c,
  0xb2, 0x01, 0x01, 0x47, 0x2b, 0x2d, 0xb0, 0x57, 0x2c, 0xb3, 0x00, 0x00,
  0x00, 0x43, 0x2b, 0x2d, 0xb0, 0x58, 0x2c, 0xb3, 0x00, 0x01, 0x00, 0x43,
  0x2b, 0x2d, 0xb0, 0x59, 0x2c, 0xb3, 0x01, 0x00, 0x00, 0x43, 0x2b, 0x2d,
  0xb0, 0x5a, 0x2c, 0xb3, 0x01, 0x01, 0x00, 0x43, 0x2b, 0x2d, 0xb0, 0x5b,
  0x2c, 0xb3, 0x00, 0x00, 0x01, 0x43, 0x2b, 0x2d, 0xb0, 0x5c, 0x2c, 0xb3,
  0x00, 0x01, 0x01, 0x43, 0x2b, 0x2d, 0xb0, 0x5d, 0x2c, 0xb3, 0x01, 0x00,
  0x01, 0x43, 0x2b, 0x2d, 0xb0, 0x5e, 0x2c, 0xb3, 0x01, 0x01, 0x01, 0x43,
  0x2b, 0x2d, 0xb0, 0x5f, 0x2c, 0xb2, 0x00, 0x00, 0x45, 0x2b, 0x2d, 0xb0,
  0x60, 0x2c, 0xb2, 0x00, 0x01, 0x45, 0x2b, 0x2d, 0xb0, 0x61, 0x2c, 0xb2,
  0x01, 0x00, 0x45, 0x2b, 0x2d, 0xb0, 0x62, 0x2c, 0xb2, 0x01, 0x01, 0x45,
  0x2b, 0x2d, 0xb0, 0x63, 0x2c, 0xb2, 0x00, 0x00, 0x48, 0x2b, 0x2d, 0xb0,
  0x64, 0x2c, 0xb2, 0x00, 0x01, 0x48, 0x2b, 0x2d, 0xb0, 0x65, 0x2c, 0xb2,
  0x01, 0x00, 0x48, 0x2b, 0x2d, 0xb0, 0x66, 0x2c, 0xb2, 0x01, 0x01, 0x48,
  0x2b, 0x2d, 0xb0, 0x67, 0x2c, 0xb3, 0x00, 0x00, 0x00, 0x44, 0x2b, 0x2d,
  0xb0, 0x68, 0x2c, 0xb3, 0x00, 0x01, 0x00, 0x44, 0x2b, 0x2d, 0xb0, 0x69,
  0x2c, 0xb3, 0x01, 0x00, 0x00, 0x44, 0x2b, 0x2d, 0xb0, 0x6a, 0x2c, 0xb3,
  0x01, 0x01, 0x00, 0x44, 0x2b, 0x2d, 0xb0, 0x6b, 0x2c, 0xb3, 0x00, 0x00,
  0x01, 0x44, 0x2b, 0x2d, 0xb0, 0x6c, 0x2c, 0xb3, 0x00, 0x01, 0x01, 0x44,
  0x2b, 0x2d, 0xb0, 0x6d, 0x2c, 0xb3, 0x01, 0x00, 0x01, 0x44, 0x2b, 0x2d,
  0xb0, 0x6e, 0x2c, 0xb3, 0x01, 0x01, 0x01, 0x44, 0x2b, 0x2d, 0xb0, 0x6f,
  0x2c, 0xb1, 0x00, 0x3c, 0x2b, 0x2e, 0xb1, 0x30, 0x01, 0x14, 0x2b, 0x2d,
  0xb0, 0x70, 0x2c, 0xb1, 0x00, 0x3c, 0x2b, 0xb0, 0x40, 0x2b, 0x2d, 0xb0,
  0x71, 0x2c, 0xb1, 0x00, 0x3c, 0x2b, 0xb0, 0x41, 0x2b, 0x2d, 0xb0, 0x72,
  0x2c, 0xb0, 0x00, 0x16, 0xb1, 0x00, 0x3c, 0x2b, 0xb0, 0x42, 0x2b, 0x2d,
  0xb0, 0x73, 0x2c, 0xb1, 0x01, 0x3c, 0x2b, 0xb0, 0x40, 0x2b, 0x2d, 0xb0,
  0x74, 0x2c, 0xb1, 0x01, 0x3c, 0x2b, 0xb0, 0x41, 0x2b, 0x2d, 0xb0, 0x75,
  0x2c, 0xb0, 0x00, 0x16, 0xb1, 0x01, 0x3c, 0x2b, 0xb0, 0x42, 0x2b, 0x2d,
  0xb0, 0x76, 0x2c, 0xb1, 0x00, 0x3d, 0x2b, 0x2e, 0xb1, 0x30, 0x01, 0x14,
  0x2b, 0x2d, 0xb0, 0x77, 0x2c, 0xb1, 0x00, 0x3d, 0x2b, 0xb0, 0x40, 0x2b,
  0x2d, 0xb0, 0x78, 0x2c, 0xb1, 0x00, 0x3d, 0x2b, 0xb0, 0x41, 0x2b, 0x2d,
  0xb0, 0x79, 0x2c, 0xb1, 0x00, 0x3d, 0x2b, 0xb0, 0x42, 0x2b, 0x2d, 0xb0,
  0x7a, 0x2c, 0xb1, 0x01, 0x3d, 0x2b, 0xb0, 0x40, 0x2b, 0x2d, 0xb0, 0x7b,
  0x2c, 0xb1, 0x01, 0x3d, 0x2b, 0xb0, 0x41, 0x2b, 0x2d, 0xb0, 0x7c, 0x2c,
  0xb1, 0x01, 0x3d, 0x2b, 0xb0, 0x42, 0x2b, 0x2d, 0xb0, 0x7d, 0x2c, 0xb1,
  0x00, 0x3e, 0x2b, 0x2e, 0xb1, 0x30, 0x01, 0x14, 0x2b, 0x2d, 0xb0, 0x7e,
  0x2c, 0xb1, 0x00, 0x3e, 0x2b, 0xb0, 0x40, 0x2b, 0x2d, 0xb0, 0x7f, 0x2c,
  0xb1, 0x00, 0x3e, 0x2b, 0xb0, 0x41, 0x2b, 0x2d, 0xb0, 0x80, 0x2c, 0xb1,
  0x00, 0x3e, 0x2b, 0xb0, 0x42, 0x2b, 0x2d, 0xb0, 0x81, 0x2c, 0xb1, 0x01,
  0x3e, 0x2b, 0xb0, 0x40, 0x2b, 0x2d, 0xb0, 0x82, 0x2c, 0xb1, 0x01, 0x3e,
  0x2b, 0xb0, 0x41, 0x2b, 0x2d, 0xb0, 0x83, 0x2c, 0xb1, 0x01, 0x3e, 0x2b,
  0xb0, 0x42, 0x2b, 0x2d, 0xb0, 0x84, 0x2c, 0xb1, 0x00, 0x3f, 0x2b, 0x2e,
  0xb1, 0x30, 0x01, 0x14, 0x2b, 0x2d, 0xb0, 0x85, 0x2c, 0xb1, 0x00, 0x3f,
  0x2b, 0xb0, 0x40, 0x2b, 0x2d, 0xb0, 0x86, 0x2c, 0xb1, 0x00, 0x3f, 0x2b,
  0xb0, 0x41, 0x2b, 0x2d, 0xb0, 0x87, 0x2c, 0xb1, 0x00, 0x3f, 0x2b, 0xb0,
  0x42, 0x2b, 0x2d, 0xb0, 0x88, 0x2c, 0xb1, 0x01, 0x3f, 0x2b, 0xb0, 0x40,
  0x2b, 0x2d, 0xb0, 0x89, 0x2c, 0xb1, 0x01, 0x3f, 0x2b, 0xb0, 0x41, 0x2b,
  0x2d, 0xb0, 0x8a, 0x2c, 0xb1, 0x01, 0x3f, 0x2b, 0xb0, 0x42, 0x2b, 0x2d,
  0xb0, 0x8b, 0x2c, 0xb2, 0x0b, 0x00, 0x03, 0x45, 0x50, 0x58, 0xb0, 0x06,
  0x1b, 0xb2, 0x04, 0x02, 0x03, 0x45, 0x58, 0x23, 0x21, 0x1b, 0x21, 0x59,
  0x59, 0x42, 0x2b, 0xb0, 0x08, 0x65, 0xb0, 0x03, 0x24, 0x50, 0x78, 0xb1,
  0x05, 0x01, 0x15, 0x45, 0x58, 0x30, 0x59, 0x2d, 0x00, 0x01, 0x00, 0x00,
  0x00, 0x0a, 0x00, 0x22, 0x00, 0x4a, 0x00, 0x01, 0x44, 0x46, 0x4c, 0x54,
  0x00, 0x08, 0x00, 0x04, 0x00, 0x00, 0x00, 0x00, 0xff, 0xff, 0x00, 0x03,
  0x00, 0x00, 0x00, 0x01, 0x00, 0x02, 0x00, 0x03, 0x6b, 0x65, 0x72, 0x6e,
  0x00, 0x22, 0x6d, 0x61, 0x72, 0x6b, 0x00, 0x1c, 0x6d, 0x6b, 0x6d, 0x6b,
  0x00, 0x14, 0x00, 0x00, 0x00, 0x02, 0x00, 0x02, 0x00, 0x03, 0x00, 0x00,
  0x00, 0x01, 0x00, 0x01, 0x00, 0x00, 0x00, 0x01, 0x00, 0x00, 0x00, 0x04,
  0x08, 0x6c, 0x01, 0x12, 0x00, 0xe6, 0x00, 0x0a, 0x00, 0x06, 0x00, 0x10,
  0x00, 0x01, 0x00, 0x0a, 0x00, 0x01, 0x00, 0x01, 0x00, 0xb2, 0x00, 0xb2,
  0x00, 0x01, 0x00, 0x78, 0x00, 0x0c, 0x00, 0x0e, 0x00, 0x66, 0x00, 0x60,
  0x00, 0x5a, 0x00, 0x54, 0x00, 0x4e, 0x00, 0x48, 0x00, 0x42, 0x00, 0x3c,
  0x00, 0x66, 0x00, 0x36, 0x00, 0x30, 0x00, 0x2a, 0x00, 0x24, 0x00, 0x1e,
  0x00, 0x01, 0x01, 0x4d, 0x03, 0x93, 0x00, 0x01, 0x01, 0x43, 0x02, 0xdf,
  0x00, 0x01, 0x01, 0x05, 0x03, 0xc0, 0x00, 0x01, 0x00, 0xe7, 0x02, 0xef,
  0x00, 0x01, 0x01, 0x03, 0x03, 0x84, 0x00, 0x01, 0x00, 0x9f, 0x03, 0x71,
  0x00, 0x01, 0x00, 0x86, 0x02, 0xc9, 0x00, 0x01, 0x01, 0x44, 0x03, 0x71,
  0x00, 0x01, 0x01, 0x21, 0x02, 0xc9, 0x00, 0x01, 0x01, 0x70, 0x03, 0x84,
  0x00, 0x01, 0x01, 0x48, 0x02, 0xda, 0x00, 0x01, 0x00, 0xef, 0x03, 0x84,
  0x00, 0x01, 0x00, 0xef, 0x02, 0xdd, 0x00, 0x0e, 0x00, 0x00, 0x07, 0xb8,
  0x00, 0x00, 0x07, 0xb2, 0x00, 0x00, 0x07, 0xa6, 0x00, 0x00, 0x07, 0xa0,
  0x00, 0x00, 0x07, 0x9a, 0x00, 0x00, 0x07, 0x94, 0x00, 0x00, 0x07, 0x8e,
  0x00, 0x00, 0x07, 0x88, 0x00, 0x00, 0x07, 0x82, 0x00, 0x00, 0x07, 0x7c,
  0x00, 0x00, 0x07, 0x76, 0x00, 0x00, 0x07, 0x70, 0x00, 0x00, 0x07, 0x6a,
  0x00, 0x00, 0x07, 0x64, 0x00, 0x01, 0x00, 0x0e, 0x00, 0xa1, 0x00, 0xa2,
  0x00, 0xae, 0x00, 0xaf, 0x00, 0xb3, 0x00, 0xb4, 0x00, 0xb6, 0x00, 0xb7,
  0x00, 0xc3, 0x00, 0xc4, 0x00, 0xe7, 0x00, 0xe8, 0x00, 0xf0, 0x00, 0xf1,
  0x00, 0x06, 0x00, 0x10, 0x00, 0x01, 0x00, 0x0a, 0x00, 0x00, 0x00, 0x01,
  0x00, 0x1c, 0x00, 0x1c, 0x00, 0x01, 0x00, 0x16, 0x00, 0x0c, 0x00, 0x01,
  0x00, 0x04, 0x00, 0x01, 0x00, 0xb1, 0xff, 0x1f, 0x00, 0x01, 0x00, 0x00,
  0x07, 0x32, 0x00, 0x01, 0x00, 0x01, 0x00, 0xac, 0x00, 0x04, 0x00, 0x00,
  0x00, 0x01, 0x00, 0x08, 0x00, 0x01, 0x07, 0x30, 0x06, 0x10, 0x00, 0x02,
  0x06, 0x98, 0x00, 0x0c, 0x00, 0x83, 0x05, 0xfe, 0x05, 0xf8, 0x05, 0xf2,
  0x05, 0xec, 0x05, 0xe6, 0x05, 0xe0, 0x05, 0xda, 0x05, 0xd4, 0x05, 0xce,
  0x05, 0xc8, 0x05, 0xc2, 0x05, 0xbc, 0x05, 0xb6, 0x05, 0xb0, 0x05, 0xaa,
  0x05, 0xa4, 0x05, 0x9e, 0x05, 0x98, 0x05, 0x92, 0x05, 0x8c, 0x05, 0x86,
  0x05, 0x80, 0x05, 0x7a, 0x05, 0x74, 0x05, 0x6e, 0x05, 0x68, 0x05, 0x62,
  0x05, 0x5c, 0x05, 0x56, 0x05, 0x50, 0x05, 0x4a, 0x05, 0x44, 0x05, 0xc2,
  0x05, 0x3e, 0x05, 0x4a, 0x05, 0x44, 0x05, 0xc2, 0x05, 0x3e, 0x05, 0x38,
  0x05, 0x32, 0x05, 0x2c, 0x05, 0x26, 0x05, 0x20, 0x05, 0x1a, 0x05, 0x14,
  0x05, 0x0e, 0x05, 0x08, 0x05, 0x02, 0x04, 0xfc, 0x04, 0xf6, 0x05, 0xaa,
  0x05, 0xa4, 0x04, 0xf0, 0x04, 0xea, 0x04, 0xe4, 0x04, 0xde, 0x04, 0xd8,
  0x04, 0xd2, 0x04, 0xcc, 0x04, 0xc6, 0x04, 0xc0, 0x04, 0xba, 0x04, 0xb4,
  0x04, 0xae, 0x04, 0xa8, 0x04, 0xa2, 0x04, 0x9c, 0x04, 0x96, 0x04, 0x90,
  0x04, 0x8a, 0x04, 0x84, 0x04, 0x7e, 0x04, 0x78, 0x04, 0x72, 0x05, 0x6e,
  0x05, 0x68, 0x04, 0x6c, 0x04, 0x66, 0x04, 0x60, 0x04, 0x5a, 0x04, 0x54,
  0x04, 0x4e, 0x04, 0xb4, 0x04, 0xae, 0x04, 0x48, 0x04, 0x42, 0x04, 0x3c,
  0x04, 0x36, 0x04, 0x30, 0x04, 0x2a, 0x04, 0x24, 0x04, 0x1e, 0x04, 0x18,
  0x04, 0x12, 0x04, 0x0c, 0x04, 0x8a, 0x04, 0x06, 0x04, 0x00, 0x03, 0xfa,
  0x03, 0xf4, 0x03, 0xee, 0x03, 0xe8, 0x04, 0x3c, 0x04, 0x36, 0x03, 0xe2,
  0x03, 0xdc, 0x03, 0xd6, 0x03, 0xd0, 0x05, 0xaa, 0x05, 0xa4, 0x03, 0xca,
  0x03, 0xc4, 0x03, 0xbe, 0x05, 0xec, 0x03, 0xb8, 0x05, 0xec, 0x03, 0xb2,
  0x05, 0xec, 0x03, 0xac, 0x05, 0xec, 0x03, 0xa6, 0x05, 0xec, 0x03, 0xa0,
  0x05, 0xec, 0x05, 0xda, 0x03, 0x9a, 0x03, 0x94, 0x05, 0xbc, 0x03, 0x8e,
  0x05, 0xbc, 0x03, 0x88, 0x05, 0xbc, 0x03, 0x82, 0x05, 0xbc, 0x03, 0x7c,
  0x03, 0x76, 0x03, 0x70, 0x05, 0x8c, 0x03, 0x6a, 0x05, 0x8c, 0x03, 0x64,
  0x05, 0x8c, 0x03, 0x5e, 0x05, 0x8c, 0x03, 0x58, 0x05, 0x50, 0x03, 0x52,
  0x03, 0x4c, 0x03, 0x46, 0x05, 0x44, 0x03, 0x40, 0x05, 0x44, 0x03, 0x3a,
  0x05, 0x44, 0x03, 0x34, 0x05, 0x44, 0x03, 0x2e, 0x05, 0x44, 0x05, 0xc2,
  0x05, 0x3e, 0x03, 0x28, 0x05, 0x1a, 0x03, 0x22, 0x05, 0x1a, 0x03, 0x1c,
  0x05, 0x1a, 0x03, 0x16, 0x05, 0x1a, 0x03, 0x10, 0x05, 0x02, 0x03, 0x0a,
  0x05, 0x02, 0x03, 0x04, 0x05, 0x02, 0x02, 0xfe, 0x05, 0x02, 0x02, 0xf8,
  0x05, 0xa4, 0x02, 0xf2, 0x05, 0xa4, 0x02, 0xec, 0x05, 0xa4, 0x02, 0xe6,
  0x05, 0xa4, 0x02, 0xe0, 0x04, 0xde, 0x02, 0xda, 0x04, 0xde, 0x02, 0xd4,
  0x04, 0xde, 0x02, 0xce, 0x04, 0xde, 0x02, 0xc8, 0x04, 0xde, 0x02, 0xc2,
  0x04, 0xde, 0x04, 0xcc, 0x02, 0xbc, 0x02, 0xb6, 0x04, 0xae, 0x02, 0xb0,
  0x04, 0xae, 0x02, 0xaa, 0x04, 0xae, 0x02, 0xa4, 0x04, 0xae, 0x02, 0x9e,
  0x02, 0x98, 0x02, 0x92, 0x04, 0x66, 0x02, 0x8c, 0x04, 0x66, 0x04, 0x84,
  0x04, 0x66, 0x02, 0x86, 0x04, 0x66, 0x02, 0x80, 0x04, 0x66, 0x02, 0x7a,
  0x04, 0x72, 0x04, 0x54, 0x04, 0x4e, 0x02, 0x74, 0x04, 0x4e, 0x02, 0xb6,
  0x04, 0xae, 0x02, 0xb0, 0x04, 0xae, 0x02, 0xaa, 0x04, 0xae, 0x02, 0x6e,
  0x02, 0x68, 0x02, 0xa4, 0x04, 0xae, 0x02, 0x62, 0x02, 0x5c, 0x02, 0x56,
  0x04, 0xae, 0x02, 0x50, 0x04, 0x8a, 0x02, 0x4a, 0x04, 0x8a, 0x02, 0x44,
  0x04, 0x8a, 0x02, 0x3e, 0x04, 0x8a, 0x02, 0x38, 0x03, 0xf4, 0x02, 0x32,
  0x03, 0xf4, 0x02, 0x2c, 0x03, 0xf4, 0x02, 0x26, 0x03, 0xf4, 0x02, 0x20,
  0x04, 0x36, 0x02, 0x1a, 0x04, 0x36, 0x02, 0x14, 0x04, 0x36, 0x02, 0x0e,
  0x04, 0x36, 0x00, 0x01, 0x01, 0x07, 0x02, 0xdd, 0x00, 0x01, 0x01, 0x71,
  0x02, 0xc9, 0x00, 0x01, 0x01, 0x71, 0x02, 0xda, 0x00, 0x01, 0x01, 0xdb,
  0x02, 0xdd, 0x00, 0x01, 0x01, 0x4c, 0x02, 0xdd, 0x00, 0x01, 0x01, 0xb6,
  0x02, 0xc9, 0x00, 0x01, 0x01, 0xb6, 0x02, 0xda, 0x00, 0x01, 0x02, 0x20,
  0x02, 0xdd, 0x00, 0x01, 0x00, 0xfd, 0x02, 0xdd, 0x00, 0x01, 0x01, 0x67,
  0x02, 0xc9, 0x00, 0x01, 0x01, 0x67, 0x02, 0xda, 0x00, 0x01, 0x01, 0xd1,
  0x02, 0xdd, 0x00, 0x01, 0x01, 0x9c, 0x02, 0xdf, 0x00, 0x01, 0x01, 0x9d,
  0x00, 0x00, 0x00, 0x01, 0x01, 0x9d, 0x02, 0x03, 0x00, 0x01, 0x02, 0xb6,
  0x00, 0x00, 0x00, 0x01, 0x02, 0xb6, 0x02, 0x03, 0x00, 0x01, 0x01, 0x6c,
  0x02, 0xdf, 0x00, 0x01, 0x00, 0x7c, 0x02, 0x03, 0x00, 0x01, 0x00, 0x16,
  0x02, 0xdd, 0x00, 0x01, 0x00, 0x80, 0x02, 0x03, 0x00, 0x01, 0x00, 0x80,
  0x02, 0xda, 0x00, 0x01, 0x00, 0xea, 0x02, 0xdd, 0x00, 0x01, 0x01, 0xf5,
  0x00, 0x00, 0x00, 0x01, 0x01, 0xf5, 0x02, 0xcb, 0x00, 0x01, 0x01, 0x32,
  0x02, 0xdd, 0x00, 0x01, 0x01, 0x9c, 0x02, 0xc9, 0x00, 0x01, 0x01, 0x9c,
  0x02, 0xda, 0x00, 0x01, 0x02, 0x06, 0x02, 0xdd, 0x00, 0x01, 0x01, 0x9b,
  0xff, 0x1f, 0x00, 0x01, 0x01, 0x8f, 0x02, 0xdf, 0x00, 0x01, 0x01, 0x8f,
  0x02, 0xef, 0x00, 0x01, 0x01, 0x25, 0x02, 0xdd, 0x00, 0x01, 0x01, 0x8f,
  0x02, 0xc9, 0x00, 0x01, 0x01, 0x8f, 0x02, 0xda, 0x00, 0x01, 0x01, 0xf9,
  0x02, 0xdd, 0x00, 0x01, 0x01, 0x46, 0x03, 0x84, 0x00, 0x01, 0x01, 0xcb,
  0x03, 0x71, 0x00, 0x01, 0x01, 0xcb, 0x03, 0x84, 0x00, 0x01, 0x02, 0x2c,
  0x03, 0x84, 0x00, 0x01, 0x01, 0x9f, 0x03, 0x84, 0x00, 0x01, 0x02, 0x24,
  0x03, 0x71, 0x00, 0x01, 0x02, 0x24, 0x03, 0x84, 0x00, 0x01, 0x02, 0x85,
  0x03, 0x84, 0x00, 0x01, 0x01, 0x5e, 0x03, 0x84, 0x00, 0x01, 0x01, 0xe3,
  0x03, 0x71, 0x00, 0x01, 0x01, 0xe3, 0x03, 0x84, 0x00, 0x01, 0x02, 0x44,
  0x03, 0x84, 0x00, 0x01, 0x02, 0x10, 0x03, 0x93, 0x00, 0x01, 0x01, 0x8b,
  0x03, 0x84, 0x00, 0x01, 0x02, 0x10, 0x03, 0x71, 0x00, 0x01, 0x02, 0x10,
  0x03, 0x84, 0x00, 0x01, 0x02, 0x71, 0x03, 0x84, 0x00, 0x01, 0x02, 0xd5,
  0x00, 0x00, 0x00, 0x01, 0x02, 0xd5, 0x02, 0xcb, 0x00, 0x01, 0x01, 0xe4,
  0x03, 0x93, 0x00, 0x01, 0x00, 0x11, 0x03, 0x84, 0x00, 0x01, 0x00, 0x96,
  0x03, 0x71, 0x00, 0x01, 0x00, 0x96, 0x03, 0x84, 0x00, 0x01, 0x00, 0xf7,
  0x03, 0x84, 0x00, 0x01, 0x02, 0x0b, 0x00, 0x00, 0x00, 0x01, 0x02, 0x0b,
  0x02, 0xcb, 0x00, 0x01, 0x01, 0x49, 0x03, 0x84, 0x00, 0x01, 0x01, 0xce,
  0x03, 0x71, 0x00, 0x01, 0x01, 0xce, 0x03, 0x84, 0x00, 0x01, 0x02, 0x2f,
  0x03, 0x84, 0x00, 0x01, 0x02, 0x07, 0xff, 0x1f, 0x00, 0x01, 0x01, 0xc8,
  0x03, 0x93, 0x00, 0x01, 0x01, 0xc8, 0x03, 0xc0, 0x00, 0x01, 0x01, 0x43,
  0x03, 0x84, 0x00, 0x01, 0x01, 0xc8, 0x03, 0x71, 0x00, 0x01, 0x01, 0xc8,
  0x03, 0x84, 0x00, 0x01, 0x02, 0x29, 0x03, 0x84, 0x00, 0x01, 0x02, 0xd8,
  0x00, 0x00, 0x00, 0x01, 0x02, 0xd9, 0x02, 0xcb, 0x00, 0x01, 0x01, 0x9b,
  0x00, 0x64, 0x00, 0x01, 0x01, 0x56, 0x02, 0x67, 0x00, 0x01, 0x01, 0x5d,
  0x00, 0x00, 0x00, 0x01, 0x01, 0x5d, 0x02, 0x03, 0x00, 0x01, 0x01, 0x6e,
  0x00, 0x00, 0x00, 0x01, 0x01, 0x6e, 0x02, 0x03, 0x00, 0x01, 0x01, 0xb6,
  0x00, 0x00, 0x00, 0x01, 0x01, 0xb6, 0x02, 0x03, 0x00, 0x01, 0x01, 0x63,
  0x00, 0x00, 0x00, 0x01, 0x01, 0x63, 0x02, 0x03, 0x00, 0x01, 0x01, 0x67,
  0x02, 0x03, 0x00, 0x01, 0x01, 0x13, 0x00, 0x00, 0x00, 0x01, 0x01, 0x13,
  0x02, 0x03, 0x00, 0x01, 0x01, 0x75, 0x00, 0x00, 0x00, 0x01, 0x01, 0x75,
  0x02, 0x03, 0x00, 0x01, 0x01, 0x51, 0x00, 0x00, 0x00, 0x01, 0x01, 0x51,
  0x02, 0x03, 0x00, 0x01, 0x01, 0x71, 0x00, 0x00, 0x00, 0x01, 0x01, 0x71,
  0x02, 0x03, 0x00, 0x01, 0x01, 0x77, 0x00, 0x00, 0x00, 0x01, 0x01, 0x77,
  0x02, 0x03, 0x00, 0x01, 0x01, 0x6c, 0x00, 0x00, 0x00, 0x01, 0x01, 0x6c,
  0x02, 0x03, 0x00, 0x01, 0x01, 0xda, 0x00, 0x00, 0x00, 0x01, 0x01, 0xda,
  0x02, 0x03, 0x00, 0x01, 0x00, 0x80, 0x00, 0x00, 0x00, 0x01, 0x00, 0x80,
  0x02, 0xcb, 0x00, 0x01, 0x00, 0x7c, 0xff, 0x1f, 0x00, 0x01, 0x00, 0x7c,
  0x02, 0xc9, 0x00, 0x01, 0x00, 0x86, 0x00, 0x00, 0x00, 0x01, 0x00, 0x80,
  0x02, 0xc9, 0x00, 0x01, 0x01, 0x67, 0x00, 0x00, 0x00, 0x01, 0x01, 0x67,
  0x02, 0xcb, 0x00, 0x01, 0x01, 0x76, 0xff, 0x1f, 0x00, 0x01, 0x01, 0x76,
  0x02, 0x03, 0x00, 0x01, 0x01, 0x1b, 0x00, 0x00, 0x00, 0x01, 0x01, 0x1b,
  0x02, 0xcb, 0x00, 0x01, 0x01, 0x9c, 0x00, 0x00, 0x00, 0x01, 0x01, 0x9c,
  0x02, 0x03, 0x00, 0x01, 0x01, 0x72, 0x00, 0x00, 0x00, 0x01, 0x01, 0x72,
  0x02, 0xcb, 0x00, 0x01, 0x01, 0x9b, 0x00, 0x00, 0x00, 0x01, 0x01, 0x56,
  0x02, 0x03, 0x00, 0x01, 0x01, 0x7e, 0x00, 0x00, 0x00, 0x01, 0x01, 0x7e,
  0x02, 0xcb, 0x00, 0x01, 0x01, 0x7b, 0x00, 0x00, 0x00, 0x01, 0x01, 0x8f,
  0x02, 0x03, 0x00, 0x01, 0x01, 0x9f, 0x00, 0x00, 0x00, 0x01, 0x01, 0x9f,
  0x02, 0xcb, 0x00, 0x01, 0x01, 0xd2, 0x00, 0x00, 0x00, 0x01, 0x01, 0xd2,
  0x02, 0xcb, 0x00, 0x01, 0x02, 0x24, 0x00, 0x00, 0x00, 0x01, 0x02, 0x24,
  0x02, 0xcb, 0x00, 0x01, 0x01, 0xbe, 0x00, 0x00, 0x00, 0x01, 0x01, 0xbe,
  0x02, 0xcb, 0x00, 0x01, 0x01, 0xe3, 0x00, 0x00, 0x00, 0x01, 0x01, 0xe3,
  0x02, 0xcb, 0x00, 0x01, 0x01, 0xea, 0x00, 0x00, 0x00, 0x01, 0x01, 0xea,
  0x02, 0xcb, 0x00, 0x01, 0x01, 0xc4, 0x00, 0x00, 0x00, 0x01, 0x01, 0xc4,
  0x02, 0xcb, 0x00, 0x01, 0x01, 0xce, 0x00, 0x00, 0x00, 0x01, 0x02, 0x10,
  0x00, 0x00, 0x00, 0x01, 0x02, 0x10, 0x02, 0xcb, 0x00, 0x01, 0x01, 0xe4,
  0x00, 0x00, 0x00, 0x01, 0x01, 0xe4, 0x02, 0xcb, 0x00, 0x01, 0x02, 0x1a,
  0x00, 0x00, 0x00, 0x01, 0x02, 0x1a, 0x02, 0xcb, 0x00, 0x01, 0x01, 0x83,
  0x00, 0x00, 0x00, 0x01, 0x01, 0x83, 0x02, 0xcb, 0x00, 0x01, 0x01, 0xcd,
  0x00, 0x00, 0x00, 0x01, 0x01, 0xcd, 0x02, 0xcb, 0x00, 0x01, 0x01, 0x84,
  0x00, 0x00, 0x00, 0x01, 0x01, 0x84, 0x02, 0xcb, 0x00, 0x01, 0x00, 0x96,
  0x00, 0x00, 0x00, 0x01, 0x00, 0x96, 0x02, 0xcb, 0x00, 0x01, 0x01, 0xe2,
  0x00, 0x00, 0x00, 0x01, 0x01, 0xe2, 0x02, 0xcb, 0x00, 0x01, 0x01, 0xcb,
  0x00, 0x00, 0x00, 0x01, 0x01, 0xcb, 0x02, 0xcb, 0x00, 0x01, 0x01, 0xba,
  0x00, 0x00, 0x00, 0x01, 0x01, 0xba, 0x02, 0xcb, 0x00, 0x01, 0x01, 0xc9,
  0x00, 0x00, 0x00, 0x01, 0x01, 0xce, 0x02, 0xcb, 0x00, 0x01, 0x01, 0xde,
  0x00, 0x00, 0x00, 0x01, 0x01, 0xde, 0x02, 0xcb, 0x00, 0x01, 0x02, 0x07,
  0x00, 0x00, 0x00, 0x01, 0x01, 0xa3, 0x02, 0xcb, 0x00, 0x01, 0x01, 0xe8,
  0x00, 0x00, 0x00, 0x01, 0x01, 0xe8, 0x02, 0xcb, 0x00, 0x01, 0x01, 0xc8,
  0x00, 0x00, 0x00, 0x01, 0x01, 0xc8, 0x02, 0xcb, 0x00, 0x01, 0x01, 0x75,
  0x00, 0x64, 0x00, 0x01, 0x01, 0x75, 0x02, 0x67, 0x00, 0x02, 0x00, 0x16,
  0x00, 0x07, 0x00, 0x07, 0x00, 0x00, 0x00, 0x24, 0x00, 0x3d, 0x00, 0x01,
  0x00, 0x44, 0x00, 0x5d, 0x00, 0x1b, 0x00, 0x62, 0x00, 0x62, 0x00, 0x35,
  0x00, 0x68, 0x00, 0x68, 0x00, 0x36, 0x00, 0x72, 0x00, 0x7e, 0x00, 0x37,
  0x00, 0x81, 0x00, 0x84, 0x00, 0x44, 0x00, 0x86, 0x00, 0x86, 0x00, 0x48,
  0x00, 0x88, 0x00, 0x8c, 0x00, 0x49, 0x00, 0x8e, 0x00, 0x8e, 0x00, 0x4e,
  0x00, 0x90, 0x00, 0x94, 0x00, 0x4f, 0x00, 0x96, 0x00, 0x9f, 0x00, 0x54,
  0x00, 0xa3, 0x00, 0xa3, 0x00, 0x5e, 0x00, 0xa5, 0x00, 0xa7, 0x00, 0x5f,
  0x00, 0xaa, 0x00, 0xaa, 0x00, 0x62, 0x00, 0xb9, 0x00, 0xbc, 0x00, 0x63,
  0x00, 0xbe, 0x00, 0xbe, 0x00, 0x67, 0x00, 0xc9, 0x00, 0xce, 0x00, 0x68,
  0x00, 0xd1, 0x00, 0xd1, 0x00, 0x6e, 0x00, 0xd4, 0x00, 0xd9, 0x00, 0x6f,
  0x00, 0xdf, 0x00, 0xe0, 0x00, 0x75, 0x00, 0xf3, 0x00, 0xfe, 0x00, 0x77,
  0x00, 0x0f, 0x00, 0x00, 0x00, 0x92, 0x00, 0x00, 0x00, 0x8c, 0x00, 0x01,
  0x00, 0x86, 0x00, 0x00, 0x00, 0x80, 0x00, 0x00, 0x00, 0x7a, 0x00, 0x00,
  0x00, 0x74, 0x00, 0x00, 0x00, 0x6e, 0x00, 0x00, 0x00, 0x68, 0x00, 0x00,
  0x00, 0x62, 0x00, 0x00, 0x00, 0x5c, 0x00, 0x00, 0x00, 0x56, 0x00, 0x00,
  0x00, 0x50, 0x00, 0x00, 0x00, 0x4a, 0x00, 0x00, 0x00, 0x44, 0x00, 0x00,
  0x00, 0x3e, 0x00, 0x01, 0x01, 0x4d, 0x02, 0xcb, 0x00, 0x01, 0x01, 0x43,
  0x02, 0x03, 0x00, 0x01, 0x01, 0x05, 0x02, 0xcb, 0x00, 0x01, 0x00, 0xe7,
  0x02, 0x03, 0x00, 0x01, 0x01, 0x88, 0x02, 0xcb, 0x00, 0x01, 0x01, 0x59,
  0x02, 0x03, 0x00, 0x01, 0x00, 0x9f, 0x02, 0xcb, 0x00, 0x01, 0x00, 0x86,
  0x02, 0x03, 0x00, 0x01, 0x01, 0x44, 0x02, 0xcb, 0x00, 0x01, 0x01, 0x21,
  0x02, 0x03, 0x00, 0x01, 0x01, 0x70, 0x02, 0xcb, 0x00, 0x01, 0x01, 0x48,
  0x02, 0x03, 0x00, 0x01, 0x00, 0xb1, 0x00, 0x00, 0x00, 0x01, 0x00, 0x8e,
  0x02, 0xcb, 0x00, 0x01, 0x00, 0x85, 0x02, 0x03, 0x00, 0x01, 0x00, 0x0f,
  0x00, 0xa1, 0x00, 0xa2, 0x00, 0xac, 0x00, 0xae, 0x00, 0xaf, 0x00, 0xb3,
  0x00, 0xb4, 0x00, 0xb6, 0x00, 0xb7, 0x00, 0xc3, 0x00, 0xc4, 0x00, 0xe7,
  0x00, 0xe8, 0x00, 0xf0, 0x00, 0xf1, 0x00, 0x02, 0x00, 0x08, 0x00, 0x02,
  0x12, 0xce, 0x00, 0x0a, 0x00, 0x02, 0x0d, 0xc6, 0x00, 0x04, 0x00, 0x00,
  0x10, 0xc8, 0x0e, 0xcc, 0x00, 0x2d, 0x00, 0x27, 0x00, 0x00, 0x00, 0x00,
  0x00, 0x00, 0x00, 0x00, 0x00, 0x00, 0x00, 0x00, 0x00, 0x00, 0x00, 0x00,
  0x00, 0x00, 0x00, 0x00, 0x00, 0x00, 0xff, 0xf6, 0x00, 0x00, 0x00, 0x00,
  0x00, 0x00, 0x00, 0x00, 0x00, 0x00, 0x00, 0x00, 0x00, 0x00, 0x00, 0x00,
  0x00, 0x00, 0xff, 0xe2, 0x00, 0x00, 0x00, 0x00, 0x00, 0x14, 0x00, 0x00,
  0x00, 0x00, 0x00, 0x00, 0x00, 0x00, 0x00, 0x00, 0x00, 0x00, 0x00, 0x00,
  0x00, 0x00, 0x00, 0x00, 0x00, 0x00, 0x00, 0x00, 0x00, 0x00, 0x00, 0x00,
  0x00, 0x00, 0x00, 0x00, 0x00, 0x00, 0x00, 0x14, 0x00, 0x00, 0x00, 0x00,
  0x00, 0x00, 0xff, 0xec, 0x00, 0x00, 0x00, 0x00, 0xff, 0xe2, 0x00, 0x00,
  0x00, 0x00, 0x00, 0x00, 0x00, 0x00, 0x00, 0x00, 0x00, 0x00, 0x00, 0x00,
  0x00, 0x00, 0xff, 0xba, 0xff, 0xf6, 0x00, 0x00, 0x00, 0x00, 0x00, 0x00,
  0x00, 0x00, 0x00, 0x00, 0x00, 0x00, 0x00, 0x00, 0x00, 0x00, 0x00, 0x00,
  0x00, 0x00, 0x00, 0x00, 0x00, 0x00, 0x00, 0x00, 0xff, 0xce, 0xff, 0xec,
  0xff, 0xd8, 0x00, 0x00, 0x00, 0x00, 0x00, 0x00, 0x00, 0x00, 0x00, 0x00,
  0x00, 0x00, 0x00, 0x00, 0x00, 0x00, 0x00, 0x00, 0xff, 0xd8, 0x00, 0x00,
  0x00, 0x00, 0x00, 0x00, 0x00, 0x00, 0xff, 0xec, 0x00, 0x00, 0x00, 0x00,
  0x00, 0x00, 0x00, 0x00, 0x00, 0x00, 0x00, 0x00, 0xff, 0x92, 0xff, 0xec,
  0x00, 0x00, 0xff, 0xd8, 0x00, 0x00, 0x00, 0x00, 0x00, 0x00, 0x00, 0x00,
  0xff, 0xa6, 0x00, 0x00, 0xff, 0xc4, 0x00, 0x00, 0x00, 0x00, 0x00, 0x00,
  0x00, 0x00, 0xff, 0xba, 0xff, 0xba, 0x00, 0x00, 0x00, 0x00, 0x00, 0x00,
  0xff, 0xc4, 0x00, 0x00, 0x00, 0x00, 0x00, 0x00, 0x00, 0x00, 0x00, 0x00,
  0x00, 0x00, 0xff, 0xa6, 0x00, 0x00, 0x00, 0x00, 0x00, 0x00, 0x00, 0x00,
  0x00, 0x00, 0x00, 0x00, 0x00, 0x00, 0x00, 0x00, 0x00, 0x00, 0x00, 0x00,
  0x00, 0x00, 0x00, 0x00, 0x00, 0x00, 0x00, 0x00, 0x00, 0x00, 0x00, 0x00,
  0x00, 0x00, 0x00, 0x23, 0x00, 0x00, 0x00, 0x00, 0x00, 0x00, 0x00, 0x00,
  0x00, 0x00, 0xff, 0xc9, 0x00, 0x00, 0x00, 0x00, 0x00, 0x00, 0x00, 0x00,
  0x00, 0x00, 0x00, 0x00, 0xff, 0x7e, 0xff, 0x88, 0x00, 0x00, 0x00, 0x00,
  0x00, 0x00, 0x00, 0x00, 0x00, 0x00, 0x00, 0x00, 0x00, 0x00, 0x00, 0x00,
  0x00, 0x00, 0x00, 0x00, 0x00, 0x00, 0xff, 0xf6, 0x00, 0x00, 0x00, 0x00,
  0x00, 0x00, 0x00, 0x00, 0x00, 0x00, 0x00, 0x00, 0x00, 0x00, 0x00, 0x00,
  0x00, 0x00, 0x00, 0x00, 0x00, 0x00, 0x00, 0x00, 0x00, 0x00, 0x00, 0x00,
  0x00, 0x00, 0x00, 0x00, 0x00, 0x00, 0x00, 0x00, 0x00, 0x00, 0x00, 0x00,
  0x00, 0x00, 0x00, 0x00, 0x00, 0x00, 0x00, 0x00, 0x00, 0x00, 0x00, 0x00,
  0x00, 0x00, 0x00, 0x00, 0x00, 0x00, 0x00, 0x00, 0x00, 0x00, 0x00, 0x00,
  0x00, 0x00, 0x00, 0x00, 0x00, 0x00, 0x00, 0x00, 0x00, 0x00, 0x00, 0x00,
  0xff, 0xe7, 0x00, 0x00, 0x00, 0x00, 0x00, 0x00, 0x00, 0x00, 0x00, 0x00,
  0x00, 0x00, 0x00, 0x00, 0x00, 0x00, 0x00, 0x00, 0x00, 0x00, 0x00, 0x00,
  0x00, 0x00, 0x00, 0x00, 0x00, 0x00, 0x00, 0x00, 0x00, 0x00, 0x00, 0x00,
  0x00, 0x00, 0x00, 0x00, 0x00, 0x00, 0x00, 0x00, 0x00, 0x00, 0x00, 0x00,
  0x00, 0x00, 0x00, 0x00, 0x00, 0x00, 0x00, 0x00, 0x00, 0x00, 0xff, 0xe2,
  0xff, 0xec, 0xff, 0xd8, 0xff, 0xa6, 0x00, 0x00, 0x00, 0x00, 0x00, 0x00,
  0x00, 0x00, 0x00, 0x00, 0xff, 0xec, 0xff, 0xba, 0x00, 0x00, 0x00, 0x00,
  0x00, 0x00, 0x00, 0x00, 0x00, 0x00, 0x00, 0x00, 0xff, 0x5b, 0xff, 0xd8,
  0x00, 0x00, 0x00, 0x00, 0x00, 0x00, 0x00, 0x00, 0x00, 0x00, 0x00, 0x00,
  0x00, 0x00, 0x00, 0x00, 0x00, 0x00, 0x00, 0x00, 0x00, 0x00, 0x00, 0x00,
  0xff, 0xb0, 0x00, 0x00, 0xff, 0x9c, 0xff, 0x56, 0xff, 0x9c, 0x00, 0x00,
  0x00, 0x00, 0x00, 0x00, 0x00, 0x00, 0x00, 0x00, 0x00, 0x00, 0x00, 0x00,
  0x00, 0x00, 0xff, 0xec, 0x00, 0x00, 0x00, 0x00, 0x00, 0x00, 0x00, 0x00,
  0x00, 0x00, 0x00, 0x00, 0x00, 0x00, 0x00, 0x00, 0x00, 0x00, 0x00, 0x00,
  0x00, 0x00, 0x00, 0x00, 0x00, 0x00, 0x00, 0x00, 0x00, 0x00, 0x00, 0x00,
  0x00, 0x00, 0x00, 0x00, 0x00, 0x00, 0x00, 0x00, 0x00, 0x00, 0x00, 0x00,
  0x00, 0x00, 0x00, 0x00, 0x00, 0x00, 0x00, 0x00, 0x00, 0x00, 0x00, 0x00,
  0x00, 0x00, 0x00, 0x00, 0x00, 0x00, 0x00, 0x00, 0x00, 0x00, 0x00, 0x00,
  0xff, 0xe2, 0x00, 0x00, 0x00, 0x00, 0x00, 0x00, 0x00, 0x00, 0x00, 0x00,
  0x00, 0x00, 0x00, 0x00, 0x00, 0x00, 0xff, 0xc4, 0x00, 0x00, 0xff, 0xec,
  0x00, 0x00, 0x00, 0x00, 0x00, 0x00, 0x00, 0x00, 0xff, 0x74, 0xff, 0xe2,
  0x00, 0x00, 0x00, 0x00, 0x00, 0x00, 0x00, 0x00, 0xff, 0xc4, 0xff, 0xec,
  0xff, 0xa6, 0x00, 0x00, 0xff, 0xba, 0x00, 0x00, 0x00, 0x00, 0x00, 0x00,
  0x00, 0x00, 0x00, 0x00, 0xff, 0x88, 0xff, 0x9c, 0xff, 0x9c, 0x00, 0x00,
  0x00, 0x00, 0x00, 0x00, 0xff, 0xf6, 0x00, 0x00, 0xff, 0xec, 0x00, 0x00,
  0x00, 0x00, 0x00, 0x00, 0x00, 0x00, 0x00, 0x00, 0xff, 0xc4, 0x00, 0x00,
  0x00, 0x00, 0x00, 0x00, 0x00, 0x00, 0xff, 0xc4, 0x00, 0x00, 0x00, 0x00,
  0x00, 0x00, 0x00, 0x00, 0x00, 0x00, 0x00, 0x00, 0x00, 0x00, 0x00, 0x00,
  0x00, 0x00, 0x00, 0x00, 0x00, 0x00, 0x00, 0x00, 0x00, 0x00, 0x00, 0x00,
  0x00, 0x00, 0x00, 0x00, 0x00, 0x00, 0x00, 0x00, 0x00, 0x00, 0x00, 0x00,
  0x00, 0x00, 0x00, 0x00, 0x00, 0x00, 0x00, 0x00, 0x00, 0x00, 0x00, 0x00,
  0x00, 0x00, 0x00, 0x00, 0x00, 0x00, 0x00, 0x00, 0x00, 0x00, 0x00, 0x00,
  0x00, 0x00, 0x00, 0x00, 0x00, 0x00, 0xff, 0xec, 0x00, 0x00, 0x00, 0x00,
  0x00, 0x00, 0x00, 0x00, 0x00, 0x00, 0x00, 0x00, 0xff, 0xdd, 0x00, 0x00,
  0x00, 0x00, 0x00, 0x00, 0x00, 0x00, 0x00, 0x00, 0x00, 0x00, 0x00, 0x00,
  0x00, 0x00, 0x00, 0x00, 0x00, 0x00, 0x00, 0x00, 0x00, 0x00, 0x00, 0x00,
  0x00, 0x00, 0x00, 0x00, 0xff, 0xf1, 0x00, 0x00, 0x00, 0x00, 0x00, 0x00,
  0x00, 0x00, 0x00, 0x00, 0x00, 0x00, 0xff, 0xec, 0x00, 0x00, 0x00, 0x00,
  0x00, 0x00, 0x00, 0x00, 0x00, 0x00, 0x00, 0x00, 0x00, 0x00, 0x00, 0x00,
  0x00, 0x00, 0x00, 0x00, 0x00, 0x00, 0x00, 0x00, 0x00, 0x00, 0xff, 0xd8,
  0x00, 0x00, 0x00, 0x00, 0x00, 0x00, 0x00, 0x00, 0x00, 0x00, 0x00, 0x00,
  0x00, 0x00, 0x00, 0x00, 0x00, 0x00, 0x00, 0x00, 0x00, 0x00, 0x00, 0x00,
  0x00, 0x00, 0x00, 0x00, 0x00, 0x00, 0x00, 0x00, 0x00, 0x00, 0x00, 0x00,
  0x00, 0x00, 0x00, 0x00, 0x00, 0x00, 0x00, 0x00, 0x00, 0x00, 0x00, 0x00,
  0x00, 0x00, 0x00, 0x00, 0x00, 0x00, 0x00, 0x00, 0x00, 0x00, 0x00, 0x00,
  0x00, 0x00, 0xff, 0xec, 0x00, 0x00, 0x00, 0x00, 0x00, 0x00, 0x00, 0x00,
  0x00, 0x00, 0x00, 0x00, 0x00, 0x00, 0x00, 0x00, 0x00, 0x00, 0x00, 0x00,
  0x00, 0x00, 0x00, 0x00, 0x00, 0x00, 0x00, 0x00, 0x00, 0x00, 0x00, 0x00,
  0xff, 0xce, 0x00, 0x00, 0xff, 0xe2, 0x00, 0x00, 0x00, 0x00, 0x00, 0x00,
  0x00, 0x00, 0x00, 0x00, 0x00, 0x00, 0x00, 0x00, 0x00, 0x00, 0x00, 0x00,
  0x00, 0x00, 0x00, 0x00, 0x00, 0x00, 0x00, 0x00, 0x00, 0x00, 0x00, 0x00,
  0x00, 0x00, 0xff, 0xb0, 0x00, 0x00, 0x00, 0x00, 0x00, 0x00, 0x00, 0x00,
  0x00, 0x00, 0x00, 0x00, 0x00, 0x00, 0x00, 0x00, 0x00, 0x00, 0x00, 0x00,
  0x00, 0x00, 0x00, 0x00, 0x00, 0x00, 0x00, 0x00, 0x00, 0x00, 0x00, 0x00,
  0x00, 0x00, 0x00, 0x00, 0x00, 0x00, 0x00, 0x1e, 0x00, 0x00, 0x00, 0x28,
  0x00, 0x00, 0x00, 0x00, 0x00, 0x00, 0x00, 0x00, 0x00, 0x00, 0x00, 0x00,
  0x00, 0x00, 0x00, 0x00, 0x00, 0x00, 0xff, 0xb0, 0x00, 0x00, 0x00, 0x00,
  0x00, 0x00, 0x00, 0x00, 0x00, 0x00, 0x00, 0x00, 0x00, 0x00, 0x00, 0x00,
  0x00, 0x00, 0x00, 0x00, 0x00, 0x00, 0x00, 0x00, 0x00, 0x00, 0x00, 0x00,
  0x00, 0x00, 0x00, 0x00, 0x00, 0x00, 0x00, 0x00, 0xff, 0x9c, 0x00, 0x00,
  0x00, 0x00, 0x00, 0x00, 0x00, 0x00, 0x00, 0x00, 0x00, 0x00, 0x00, 0x00,
  0xff, 0xb0, 0x00, 0x00, 0x00, 0x00, 0x00, 0x00, 0x00, 0x00, 0x00, 0x00,
  0x00, 0x00, 0xff, 0xd8, 0xff, 0xd8, 0x00, 0x00, 0x00, 0x00, 0x00, 0x00,
  0xff, 0xd8, 0x00, 0x00, 0x00, 0x00, 0x00, 0x00, 0x00, 0x00, 0x00, 0x00,
  0x00, 0x00, 0x00, 0x00, 0x00, 0x00, 0x00, 0x00, 0x00, 0x00, 0x00, 0x00,
  0x00, 0x00, 0x00, 0x00, 0x00, 0x00, 0x00, 0x00, 0x00, 0x00, 0x00, 0x00,
  0x00, 0x00, 0xff, 0xd8, 0x00, 0x00, 0x00, 0x00, 0x00, 0x00, 0x00, 0x00,
  0x00, 0x00, 0x00, 0x00, 0x00, 0x00, 0x00, 0x00, 0x00, 0x00, 0x00, 0x00,
  0x00, 0x00, 0x00, 0x00, 0x00, 0x00, 0x00, 0x00, 0x00, 0x00, 0x00, 0x00,
  0x00, 0x00, 0x00, 0x00, 0x00, 0x00, 0x00, 0x00, 0x00, 0x00, 0x00, 0x00,
  0x00, 0x00, 0x00, 0x00, 0x00, 0x00, 0x00, 0x00, 0x00, 0x00, 0x00, 0x00,
  0x00, 0x00, 0x00, 0x00, 0x00, 0x00, 0x00, 0x00, 0x00, 0x00, 0x00, 0x00,
  0x00, 0x00, 0x00, 0x00, 0x00, 0x00, 0x00, 0x00, 0x00, 0x00, 0x00, 0x00,
  0x00, 0x00, 0x00, 0x00, 0x00, 0x00, 0x00, 0x00, 0x00, 0x00, 0x00, 0x00,
  0xff, 0xe2, 0x00, 0x00, 0x00, 0x00, 0x00, 0x00, 0x00, 0x00, 0x00, 0x00,
  0x00, 0x00, 0x00, 0x00, 0x00, 0x00, 0x00, 0x00, 0x00, 0x00, 0x00, 0x00,
  0x00, 0x00, 0x00, 0x00, 0xff, 0x7e, 0xff, 0xb5, 0xff, 0x92, 0x00, 0x00,
  0xff, 0x88, 0xff, 0x5b, 0xff, 0xa6, 0xff, 0xa6, 0xff, 0x74, 0x00, 0x00,
  0xff, 0xba, 0x00, 0x00, 0x00, 0x00, 0xff, 0x6a, 0xff, 0xd8, 0xff, 0x9c,
  0x00, 0x00, 0x00, 0x00, 0x00, 0x00, 0xff, 0xc4, 0xff, 0xb0, 0xff, 0xce,
  0x00, 0x00, 0xff, 0xc4, 0x00, 0x00, 0x00, 0x00, 0xff, 0xb0, 0x00, 0x00,
  0x00, 0x00, 0x00, 0x00, 0xff, 0xba, 0x00, 0x00, 0x00, 0x00, 0x00, 0x00,
  0x00, 0x00, 0x00, 0x00, 0xff, 0x6a, 0xff, 0x29, 0x00, 0x00, 0xff, 0xf1,
  0xff, 0xf6, 0xff, 0xec, 0x00, 0x00, 0x00, 0x00, 0xff, 0xd8, 0x00, 0x00,
  0x00, 0x00, 0xff, 0xe2, 0x00, 0x00, 0x00, 0x00, 0x00, 0x00, 0x00, 0x00,
  0xff, 0xd8, 0x00, 0x00, 0x00, 0x00, 0x00, 0x00, 0x00, 0x00, 0x00, 0x00,
  0x00, 0x00, 0x00, 0x00, 0x00, 0x00, 0x00, 0x00, 0x00, 0x00, 0x00, 0x00,
  0x00, 0x00, 0x00, 0x00, 0x00, 0x00, 0x00, 0x00, 0x00, 0x00, 0x00, 0x00,
  0x00, 0x00, 0x00, 0x00, 0x00, 0x00, 0x00, 0x00, 0x00, 0x00, 0x00, 0x00,
  0xff, 0xc4, 0x00, 0x00, 0x00, 0x00, 0x00, 0x00, 0x00, 0x00, 0x00, 0x00,
  0x00, 0x00, 0x00, 0x00, 0x00, 0x00, 0x00, 0x00, 0x00, 0x00, 0x00, 0x00,
  0x00, 0x00, 0x00, 0x00, 0x00, 0x00, 0x00, 0x00, 0x00, 0x00, 0x00, 0x00,
  0x00, 0x00, 0xff, 0xd3, 0x00, 0x00, 0x00, 0x00, 0x00, 0x00, 0x00, 0x00,
  0x00, 0x00, 0x00, 0x00, 0x00, 0x00, 0x00, 0x00, 0x00, 0x00, 0x00, 0x00,
  0x00, 0x00, 0x00, 0x00, 0x00, 0x00, 0x00, 0x00, 0x00, 0x00, 0xff, 0xec,
  0x00, 0x00, 0x00, 0x00, 0x00, 0x00, 0xff, 0xf1, 0x00, 0x00, 0xff, 0xe2,
  0x00, 0x00, 0xff, 0xd8, 0x00, 0x00, 0x00, 0x00, 0x00, 0x00, 0x00, 0x00,
  0x00, 0x00, 0x00, 0x00, 0x00, 0x00, 0x00, 0x00, 0x00, 0x00, 0x00, 0x00,
  0x00, 0x00, 0x00, 0x00, 0x00, 0x00, 0x00, 0x00, 0x00, 0x00, 0x00, 0x00,
  0x00, 0x00, 0x00, 0x00, 0x00, 0x00, 0x00, 0x00, 0x00, 0x00, 0x00, 0x00,
  0x00, 0x00, 0x00, 0x00, 0x00, 0x00, 0x00, 0x00, 0x00, 0x00, 0x00, 0x00,
  0x00, 0x00, 0x00, 0x00, 0x00, 0x00, 0x00, 0x00, 0x00, 0x00, 0x00, 0x00,
  0x00, 0x00, 0x00, 0x00, 0x00, 0x00, 0x00, 0x00, 0x00, 0x00, 0x00, 0x00,
  0x00, 0x00, 0x00, 0x00, 0x00, 0x00, 0x00, 0x00, 0x00, 0x00, 0x00, 0x00,
  0x00, 0x00, 0x00, 0x00, 0x00, 0x00, 0x00, 0x00, 0x00, 0x00, 0x00, 0x00,
  0x00, 0x00, 0x00, 0x00, 0x00, 0x00, 0x00, 0x00, 0x00, 0x00, 0x00, 0x00,
  0x00, 0x00, 0x00, 0x00, 0x00, 0x00, 0xff, 0xec, 0x00, 0x00, 0x00, 0x00,
  0x00, 0x00, 0x00, 0x00, 0x00, 0x00, 0x00, 0x00, 0x00, 0x00, 0x00, 0x00,
  0x00, 0x00, 0x00, 0x00, 0x00, 0x00, 0x00, 0x00, 0x00, 0x00, 0x00, 0x00,
  0x00, 0x00, 0x00, 0x00, 0x00, 0x00, 0x00, 0x00, 0x00, 0x00, 0x00, 0x00,
  0x00, 0x00, 0x00, 0x00, 0x00, 0x00, 0x00, 0x00, 0x00, 0x00, 0x00, 0x00,
  0x00, 0x00, 0x00, 0x00, 0x00, 0x00, 0x00, 0x00, 0x00, 0x00, 0x00, 0x00,
  0x00, 0x00, 0x00, 0x00, 0x00, 0x00, 0x00, 0x00, 0x00, 0x00, 0x00, 0x00,
  0xff, 0xec, 0x00, 0x00, 0x00, 0x00, 0x00, 0x00, 0x00, 0x00, 0x00, 0x00,
  0x00, 0x00, 0x00, 0x00, 0x00, 0x00, 0x00, 0x00, 0x00, 0x00, 0x00, 0x00,
  0x00, 0x00, 0x00, 0x00, 0x00, 0x00, 0x00, 0x00, 0x00, 0x00, 0x00, 0x00,
  0x00, 0x00, 0x00, 0x00, 0x00, 0x00, 0x00, 0x00, 0x00, 0x00, 0x00, 0x00,
  0x00, 0x00, 0x00, 0x00, 0x00, 0x00, 0x00, 0x00, 0x00, 0x00, 0x00, 0x00,
  0x00, 0x00, 0x00, 0x00, 0x00, 0x00, 0x00, 0x00, 0x00, 0x00, 0x00, 0x00,
  0x00, 0x00, 0x00, 0x00, 0x00, 0x00, 0xff, 0xdd, 0x00, 0x00, 0x00, 0x00,
  0x00, 0x00, 0x00, 0x00, 0x00, 0x00, 0x00, 0x00, 0x00, 0x00, 0x00, 0x00,
  0x00, 0x00, 0x00, 0x00, 0x00, 0x00, 0x00, 0x00, 0x00, 0x00, 0x00, 0x00,
  0x00, 0x00, 0xff, 0xba, 0x00, 0x00, 0x00, 0x00, 0x00, 0x00, 0x00, 0x00,
  0x00, 0x00, 0xff, 0x92, 0x00, 0x00, 0x00, 0x00, 0x00, 0x00, 0xff, 0xf1,
  0x00, 0x00, 0x00, 0x00, 0xff, 0xce, 0xff, 0xec, 0x00, 0x00, 0x00, 0x00,
  0x00, 0x00, 0x00, 0x00, 0x00, 0x00, 0x00, 0x00, 0x00, 0x00, 0x00, 0x00,
  0x00, 0x14, 0x00, 0x00, 0x00, 0x32, 0x00, 0x00, 0xff, 0x9c, 0x00, 0x00,
  0x00, 0x00, 0x00, 0x00, 0x00, 0x00, 0x00, 0x00, 0x00, 0x00, 0x00, 0x00,
  0x00, 0x00, 0x00, 0x00, 0x00, 0x00, 0x00, 0x00, 0x00, 0x00, 0x00, 0x00,
  0x00, 0x00, 0x00, 0x00, 0x00, 0x00, 0x00, 0x00, 0x00, 0x00, 0x00, 0x00,
  0xff, 0xf6, 0x00, 0x00, 0x00, 0x00, 0x00, 0x00, 0x00, 0x00, 0x00, 0x00,
  0x00, 0x00, 0x00, 0x00, 0x00, 0x00, 0x00, 0x00, 0x00, 0x00, 0x00, 0x00,
  0x00, 0x00, 0x00, 0x00, 0x00, 0x00, 0x00, 0x00, 0x00, 0x00, 0x00, 0x00,
  0x00, 0x00, 0x00, 0x00, 0x00, 0x00, 0x00, 0x00, 0x00, 0x00, 0x00, 0x00,
  0x00, 0x00, 0x00, 0x00, 0x00, 0x00, 0x00, 0x00, 0x00, 0x00, 0x00, 0x14,
  0x00, 0x00, 0x00, 0x00, 0x00, 0x00, 0x00, 0x00, 0x00, 0x00, 0x00, 0x00,
  0x00, 0x00, 0x00, 0x00, 0x00, 0x00, 0x00, 0x00, 0x00, 0x00, 0x00, 0x00,
  0xff, 0xa6, 0x00, 0x00, 0x00, 0x00, 0x00, 0x00, 0x00, 0x00, 0x00, 0x00,
  0x00, 0x00, 0x00, 0x00, 0x00, 0x00, 0x00, 0x00, 0x00, 0x00, 0x00, 0x00,
  0x00, 0x00, 0x00, 0x00, 0x00, 0x00, 0x00, 0x00, 0x00, 0x00, 0x00, 0x00,
  0x00, 0x00, 0x00, 0x00, 0x00, 0x00, 0x00, 0x00, 0x00, 0x00, 0x00, 0x00,
  0x00, 0x00, 0x00, 0x00, 0x00, 0x00, 0x00, 0x00, 0x00, 0x00, 0x00, 0x00,
  0x00, 0x00, 0xff, 0xb0, 0x00, 0x00, 0x00, 0x00, 0x00, 0x00, 0x00, 0x00,
  0x00, 0x00, 0x00, 0x00, 0x00, 0x00, 0x00, 0x00, 0x00, 0x00, 0x00, 0x00,
  0x00, 0x00, 0xff, 0xdd, 0x00, 0x00, 0x00, 0x00, 0x00, 0x00, 0x00, 0x00,
  0x00, 0x00, 0x00, 0x00, 0x00, 0x00, 0x00, 0x00, 0x00, 0x00, 0x00, 0x00,
  0x00, 0x00, 0x00, 0x00, 0x00, 0x00, 0x00, 0x00, 0x00, 0x00, 0x00, 0x00,
  0x00, 0x00, 0x00, 0x00, 0xff, 0x9c, 0xff, 0x92, 0x00, 0x00, 0x00, 0x00,
  0x00, 0x00, 0x00, 0x00, 0x00, 0x00, 0x00, 0x00, 0x00, 0x00, 0x00, 0x00,
  0x00, 0x00, 0xff, 0xec, 0x00, 0x00, 0x00, 0x00, 0x00, 0x00, 0x00, 0x00,
  0x00, 0x00, 0x00, 0x00, 0x00, 0x00, 0x00, 0x00, 0x00, 0x00, 0x00, 0x00,
  0x00, 0x00, 0x00, 0x00, 0x00, 0x00, 0x00, 0x00, 0x00, 0x00, 0x00, 0x00,
  0xff, 0xc4, 0x00, 0x00, 0x00, 0x00, 0x00, 0x00, 0x00, 0x00, 0x00, 0x00,
  0x00, 0x00, 0x00, 0x00, 0x00, 0x00, 0x00, 0x00, 0x00, 0x00, 0x00, 0x00,
  0x00, 0x00, 0x00, 0x00, 0xff, 0xf6, 0x00, 0x00, 0x00, 0x00, 0x00, 0x00,
  0x00, 0x00, 0x00, 0x00, 0x00, 0x00, 0x00, 0x00, 0x00, 0x00, 0x00, 0x00,
  0x00, 0x00, 0x00, 0x00, 0x00, 0x00, 0x00, 0x00, 0x00, 0x00, 0x00, 0x00,
  0x00, 0x00, 0x00, 0x00, 0x00, 0x00, 0x00, 0x00, 0x00, 0x00, 0x00, 0x00,
  0x00, 0x00, 0x00, 0x00, 0x00, 0x00, 0x00, 0x00, 0x00, 0x00, 0x00, 0x00,
  0x00, 0x00, 0x00, 0x00, 0x00, 0x00, 0x00, 0x00, 0x00, 0x00, 0x00, 0x00,
  0x00, 0x00, 0x00, 0x00, 0x00, 0x00, 0x00, 0x00, 0x00, 0x00, 0x00, 0x00,
  0x00, 0x00, 0x00, 0x00, 0xff, 0xdd, 0x00, 0x00, 0x00, 0x00, 0x00, 0x00,
  0x00, 0x00, 0x00, 0x00, 0x00, 0x00, 0x00, 0x00, 0x00, 0x00, 0x00, 0x00,
  0x00, 0x00, 0x00, 0x00, 0x00, 0x00, 0x00, 0x00, 0x00, 0x00, 0x00, 0x00,
  0x00, 0x00, 0x00, 0x00, 0x00, 0x00, 0xff, 0xe2, 0x00, 0x00, 0x00, 0x00,
  0xff, 0x88, 0x00, 0x00, 0xff, 0xb0, 0xff, 0xd8, 0x00, 0x00, 0x00, 0x00,
  0x00, 0x00, 0x00, 0x00, 0x00, 0x00, 0x00, 0x00, 0x00, 0x00, 0x00, 0x00,
  0x00, 0x00, 0x00, 0x00, 0xff, 0xd8, 0x00, 0x00, 0xff, 0xd8, 0x00, 0x00,
  0x00, 0x00, 0x00, 0x00, 0x00, 0x00, 0x00, 0x00, 0xff, 0xba, 0x00, 0x00,
  0x00, 0x00, 0x00, 0x00, 0x00, 0x00, 0x00, 0x00, 0x00, 0x00, 0x00, 0x00,
  0x00, 0x00, 0x00, 0x00, 0x00, 0x00, 0x00, 0x00, 0x00, 0x00, 0x00, 0x00,
  0x00, 0x00, 0x00, 0x00, 0x00, 0x00, 0x00, 0x00, 0x00, 0x00, 0x00, 0x00,
  0x00, 0x00, 0x00, 0x00, 0x00, 0x00, 0x00, 0x00, 0x00, 0x00, 0x00, 0x00,
  0x00, 0x00, 0x00, 0x00, 0x00, 0x00, 0x00, 0x00, 0x00, 0x00, 0x00, 0x00,
  0x00, 0x00, 0x00, 0x00, 0x00, 0x00, 0x00, 0x00, 0x00, 0x00, 0x00, 0x00,
  0x00, 0x00, 0x00, 0x00, 0x00, 0x00, 0x00, 0x00, 0x00, 0x00, 0x00, 0x00,
  0x00, 0x00, 0x00, 0x00, 0x00, 0x00, 0x00, 0x00, 0x00, 0x00, 0x00, 0x00,
  0x00, 0x00, 0x00, 0x00, 0x00, 0x00, 0x00, 0x00, 0x00, 0x00, 0x00, 0x00,
  0xff, 0xd8, 0x00, 0x00, 0x00, 0x00, 0x00, 0x00, 0x00, 0x00, 0x00, 0x00,
  0x00, 0x00, 0x00, 0x00, 0x00, 0x00, 0x00, 0x00, 0x00, 0x00, 0x00, 0x00,
  0x00, 0x00, 0x00, 0x00, 0x00, 0x00, 0x00, 0x00, 0x00, 0x00, 0x00, 0x00,
  0x00, 0x00, 0x00, 0x00, 0x00, 0x00, 0x00, 0x00, 0x00, 0x00, 0x00, 0x00,
  0xff, 0xc4, 0x00, 0x00, 0x00, 0x00, 0x00, 0x00, 0x00, 0x00, 0x00, 0x00,
  0x00, 0x00, 0xff, 0x6a, 0xff, 0xd8, 0x00, 0x00, 0x00, 0x00, 0x00, 0x00,
  0x00, 0x00, 0x00, 0x00, 0x00, 0x00, 0x00, 0x00, 0x00, 0x00, 0x00, 0x00,
  0x00, 0x00, 0x00, 0x00, 0x00, 0x00, 0x00, 0x00, 0x00, 0x00, 0xff, 0x88,
  0xff, 0x74, 0xff, 0x9c, 0x00, 0x00, 0x00, 0x00, 0x00, 0x00, 0xff, 0xd8,
  0xff, 0xce, 0xff, 0xba, 0x00, 0x00, 0x00, 0x00, 0x00, 0x00, 0x00, 0x00,
  0x00, 0x00, 0x00, 0x00, 0x00, 0x00, 0x00, 0x00, 0x00, 0x00, 0x00, 0x00,
  0x00, 0x00, 0x00, 0x00, 0xff, 0xd8, 0x00, 0x00, 0x00, 0x00, 0x00, 0x00,
  0x00, 0x00, 0x00, 0x00, 0x00, 0x00, 0x00, 0x00, 0x00, 0x00, 0x00, 0x00,
  0x00, 0x00, 0x00, 0x00, 0x00, 0x00, 0x00, 0x00, 0x00, 0x00, 0x00, 0x00,
  0x00, 0x00, 0x00, 0x00, 0x00, 0x00, 0x00, 0x00, 0x00, 0x00, 0x00, 0x00,
  0x00, 0x00, 0x00, 0x00, 0xff, 0xba, 0xff, 0xec, 0xff, 0xba, 0x00, 0x00,
  0xff, 0xbf, 0xff, 0x9c, 0xff, 0xec, 0xff, 0xec, 0xff, 0x88, 0x00, 0x00,
  0x00, 0x00, 0xff, 0xec, 0x00, 0x00, 0xff, 0x88, 0x00, 0x00, 0xff, 0xd8,
  0x00, 0x00, 0x00, 0x00, 0x00, 0x00, 0x00, 0x00, 0x00, 0x00, 0x00, 0x00,
  0x00, 0x00, 0x00, 0x00, 0x00, 0x00, 0x00, 0x00, 0x00, 0x00, 0x00, 0x00,
  0x00, 0x00, 0x00, 0x00, 0x00, 0x00, 0x00, 0x00, 0x00, 0x00, 0x00, 0x00,
  0x00, 0x00, 0x00, 0x00, 0xff, 0xa6, 0xff, 0x56, 0x00, 0x00, 0x00, 0x00,
  0x00, 0x00, 0x00, 0x00, 0x00, 0x00, 0x00, 0x00, 0xff, 0xce, 0x00, 0x00,
  0x00, 0x00, 0xff, 0xc4, 0x00, 0x00, 0x00, 0x00, 0x00, 0x00, 0x00, 0x00,
  0xff, 0x9c, 0x00, 0x00, 0x00, 0x00, 0x00, 0x00, 0xff, 0x9c, 0x00, 0x00,
  0x00, 0x00, 0x00, 0x00, 0x00, 0x00, 0x00, 0x00, 0x00, 0x00, 0x00, 0x00,
  0x00, 0x00, 0x00, 0x00, 0x00, 0x00, 0x00, 0x00, 0x00, 0x00, 0x00, 0x00,
  0x00, 0x00, 0x00, 0x00, 0xff, 0xc4, 0x00, 0x00, 0x00, 0x00, 0x00, 0x00,
  0x00, 0x00, 0x00, 0x00, 0xff, 0x97, 0xff, 0xd8, 0x00, 0x00, 0x00, 0x00,
  0xff, 0x9c, 0xff, 0x56, 0xff, 0xa6, 0xff, 0x92, 0xff, 0x9c, 0x00, 0x00,
  0xff, 0x92, 0x00, 0x00, 0x00, 0x00, 0xff, 0x74, 0x00, 0x00, 0x00, 0x00,
  0x00, 0x00, 0x00, 0x00, 0x00, 0x00, 0xff, 0x92, 0xff, 0x88, 0xff, 0x97,
  0x00, 0x00, 0xff, 0xd3, 0x00, 0x00, 0x00, 0x00, 0xff, 0xa1, 0x00, 0x00,
  0x00, 0x00, 0x00, 0x00, 0xff, 0xb0, 0x00, 0x00, 0x00, 0x00, 0x00, 0x00,
  0x00, 0x14, 0x00, 0x00, 0xff, 0x3d, 0xff, 0x51, 0x00, 0x00, 0x00, 0x00,
  0x00, 0x00, 0x00, 0x00, 0x00, 0x00, 0x00, 0x00, 0xff, 0x9c, 0x00, 0x00,
  0x00, 0x00, 0xff, 0x9c, 0x00, 0x00, 0x00, 0x00, 0x00, 0x00, 0x00, 0x00,
  0xff, 0x9c, 0x00, 0x00, 0x00, 0x00, 0x00, 0x00, 0x00, 0x00, 0x00, 0x00,
  0x00, 0x00, 0x00, 0x00, 0x00, 0x00, 0x00, 0x00, 0x00, 0x00, 0x00, 0x00,
  0x00, 0x00, 0x00, 0x00, 0x00, 0x00, 0x00, 0x00, 0x00, 0x00, 0x00, 0x00,
  0x00, 0x00, 0x00, 0x00, 0x00, 0x00, 0x00, 0x00, 0x00, 0x23, 0xff, 0x6a,
  0xff, 0x88, 0x00, 0x00, 0x00, 0x00, 0x00, 0x00, 0xff, 0xec, 0x00, 0x00,
  0x00, 0x00, 0x00, 0x00, 0x00, 0x00, 0x00, 0x00, 0x00, 0x00, 0x00, 0x00,
  0x00, 0x00, 0x00, 0x00, 0x00, 0x00, 0x00, 0x00, 0x00, 0x00, 0x00, 0x00,
  0x00, 0x00, 0xff, 0xce, 0xff, 0xe2, 0x00, 0x00, 0x00, 0x00, 0x00, 0x00,
  0x00, 0x00, 0x00, 0x00, 0x00, 0x00, 0x00, 0x00, 0x00, 0x00, 0x00, 0x00,
  0x00, 0x00, 0x00, 0x00, 0x00, 0x00, 0x00, 0x00, 0x00, 0x00, 0xff, 0xe2,
  0xff, 0xec, 0x00, 0x00, 0x00, 0x00, 0x00, 0x00, 0x00, 0x00, 0x00, 0x00,
  0x00, 0x00, 0xff, 0xe7, 0x00, 0x00, 0x00, 0x00, 0xff, 0xa6, 0x00, 0x00,
  0x00, 0x00, 0xff, 0x9c, 0x00, 0x00, 0x00, 0x00, 0x00, 0x00, 0x00, 0x00,
  0xff, 0x7e, 0x00, 0x00, 0x00, 0x00, 0x00, 0x00, 0xff, 0xd8, 0x00, 0x00,
  0x00, 0x00, 0x00, 0x00, 0x00, 0x00, 0x00, 0x00, 0x00, 0x00, 0x00, 0x00,
  0x00, 0x00, 0x00, 0x00, 0x00, 0x00, 0x00, 0x00, 0x00, 0x00, 0x00, 0x00,
  0x00, 0x00, 0x00, 0x00, 0x00, 0x00, 0xff, 0xec, 0x00, 0x00, 0xff, 0x7e,
  0xff, 0x6f, 0x00, 0x00, 0x00, 0x00, 0xff, 0xe2, 0xff, 0xc4, 0xff, 0x7e,
  0x00, 0x00, 0x00, 0x00, 0x00, 0x00, 0x00, 0x00, 0x00, 0x00, 0x00, 0x00,
  0x00, 0x00, 0x00, 0x00, 0x00, 0x00, 0x00, 0x00, 0x00, 0x00, 0x00, 0x00,
  0x00, 0x00, 0xff, 0x24, 0xff, 0xdd, 0x00, 0x00, 0x00, 0x00, 0x00, 0x00,
  0x00, 0x00, 0x00, 0x00, 0x00, 0x00, 0x00, 0x00, 0x00, 0x00, 0x00, 0x00,
  0x00, 0x00, 0x00, 0x00, 0x00, 0x00, 0x00, 0x00, 0x00, 0x00, 0xff, 0x74,
  0xff, 0x2e, 0xff, 0x29, 0x00, 0x00, 0x00, 0x00, 0x00, 0x00, 0xff, 0xd8,
  0xff, 0xd8, 0x00, 0x00, 0x00, 0x00, 0x00, 0x00, 0x00, 0x00, 0x00, 0x00,
  0x00, 0x00, 0x00, 0x00, 0x00, 0x00, 0xff, 0xba, 0x00, 0x00, 0x00, 0x00,
  0x00, 0x00, 0x00, 0x00, 0xff, 0xd8, 0x00, 0x00, 0x00, 0x00, 0x00, 0x00,
  0x00, 0x00, 0x00, 0x00, 0xff, 0xe2, 0x00, 0x00, 0x00, 0x00, 0x00, 0x00,
  0x00, 0x00, 0x00, 0x00, 0x00, 0x00, 0x00, 0x00, 0x00, 0x00, 0x00, 0x00,
  0x00, 0x00, 0x00, 0x00, 0x00, 0x00, 0x00, 0x00, 0x00, 0x00, 0x00, 0x00,
  0x00, 0x00, 0x00, 0x00, 0x00, 0x00, 0x00, 0x00, 0x00, 0x00, 0x00, 0x00,
  0x00, 0x00, 0x00, 0x00, 0x00, 0x00, 0x00, 0x00, 0x00, 0x00, 0x00, 0x00,
  0x00, 0x00, 0x00, 0x00, 0x00, 0x00, 0x00, 0x00, 0x00, 0x00, 0x00, 0x00,
  0x00, 0x00, 0xff, 0xd8, 0xff, 0xf6, 0x00, 0x00, 0x00, 0x00, 0x00, 0x00,
  0x00, 0x00, 0x00, 0x00, 0x00, 0x00, 0x00, 0x00, 0x00, 0x00, 0x00, 0x00,
  0x00, 0x00, 0x00, 0x00, 0x00, 0x00, 0x00, 0x00, 0x00, 0x00, 0xff, 0xec,
  0x00, 0x00, 0x00, 0x00, 0x00, 0x00, 0x00, 0x00, 0x00, 0x00, 0xff, 0xd8,
  0x00, 0x00, 0x00, 0x00, 0x00, 0x00, 0x00, 0x00, 0xff, 0x92, 0xff, 0xd8,
  0xff, 0xd8, 0xff, 0x9c, 0x00, 0x00, 0x00, 0x00, 0x00, 0x00, 0x00, 0x00,
  0xff, 0x74, 0x00, 0x00, 0x00, 0x00, 0xff, 0xec, 0x00, 0x00, 0x00, 0x00,
  0x00, 0x00, 0x00, 0x00, 0x00, 0x00, 0x00, 0x00, 0xff, 0xdd, 0x00, 0x00,
  0x00, 0x00, 0x00, 0x00, 0x00, 0x00, 0x00, 0x00, 0x00, 0x00, 0x00, 0x00,
  0x00, 0x00, 0x00, 0x00, 0x00, 0x00, 0x00, 0x00, 0x00, 0x00, 0xff, 0x9c,
  0xff, 0x51, 0x00, 0x02, 0x00, 0x2b, 0x00, 0x05, 0x00, 0x05, 0x00, 0x00,
  0x00, 0x07, 0x00, 0x07, 0x00, 0x01, 0x00, 0x0a, 0x00, 0x0a, 0x00, 0x02,
  0x00, 0x0d, 0x00, 0x13, 0x00, 0x03, 0x00, 0x15, 0x00, 0x17, 0x00, 0x0a,
  0x00, 0x19, 0x00, 0x1e, 0x00, 0x0d, 0x00, 0x20, 0x00, 0x2a, 0x00, 0x13,
  0x00, 0x2d, 0x00, 0x2f, 0x00, 0x1e, 0x00, 0x32, 0x00, 0x3c, 0x00, 0x21,
  0x00, 0x3f, 0x00, 0x3f, 0x00, 0x2c, 0x00, 0x44, 0x00, 0x46, 0x00, 0x2d,
  0x00, 0x48, 0x00, 0x49, 0x00, 0x30, 0x00, 0x4e, 0x00, 0x4e, 0x00, 0x32,
  0x00, 0x52, 0x00, 0x53, 0x00, 0x33, 0x00, 0x55, 0x00, 0x56, 0x00, 0x35,
  0x00, 0x59, 0x00, 0x59, 0x00, 0x37, 0x00, 0x5b, 0x00, 0x5b, 0x00, 0x38,
  0x00, 0x61, 0x00, 0x61, 0x00, 0x39, 0x00, 0x64, 0x00, 0x67, 0x00, 0x3a,
  0x00, 0x69, 0x00, 0x69, 0x00, 0x3e, 0x00, 0x6b, 0x00, 0x7f, 0x00, 0x3f,
  0x00, 0x87, 0x00, 0x95, 0x00, 0x54, 0x00, 0x9a, 0x00, 0x9a, 0x00, 0x63,
  0x00, 0x9e, 0x00, 0x9f, 0x00, 0x64, 0x00, 0xa3, 0x00, 0xa7, 0x00, 0x66,
  0x00, 0xaa, 0x00, 0xaa, 0x00, 0x6b, 0x00, 0xb0, 0x00, 0xb1, 0x00, 0x6c,
  0x00, 0xb5, 0x00, 0xb5, 0x00, 0x6e, 0x00, 0xb8, 0x00, 0xbc, 0x00, 0x6f,
  0x00, 0xbe, 0x00, 0xbe, 0x00, 0x74, 0x00, 0xc2, 0x00, 0xc2, 0x00, 0x75,
  0x00, 0xc5, 0x00, 0xc8, 0x00, 0x76, 0x00, 0xcf, 0x00, 0xcf, 0x00, 0x7a,
  0x00, 0xd2, 0x00, 0xd3, 0x00, 0x7b, 0x00, 0xd5, 0x00, 0xd9, 0x00, 0x7d,
  0x00, 0xdf, 0x00, 0xe0, 0x00, 0x82, 0x00, 0xe2, 0x00, 0xe2, 0x00, 0x84,
  0x00, 0xe4, 0x00, 0xe5, 0x00, 0x85, 0x00, 0xe9, 0x00, 0xea, 0x00, 0x87,
  0x00, 0xec, 0x00, 0xec, 0x00, 0x89, 0x00, 0xfb, 0x00, 0xfb, 0x00, 0x8a,
  0x00, 0xfd, 0x00, 0xfd, 0x00, 0x8b, 0x00, 0xff, 0x00, 0xff, 0x00, 0x8c,
  0x00, 0x01, 0x00, 0x05, 0x00, 0xfb, 0x00, 0x04, 0x00, 0x00, 0x00, 0x0c,
  0x00, 0x00, 0x00, 0x00, 0x00, 0x04, 0x00, 0x00, 0x00, 0x00, 0x00, 0x04,
  0x00, 0x03, 0x00, 0x09, 0x00, 0x03, 0x00, 0x09, 0x00, 0x0e, 0x00, 0x0d,
  0x00, 0x1c, 0x00, 0x00, 0x00, 0x17, 0x00, 0x1e, 0x00, 0x00, 0x00, 0x19,
  0x00, 0x1a, 0x00, 0x00, 0x00, 0x1d, 0x00, 0x11, 0x00, 0x11, 0x00, 0x03,
  0x00, 0x03, 0x00, 0x00, 0x00, 0x00, 0x00, 0x02, 0x00, 0x06, 0x00, 0x00,
  0x00, 0x02, 0x00, 0x00, 0x00, 0x00, 0x00, 0x00, 0x00, 0x02, 0x00, 0x00,
  0x00, 0x00, 0x00, 0x25, 0x00, 0x00, 0x00, 0x00, 0x00, 0x00, 0x00, 0x00,
  0x00, 0x02, 0x00, 0x00, 0x00, 0x02, 0x00, 0x00, 0x00, 0x0c, 0x00, 0x24,
  0x00, 0x0a, 0x00, 0x22, 0x00, 0x13, 0x00, 0x21, 0x00, 0x12, 0x00, 0x00,
  0x00, 0x00, 0x00, 0x20, 0x00, 0x00, 0x00, 0x00, 0x00, 0x00, 0x00, 0x00,
  0x00, 0x05, 0x00, 0x00, 0x00, 0x01, 0x00, 0x01, 0x00, 0x01, 0x00, 0x1f,
  0x00, 0x01, 0x00, 0x00, 0x00, 0x00, 0x00, 0x00, 0x00, 0x00, 0x00, 0x00,
  0x00, 0x08, 0x00, 0x08, 0x00, 0x01, 0x00, 0x08, 0x00, 0x01, 0x00, 0x08,
  0x00, 0x1b, 0x00, 0x18, 0x00, 0x07, 0x00, 0x0b, 0x00, 0x16, 0x00, 0x15,
  0x00, 0x07, 0x00, 0x14, 0x00, 0x00, 0x00, 0x00, 0x00, 0x00, 0x00, 0x03,
  0x00, 0x00, 0x00, 0x00, 0x00, 0x02, 0x00, 0x02, 0x00, 0x04, 0x00, 0x03,
  0x00, 0x00, 0x00, 0x09, 0x00, 0x00, 0x00, 0x03, 0x00, 0x03, 0x00, 0x04,
  0x00, 0x04, 0x00, 0x04, 0x00, 0x04, 0x00, 0x03, 0x00, 0x26, 0x00, 0x06,
  0x00, 0x06, 0x00, 0x06, 0x00, 0x06, 0x00, 0x06, 0x00, 0x06, 0x00, 0x02,
  0x00, 0x00, 0x00, 0x00, 0x00, 0x00, 0x00, 0x00, 0x00, 0x00, 0x00, 0x02,
  0x00, 0x00, 0x00, 0x00, 0x00, 0x00, 0x00, 0x00, 0x00, 0x00, 0x00, 0x00,
  0x00, 0x00, 0x00, 0x02, 0x00, 0x02, 0x00, 0x02, 0x00, 0x02, 0x00, 0x02,
  0x00, 0x02, 0x00, 0x02, 0x00, 0x02, 0x00, 0x23, 0x00, 0x00, 0x00, 0x0a,
  0x00, 0x0a, 0x00, 0x0a, 0x00, 0x0a, 0x00, 0x13, 0x00, 0x00, 0x00, 0x00,
  0x00, 0x00, 0x00, 0x00, 0x00, 0x12, 0x00, 0x00, 0x00, 0x00, 0x00, 0x00,
  0x00, 0x05, 0x00, 0x05, 0x00, 0x00, 0x00, 0x00, 0x00, 0x00, 0x00, 0x05,
  0x00, 0x05, 0x00, 0x05, 0x00, 0x05, 0x00, 0x05, 0x00, 0x00, 0x00, 0x00,
  0x00, 0x01, 0x00, 0x00, 0x00, 0x00, 0x00, 0x00, 0x00, 0x00, 0x00, 0x00,
  0x00, 0x01, 0x00, 0x04, 0x00, 0x00, 0x00, 0x00, 0x00, 0x00, 0x00, 0x0e,
  0x00, 0x00, 0x00, 0x00, 0x00, 0x01, 0x00, 0x01, 0x00, 0x01, 0x00, 0x01,
  0x00, 0x01, 0x00, 0x01, 0x00, 0x02, 0x00, 0x00, 0x00, 0x00, 0x00, 0x00,
  0x00, 0x00, 0x00, 0x00, 0x00, 0x00, 0x00, 0x10, 0x00, 0x0f, 0x00, 0x10,
  0x00, 0x0f, 0x00, 0x00, 0x00, 0x00, 0x00, 0x00, 0x00, 0x00, 0x00, 0x00,
  0x00, 0x00, 0x00, 0x03, 0x00, 0x00, 0x00, 0x08, 0x00, 0x03, 0x00, 0x03,
  0x00, 0x08, 0x00, 0x01, 0x00, 0x01, 0x00, 0x01, 0x00, 0x01, 0x00, 0x01,
  0x00, 0x00, 0x00, 0x00, 0x00, 0x00, 0x00, 0x00, 0x00, 0x00, 0x00, 0x01,
  0x00, 0x01, 0x00, 0x00, 0x00, 0x03, 0x00, 0x00, 0x00, 0x09, 0x00, 0x09,
  0x00, 0x00, 0x00, 0x00, 0x00, 0x00, 0x00, 0x0c, 0x00, 0x03, 0x00, 0x00,
  0x00, 0x00, 0x00, 0x00, 0x00, 0x00, 0x00, 0x00, 0x00, 0x00, 0x00, 0x00,
  0x00, 0x00, 0x00, 0x07, 0x00, 0x07, 0x00, 0x07, 0x00, 0x07, 0x00, 0x00,
  0x00, 0x00, 0x00, 0x00, 0x00, 0x00, 0x00, 0x0b, 0x00, 0x00, 0x00, 0x0b,
  0x00, 0x00, 0x00, 0x0d, 0x00, 0x01, 0x00, 0x05, 0x00, 0xfb, 0x00, 0x03,
  0x00, 0x00, 0x00, 0x0a, 0x00, 0x00, 0x00, 0x00, 0x00, 0x03, 0x00, 0x00,
  0x00, 0x00, 0x00, 0x03, 0x00, 0x02, 0x00, 0x08, 0x00, 0x02, 0x00, 0x08,
  0x00, 0x0d, 0x00, 0x0c, 0x00, 0x00, 0x00, 0x15, 0x00, 0x16, 0x00, 0x1e,
  0x00, 0x00, 0x00, 0x17, 0x00, 0x18, 0x00, 0x20, 0x00, 0x1c, 0x00, 0x10,
  0x00, 0x10, 0x00, 0x00, 0x00, 0x02, 0x00, 0x02, 0x00, 0x1b, 0x00, 0x01,
  0x00, 0x06, 0x00, 0x13, 0x00, 0x0b, 0x00, 0x01, 0x00, 0x05, 0x00, 0x2c,
  0x00, 0x2b, 0x00, 0x00, 0x00, 0x00, 0x00, 0x07, 0x00, 0x2a, 0x00, 0x29,
  0x00, 0x00, 0x00, 0x00, 0x00, 0x01, 0x00, 0x28, 0x00, 0x01, 0x00, 0x27,
  0x00, 0x0a, 0x00, 0x26, 0x00, 0x07, 0x00, 0x23, 0x00, 0x12, 0x00, 0x22,
  0x00, 0x11, 0x00, 0x00, 0x00, 0x00, 0x00, 0x21, 0x00, 0x00, 0x00, 0x00,
  0x00, 0x00, 0x00, 0x00, 0x00, 0x04, 0x00, 0x00, 0x00, 0x00, 0x00, 0x00,
  0x00, 0x00, 0x00, 0x1f, 0x00, 0x00, 0x00, 0x00, 0x00, 0x00, 0x00, 0x00,
  0x00, 0x1d, 0x00, 0x00, 0x00, 0x00, 0x00, 0x00, 0x00, 0x00, 0x00, 0x00,
  0x00, 0x00, 0x00, 0x1a, 0x00, 0x19, 0x00, 0x00, 0x00, 0x00, 0x00, 0x09,
  0x00, 0x00, 0x00, 0x14, 0x00, 0x00, 0x00, 0x00, 0x00, 0x00, 0x00, 0x00,
  0x00, 0x00, 0x00, 0x02, 0x00, 0x00, 0x00, 0x00, 0x00, 0x01, 0x00, 0x01,
  0x00, 0x03, 0x00, 0x02, 0x00, 0x00, 0x00, 0x08, 0x00, 0x00, 0x00, 0x02,
  0x00, 0x02, 0x00, 0x03, 0x00, 0x03, 0x00, 0x03, 0x00, 0x03, 0x00, 0x02,
  0x00, 0x05, 0x00, 0x06, 0x00, 0x06, 0x00, 0x06, 0x00, 0x06, 0x00, 0x06,
  0x00, 0x06, 0x00, 0x0b, 0x00, 0x05, 0x00, 0x05, 0x00, 0x05, 0x00, 0x05,
  0x00, 0x01, 0x00, 0x01, 0x00, 0x00, 0x00, 0x00, 0x00, 0x00, 0x00, 0x00,
  0x00, 0x00, 0x00, 0x00, 0x00, 0x00, 0x00, 0x01, 0x00, 0x05, 0x00, 0x01,
  0x00, 0x01, 0x00, 0x01, 0x00, 0x01, 0x00, 0x01, 0x00, 0x01, 0x00, 0x25,
  0x00, 0x24, 0x00, 0x07, 0x00, 0x07, 0x00, 0x07, 0x00, 0x07, 0x00, 0x12,
  0x00, 0x00, 0x00, 0x00, 0x00, 0x00, 0x00, 0x00, 0x00, 0x11, 0x00, 0x00,
  0x00, 0x00, 0x00, 0x00, 0x00, 0x04, 0x00, 0x04, 0x00, 0x00, 0x00, 0x00,
  0x00, 0x00, 0x00, 0x04, 0x00, 0x00, 0x00, 0x04, 0x00, 0x04, 0x00, 0x04,
  0x00, 0x00, 0x00, 0x00, 0x00, 0x00, 0x00, 0x00, 0x00, 0x00, 0x00, 0x00,
  0x00, 0x00, 0x00, 0x00, 0x00, 0x00, 0x00, 0x03, 0x00, 0x00, 0x00, 0x00,
  0x00, 0x00, 0x00, 0x0d, 0x00, 0x00, 0x00, 0x00, 0x00, 0x00, 0x00, 0x00,
  0x00, 0x00, 0x00, 0x00, 0x00, 0x00, 0x00, 0x00, 0x00, 0x0b, 0x00, 0x00,
  0x00, 0x00, 0x00, 0x00, 0x00, 0x13, 0x00, 0x00, 0x00, 0x00, 0x00, 0x0f,
  0x00, 0x0e, 0x00, 0x0f, 0x00, 0x0e, 0x00, 0x00, 0x00, 0x00, 0x00, 0x00,
  0x00, 0x00, 0x00, 0x00, 0x00, 0x00, 0x00, 0x02, 0x00, 0x00, 0x00, 0x00,
  0x00, 0x02, 0x00, 0x02, 0x00, 0x00, 0x00, 0x00, 0x00, 0x00, 0x00, 0x00,
  0x00, 0x00, 0x00, 0x00, 0x00, 0x00, 0x00, 0x00, 0x00, 0x00, 0x00, 0x00,
  0x00, 0x00, 0x00, 0x00, 0x00, 0x00, 0x00, 0x00, 0x00, 0x02, 0x00, 0x00,
  0x00, 0x08, 0x00, 0x08, 0x00, 0x00, 0x00, 0x00, 0x00, 0x00, 0x00, 0x0a,
  0x00, 0x02, 0x00, 0x00, 0x00, 0x00, 0x00, 0x00, 0x00, 0x00, 0x00, 0x00,
  0x00, 0x00, 0x00, 0x00, 0x00, 0x00, 0x00, 0x00, 0x00, 0x00, 0x00, 0x00,
  0x00, 0x00, 0x00, 0x00, 0x00, 0x00, 0x00, 0x00, 0x00, 0x00, 0x00, 0x09,
  0x00, 0x00, 0x00, 0x09, 0x00, 0x00, 0x00, 0x0c, 0x00, 0x01, 0x00, 0x0c,
  0x00, 0x04, 0x00, 0x00, 0x00, 0x01, 0x00, 0x12, 0x00, 0x01, 0x00, 0x01,
  0x00, 0x06, 0x00, 0x01, 0x00, 0x1a, 0xff, 0xd8, 0x00, 0x02, 0x00, 0x32,
  0xff, 0x1f, 0x01, 0xc2, 0x02, 0xcb, 0x00, 0x03, 0x00, 0x07, 0x00, 0x2a,
  0x40, 0x27, 0x00, 0x00, 0x00, 0x03, 0x02, 0x00, 0x03, 0x67, 0x00, 0x02,
  0x01, 0x01, 0x02, 0x57, 0x00, 0x02, 0x02, 0x01, 0x5f, 0x04, 0x01, 0x01,
  0x02, 0x01, 0x4f, 0x00, 0x00, 0x07, 0x06, 0x05, 0x04, 0x00, 0x03, 0x00,
  0x03, 0x11, 0x05, 0x06, 0x17, 0x2b, 0x17, 0x11, 0x21, 0x11, 0x25, 0x21,
  0x11, 0x21, 0x32, 0x01, 0x90, 0xfe, 0xa2, 0x01, 0x2c, 0xfe, 0xd4, 0xe1,
  0x03, 0xac, 0xfc, 0x54, 0x32, 0x03, 0x48, 0x00, 0x00, 0x02, 0x00, 0x46,
  0x00, 0x00, 0x00, 0xe6, 0x02, 0xc9, 0x00, 0x03, 0x00, 0x07, 0x00, 0x2c,
  0x40, 0x29, 0x04, 0x01, 0x01, 0x01, 0x00, 0x5f, 0x00, 0x00, 0x00, 0x13,
  0x4d, 0x00, 0x02, 0x02, 0x03, 0x5f, 0x05, 0x01, 0x03, 0x03, 0x12, 0x03,
  0x4e, 0x04, 0x04, 0x00, 0x00, 0x04, 0x07, 0x04, 0x07, 0x06, 0x05, 0x00,
  0x03, 0x00, 0x03, 0x11, 0x06, 0x07, 0x17, 0x2b, 0x37, 0x11, 0x33, 0x11,
  0x07, 0x35, 0x33, 0x15, 0x46, 0xa0, 0xa0, 0xa0, 0xd3, 0x01, 0xf6, 0xfe,
  0x0a, 0xd3, 0x8f, 0x8f, 0xff, 0xff, 0x00, 0x3c, 0x01, 0xa3, 0x01, 0x72,
  0x02, 0xc9, 0x00, 0x26, 0x00, 0x0a, 0x00, 0x00, 0x00, 0x07, 0x00, 0x0a,
  0x00, 0xbe, 0x00, 0x00, 0x00, 0x02, 0x00, 0x28, 0x00, 0x00, 0x03, 0x12,
  0x02, 0xc9, 0x00, 0x1b, 0x00, 0x1f, 0x00, 0x49, 0x40, 0x46, 0x0e, 0x09,
  0x02, 0x01, 0x0c, 0x0a, 0x02, 0x00, 0x0b, 0x01, 0x00, 0x67, 0x06, 0x01,
  0x04, 0x04, 0x13, 0x4d, 0x0f, 0x08, 0x02, 0x02, 0x02, 0x03, 0x5f, 0x07,
  0x05, 0x02, 0x03, 0x03, 0x14, 0x4d, 0x10, 0x0d, 0x02, 0x0b, 0x0b, 0x12,
  0x0b, 0x4e, 0x00, 0x00, 0x1f, 0x1e, 0x1d, 0x1c, 0x00, 0x1b, 0x00, 0x1b,
  0x1a, 0x19, 0x18, 0x17, 0x16, 0x15, 0x14, 0x13, 0x11, 0x11, 0x11, 0x11,
  0x11, 0x11, 0x11, 0x11, 0x11, 0x11, 0x07, 0x1f, 0x2b, 0x33, 0x37, 0x23,
  0x37, 0x33, 0x37, 0x23, 0x37, 0x33, 0x37, 0x33, 0x07, 0x33, 0x37, 0x33,
  0x07, 0x33, 0x07, 0x23, 0x07, 0x33, 0x07, 0x23, 0x07, 0x23, 0x37, 0x23,
  0x07, 0x13, 0x33, 0x37, 0x23, 0xa0, 0x1e, 0x96, 0x12, 0x95, 0x0e, 0x96,
  0x12, 0x96, 0x1e, 0x7e, 0x1e, 0x91, 0x1e, 0x7e, 0x1e, 0x96, 0x12, 0x96,
  0x0e, 0x96, 0x11, 0x96, 0x1e, 0x7e, 0x1e, 0x91, 0x1e, 0x2f, 0x91, 0x0e,
  0x91, 0xc3, 0x73, 0x5a, 0x73, 0xc6, 0xc6, 0xc6, 0xc6, 0x73, 0x5a, 0x73,
  0xc3, 0xc3, 0xc3, 0x01, 0x36, 0x5a, 0x00, 0x03, 0x00, 0x1e, 0xff, 0xa5,
  0x02, 0xcb, 0x03, 0x25, 0x00, 0x1d, 0x00, 0x25, 0x00, 0x2c, 0x00, 0x56,
  0x40, 0x53, 0x00, 0x03, 0x02, 0x08, 0x03, 0x57, 0x04, 0x01, 0x02, 0x0b,
  0x01, 0x05, 0x06, 0x02, 0x05, 0x67, 0x0f, 0x0a, 0x02, 0x06, 0x10, 0x0c,
  0x02, 0x01, 0x00, 0x06, 0x01, 0x67, 0x0d, 0x01, 0x00, 0x0e, 0x09, 0x02,
  0x07, 0x08, 0x00, 0x07, 0x67, 0x00, 0x03, 0x03, 0x08, 0x5f, 0x00, 0x08,
  0x03, 0x08, 0x4f, 0x27, 0x26, 0x1f, 0x1e, 0x00, 0x00, 0x2a, 0x28, 0x26,
  0x2c, 0x27, 0x2c, 0x22, 0x20, 0x1e, 0x25, 0x1f, 0x25, 0x00, 0x1d, 0x00,
  0x1d, 0x11, 0x24, 0x21, 0x11, 0x11, 0x11, 0x24, 0x21, 0x11, 0x11, 0x07,
  0x1f, 0x2b, 0x37, 0x35, 0x21, 0x35, 0x23, 0x22, 0x26, 0x35, 0x34, 0x36,
  0x33, 0x33, 0x35, 0x33, 0x15, 0x33, 0x15, 0x23, 0x15, 0x33, 0x32, 0x16,
  0x15, 0x14, 0x06, 0x23, 0x23, 0x15, 0x23, 0x35, 0x03, 0x33, 0x35, 0x23,
  0x22, 0x15, 0x14, 0x16, 0x05, 0x23, 0x15, 0x33, 0x32, 0x35, 0x34, 0x26,
  0x01, 0x12, 0x65, 0x59, 0x5c, 0x5d, 0x58, 0x65, 0x78, 0xeb, 0xeb, 0x7a,
  0x4e, 0x53, 0x54, 0x4d, 0x7a, 0x78, 0x5e, 0x5e, 0x5e, 0x2b, 0x18, 0x01,
  0x49, 0x60, 0x60, 0x2a, 0x5f, 0x73, 0x5d, 0x51, 0x4c, 0x4d, 0x53, 0xb9,
  0xb9, 0x73, 0x57, 0x51, 0x4d, 0x4e, 0x57, 0xba, 0xba, 0x01, 0x43, 0x57,
  0x2a, 0x15, 0x18, 0x73, 0x5d, 0x2f, 0x2e, 0x00, 0x00, 0x05, 0x00, 0x1e,
  0x00, 0x00, 0x04, 0x01, 0x02, 0xc9, 0x00, 0x03, 0x00, 0x11, 0x00, 0x1f,
  0x00, 0x2d, 0x00, 0x3b, 0x00, 0x59, 0x40, 0x56, 0x0c, 0x01, 0x04, 0x0b,
  0x01, 0x02, 0x07, 0x04, 0x02, 0x69, 0x00, 0x07, 0x00, 0x09, 0x08, 0x07,
  0x09, 0x6a, 0x00, 0x05, 0x05, 0x00, 0x61, 0x03, 0x01, 0x00, 0x00, 0x13,
  0x4d, 0x0e, 0x01, 0x08, 0x08, 0x01, 0x61, 0x0d, 0x06, 0x0a, 0x03, 0x01,
  0x01, 0x12, 0x01, 0x4e, 0x30, 0x2e, 0x21, 0x20, 0x14, 0x12, 0x05, 0x04,
  0x00, 0x00, 0x37, 0x34, 0x2e, 0x3b, 0x30, 0x3b, 0x28, 0x25, 0x20, 0x2d,
  0x21, 0x2c, 0x1b, 0x18, 0x12, 0x1f, 0x14, 0x1f, 0x0c, 0x09, 0x04, 0x11,
  0x05, 0x10, 0x00, 0x03, 0x00, 0x03, 0x11, 0x0f, 0x07, 0x17, 0x2b, 0x33,
  0x01, 0x33, 0x01, 0x03, 0x22, 0x26, 0x35, 0x34, 0x36, 0x33, 0x33, 0x32,
  0x16, 0x15, 0x14, 0x06, 0x23, 0x27, 0x33, 0x32, 0x36, 0x35, 0x34, 0x26,
  0x23, 0x23, 0x22, 0x06, 0x15, 0x14, 0x16, 0x01, 0x22, 0x26, 0x35, 0x34,
  0x36, 0x33, 0x33, 0x32, 0x16, 0x15, 0x14, 0x06, 0x23, 0x27, 0x33, 0x32,
  0x36, 0x35, 0x34, 0x26, 0x23, 0x23, 0x22, 0x06, 0x15, 0x14, 0x16, 0xb5,
  0x02, 0x26, 0x98, 0xfd, 0xda, 0x76, 0x58, 0x61, 0x61, 0x58, 0x3f, 0x58,
  0x61, 0x61, 0x58, 0x2b, 0x17, 0x27, 0x27, 0x27, 0x27, 0x17, 0x27, 0x27,
  0x27, 0x02, 0x45, 0x58, 0x61, 0x61, 0x58, 0x3f, 0x58, 0x61, 0x61, 0x58,
  0x2b, 0x17, 0x27, 0x27, 0x27, 0x27, 0x17, 0x27, 0x27, 0x27, 0x02, 0xc9,
  0xfd, 0x37, 0x01, 0x65, 0x61, 0x51, 0x51, 0x61, 0x61, 0x51, 0x51, 0x61,
  0x60, 0x2b, 0x27, 0x27, 0x2b, 0x2b, 0x27, 0x27, 0x2b, 0xfe, 0x3b, 0x61,
  0x51, 0x51, 0x61, 0x61, 0x51, 0x51, 0x61, 0x60, 0x2b, 0x27, 0x27, 0x2b,
  0x2b, 0x27, 0x27, 0x2b, 0x00, 0x02, 0x00, 0x1e, 0x00, 0x00, 0x03, 0xf0,
  0x02, 0xcb, 0x00, 0x25, 0x00, 0x2f, 0x00, 0x91, 0x40, 0x11, 0x08, 0x01,
  0x04, 0x02, 0x29, 0x28, 0x21, 0x1e, 0x04, 0x06, 0x04, 0x24, 0x01, 0x00,
  0x06, 0x03, 0x4c, 0x4b, 0xb0, 0x11, 0x50, 0x58, 0x40, 0x2b, 0x00, 0x02,
  0x03, 0x04, 0x03, 0x02, 0x72, 0x00, 0x03, 0x03, 0x01, 0x5f, 0x00, 0x01,
  0x01, 0x13, 0x4d, 0x00, 0x04, 0x04, 0x00, 0x5f, 0x05, 0x07, 0x02, 0x00,
  0x00, 0x12, 0x4d, 0x08, 0x01, 0x06, 0x06, 0x00, 0x5f, 0x05, 0x07, 0x02,
  0x00, 0x00, 0x12, 0x00, 0x4e, 0x1b, 0x40, 0x2c, 0x00, 0x02, 0x03, 0x04,
  0x03, 0x02, 0x04, 0x80, 0x00, 0x03, 0x03, 0x01, 0x5f, 0x00, 0x01, 0x01,
  0x13, 0x4d, 0x00, 0x04, 0x04, 0x00, 0x5f, 0x05, 0x07, 0x02, 0x00, 0x00,
  0x12, 0x4d, 0x08, 0x01, 0x06, 0x06, 0x00, 0x5f, 0x05, 0x07, 0x02, 0x00,
  0x00, 0x12, 0x00, 0x4e, 0x59, 0x40, 0x19, 0x27, 0x26, 0x01, 0x00, 0x26,
  0x2f, 0x27, 0x2f, 0x23, 0x22, 0x20, 0x1f, 0x18, 0x15, 0x14, 0x13, 0x11,
  0x0e, 0x00, 0x25, 0x01, 0x25, 0x09, 0x07, 0x16, 0x2b, 0x33, 0x22, 0x26,
  0x26, 0x35, 0x34, 0x36, 0x37, 0x37, 0x26, 0x26, 0x35, 0x34, 0x36, 0x36,
  0x33, 0x33, 0x32, 0x16, 0x15, 0x23, 0x34, 0x23, 0x23, 0x22, 0x06, 0x15,
  0x14, 0x16, 0x17, 0x17, 0x37, 0x33, 0x07, 0x17, 0x23, 0x27, 0x07, 0x25,
  0x33, 0x37, 0x27, 0x07, 0x06, 0x06, 0x15, 0x14, 0x16, 0xd6, 0x3d, 0x52,
  0x29, 0x20, 0x1f, 0xa6, 0x0c, 0x0e, 0x31, 0x61, 0x46, 0x95, 0x68, 0x70,
  0xa5, 0x52, 0x54, 0x25, 0x22, 0x0d, 0x0d, 0xe5, 0x87, 0xce, 0xe6, 0xe6,
  0xe2, 0x6b, 0x5d, 0xfe, 0xb8, 0xfe, 0x39, 0xc6, 0x93, 0x0a, 0x08, 0x1b,
  0x2a, 0x44, 0x28, 0x23, 0x49, 0x1f, 0xa6, 0x10, 0x28, 0x1a, 0x2c, 0x52,
  0x34, 0x72, 0x5f, 0x4f, 0x21, 0x15, 0x0c, 0x1a, 0x0b, 0xc1, 0x87, 0xe5,
  0xc3, 0x5c, 0x5c, 0x82, 0x39, 0xab, 0x92, 0x09, 0x14, 0x0a, 0x11, 0x1a,
  0x00, 0x01, 0x00, 0x3c, 0x01, 0xa3, 0x00, 0xb4, 0x02, 0xc9, 0x00, 0x03,
  0x00, 0x19, 0x40, 0x16, 0x02, 0x01, 0x01, 0x01, 0x00, 0x5f, 0x00, 0x00,
  0x00, 0x13, 0x01, 0x4e, 0x00, 0x00, 0x00, 0x03, 0x00, 0x03, 0x11, 0x03,
  0x07, 0x17, 0x2b, 0x13, 0x11, 0x33, 0x11, 0x3c, 0x78, 0x01, 0xa3, 0x01,
  0x26, 0xfe, 0xda, 0x00, 0x00, 0x01, 0x00, 0x50, 0xff, 0x3f, 0x01, 0x79,
  0x02, 0xe7, 0x00, 0x0c, 0x00, 0x35, 0x4b, 0xb0, 0x16, 0x50, 0x58, 0x40,
  0x0c, 0x02, 0x01, 0x01, 0x01, 0x00, 0x5f, 0x00, 0x00, 0x00, 0x11, 0x01,
  0x4e, 0x1b, 0x40, 0x11, 0x00, 0x00, 0x01, 0x01, 0x00, 0x57, 0x00, 0x00,
  0x00, 0x01, 0x5f, 0x02, 0x01, 0x01, 0x00, 0x01, 0x4f, 0x59, 0x40, 0x0a,
  0x00, 0x00, 0x00, 0x0c, 0x00, 0x0c, 0x15, 0x03, 0x07, 0x17, 0x2b, 0x05,
  0x26, 0x26, 0x35, 0x10, 0x37, 0x33, 0x06, 0x06, 0x15, 0x14, 0x16, 0x17,
  0x01, 0x00, 0x57, 0x59, 0xb0, 0x79, 0x52, 0x55, 0x55, 0x52, 0xc1, 0x64,
  0xee, 0x82, 0x01, 0x07, 0xcd, 0x64, 0xed, 0x83, 0x83, 0xee, 0x63, 0x00,
  0xff, 0xff, 0x00, 0x14, 0xff, 0x3f, 0x01, 0x3d, 0x02, 0xe7, 0x00, 0x47,
  0x00, 0x0b, 0x01, 0x8d, 0x00, 0x00, 0xc0, 0x00, 0x40, 0x00, 0x00, 0x00,
  0x00, 0x01, 0x00, 0x28, 0x01, 0x1a, 0x01, 0xed, 0x02, 0xc9, 0x00, 0x0e,
  0x00, 0x1c, 0x40, 0x19, 0x0e, 0x0d, 0x0c, 0x0b, 0x0a, 0x09, 0x08, 0x05,
  0x04, 0x03, 0x02, 0x01, 0x0c, 0x00, 0x49, 0x00, 0x00, 0x00, 0x13, 0x00,
  0x4e, 0x16, 0x01, 0x07, 0x17, 0x2b, 0x13, 0x27, 0x37, 0x27, 0x37, 0x17,
  0x35, 0x33, 0x15, 0x37, 0x17, 0x07, 0x17, 0x07, 0x27, 0xad, 0x4b, 0x5e,
  0x98, 0x1d, 0x98, 0x5c, 0x98, 0x1c, 0x98, 0x5e, 0x4b, 0x5e, 0x01, 0x1a,
  0x37, 0x81, 0x31, 0x58, 0x31, 0x9f, 0x9f, 0x31, 0x58, 0x31, 0x81, 0x37,
  0x81, 0x00, 0x00, 0x01, 0x00, 0x28, 0x00, 0x00, 0x02, 0x6e, 0x02, 0x46,
  0x00, 0x0b, 0x00, 0x27, 0x40, 0x24, 0x02, 0x01, 0x00, 0x06, 0x05, 0x02,
  0x03, 0x04, 0x00, 0x03, 0x67, 0x00, 0x01, 0x01, 0x04, 0x5f, 0x00, 0x04,
  0x04, 0x12, 0x04, 0x4e, 0x00, 0x00, 0x00, 0x0b, 0x00, 0x0b, 0x11, 0x11,
  0x11, 0x11, 0x11, 0x07, 0x07, 0x1b, 0x2b, 0x37, 0x35, 0x33, 0x35, 0x33,
  0x15, 0x33, 0x15, 0x23, 0x15, 0x23, 0x35, 0x28, 0xe5, 0x7d, 0xe4, 0xe4,
  0x7d, 0xea, 0x73, 0xe9, 0xe9, 0x73, 0xea, 0xea, 0x00, 0x01, 0x00, 0x3c,
  0xff, 0x69, 0x00, 0xde, 0x00, 0x8f, 0x00, 0x05, 0x00, 0x3c, 0x4b, 0xb0,
  0x09, 0x50, 0x58, 0x40, 0x12, 0x03, 0x01, 0x02, 0x00, 0x00, 0x02, 0x71,
  0x00, 0x01, 0x01, 0x00, 0x5f, 0x00, 0x00, 0x00, 0x12, 0x00, 0x4e, 0x1b,
  0x40, 0x11, 0x03, 0x01, 0x02, 0x00, 0x02, 0x86, 0x00, 0x01, 0x01, 0x00,
  0x5f, 0x00, 0x00, 0x00, 0x12, 0x00, 0x4e, 0x59, 0x40, 0x0b, 0x00, 0x00,
  0x00, 0x05, 0x00, 0x05, 0x11, 0x11, 0x04, 0x07, 0x18, 0x2b, 0x17, 0x35,
  0x23, 0x35, 0x33, 0x11, 0x83, 0x47, 0xa2, 0x97, 0x97, 0x8f, 0xfe, 0xda,
  0x00, 0x01, 0x00, 0x28, 0x00, 0xea, 0x01, 0x5a, 0x01, 0x5d, 0x00, 0x03,
  0x00, 0x1e, 0x40, 0x1b, 0x00, 0x00, 0x01, 0x01, 0x00, 0x57, 0x00, 0x00,
  0x00, 0x01, 0x5f, 0x02, 0x01, 0x01, 0x00, 0x01, 0x4f, 0x00, 0x00, 0x00,
  0x03, 0x00, 0x03, 0x11, 0x03, 0x07, 0x17, 0x2b, 0x37, 0x35, 0x21, 0x15,
  0x28, 0x01, 0x32, 0xea, 0x73, 0x73, 0x00, 0x01, 0x00, 0x3c, 0x00, 0x00,
  0x00, 0xdc, 0x00, 0x8f, 0x00, 0x03, 0x00, 0x19, 0x40, 0x16, 0x00, 0x00,
  0x00, 0x01, 0x5f, 0x02, 0x01, 0x01, 0x01, 0x12, 0x01, 0x4e, 0x00, 0x00,
  0x00, 0x03, 0x00, 0x03, 0x11, 0x03, 0x07, 0x17, 0x2b, 0x33, 0x35, 0x33,
  0x15, 0x3c, 0xa0, 0x8f, 0x8f, 0x00, 0x00, 0x01, 0x00, 0x05, 0xff, 0x3f,
  0x02, 0x5c, 0x02, 0xe7, 0x00, 0x03, 0x00, 0x2e, 0x4b, 0xb0, 0x16, 0x50,
  0x58, 0x40, 0x0c, 0x02, 0x01, 0x01, 0x00, 0x01, 0x86, 0x00, 0x00, 0x00,
  0x11, 0x00, 0x4e, 0x1b, 0x40, 0x0a, 0x00, 0x00, 0x01, 0x00, 0x85, 0x02,
  0x01, 0x01, 0x01, 0x76, 0x59, 0x40, 0x0a, 0x00, 0x00, 0x00, 0x03, 0x00,
  0x03, 0x11, 0x03, 0x07, 0x17, 0x2b, 0x17, 0x01, 0x33, 0x01, 0x05, 0x01,
  0xd6, 0x81, 0xfe, 0x2a, 0xc1, 0x03, 0xa8, 0xfc, 0x58, 0x00, 0x00, 0x03,
  0x00, 0x28, 0xff, 0xfb, 0x03, 0xda, 0x02, 0xd0, 0x00, 0x0d, 0x00, 0x16,
  0x00, 0x1f, 0x00, 0x36, 0x40, 0x33, 0x1e, 0x1d, 0x11, 0x10, 0x04, 0x03,
  0x02, 0x01, 0x4c, 0x00, 0x02, 0x02, 0x01, 0x5f, 0x00, 0x01, 0x01, 0x11,
  0x4d, 0x05, 0x01, 0x03, 0x03, 0x00, 0x5f, 0x04, 0x01, 0x00, 0x00, 0x12,
  0x00, 0x4e, 0x19, 0x17, 0x01, 0x00, 0x17, 0x1f, 0x19, 0x1f, 0x15, 0x12,
  0x08, 0x05, 0x00, 0x0d, 0x01, 0x0c, 0x06, 0x07, 0x16, 0x2b, 0x05, 0x22,
  0x26, 0x35, 0x34, 0x36, 0x33, 0x33, 0x32, 0x16, 0x15, 0x14, 0x06, 0x23,
  0x01, 0x14, 0x17, 0x01, 0x26, 0x23, 0x23, 0x22, 0x06, 0x01, 0x33, 0x32,
  0x36, 0x35, 0x34, 0x27, 0x01, 0x16, 0x01, 0xc0, 0xc1, 0xd7, 0xd7, 0xc1,
  0x82, 0xc2, 0xd6, 0xd6, 0xc2, 0xfe, 0x89, 0x35, 0x01, 0x88, 0x24, 0x2d,
  0x6c, 0x7e, 0x82, 0x01, 0x00, 0x6c, 0x7e, 0x82, 0x36, 0xfe, 0x77, 0x25,
  0x05, 0xb7, 0xb4, 0xb3, 0xb7, 0xb7, 0xb3, 0xb4, 0xb7, 0x01, 0x6b, 0x6d,
  0x39, 0x01, 0x87, 0x07, 0x6e, 0xfe, 0x9d, 0x6f, 0x7a, 0x6d, 0x39, 0xfe,
  0x78, 0x07, 0x00, 0x01, 0x00, 0x0a, 0x00, 0x00, 0x01, 0x79, 0x02, 0xc9,
  0x00, 0x05, 0x00, 0x1f, 0x40, 0x1c, 0x00, 0x00, 0x00, 0x01, 0x5f, 0x00,
  0x01, 0x01, 0x13, 0x4d, 0x03, 0x01, 0x02, 0x02, 0x12, 0x02, 0x4e, 0x00,
  0x00, 0x00, 0x05, 0x00, 0x05, 0x11, 0x11, 0x04, 0x07, 0x18, 0x2b, 0x33,
  0x11, 0x23, 0x35, 0x21, 0x11, 0xde, 0xd4, 0x01, 0x6f, 0x02, 0x47, 0x82,
  0xfd, 0x37, 0x00, 0x01, 0x00, 0x1e, 0x00, 0x00, 0x03, 0x3c, 0x02, 0xca,
  0x00, 0x19, 0x00, 0x2f, 0x40, 0x2c, 0x00, 0x00, 0x00, 0x03, 0x04, 0x00,
  0x03, 0x67, 0x00, 0x01, 0x01, 0x02, 0x5f, 0x00, 0x02, 0x02, 0x13, 0x4d,
  0x00, 0x04, 0x04, 0x05, 0x5f, 0x06, 0x01, 0x05, 0x05, 0x12, 0x05, 0x4e,
  0x00, 0x00, 0x00, 0x19, 0x00, 0x19, 0x13, 0x34, 0x21, 0x22, 0x33, 0x07,
  0x07, 0x1b, 0x2b, 0x33, 0x35, 0x34, 0x36, 0x33, 0x21, 0x32, 0x35, 0x34,
  0x23, 0x21, 0x35, 0x21, 0x32, 0x16, 0x15, 0x14, 0x06, 0x23, 0x21, 0x22,
  0x06, 0x15, 0x15, 0x21, 0x15, 0x1e, 0x70, 0x6b, 0x01, 0x49, 0x5f, 0x5f,
  0xfd, 0xec, 0x02, 0x33, 0x68, 0x73, 0x73, 0x68, 0xfe, 0xae, 0x2b, 0x2b,
  0x02, 0x70, 0xd4, 0x64, 0x6e, 0x51, 0x51, 0x82, 0x70, 0x63, 0x63, 0x70,
  0x2b, 0x27, 0x51, 0x81, 0x00, 0x01, 0x00, 0x1e, 0x00, 0x00, 0x03, 0x3c,
  0x02, 0xca, 0x00, 0x1e, 0x00, 0x35, 0x40, 0x32, 0x18, 0x01, 0x01, 0x02,
  0x01, 0x4c, 0x00, 0x02, 0x00, 0x01, 0x00, 0x02, 0x01, 0x67, 0x00, 0x03,
  0x03, 0x04, 0x5f, 0x00, 0x04, 0x04, 0x13, 0x4d, 0x00, 0x00, 0x00, 0x05,
  0x5f, 0x06, 0x01, 0x05, 0x05, 0x12, 0x05, 0x4e, 0x00, 0x00, 0x00, 0x1e,
  0x00, 0x1d, 0x21, 0x22, 0x21, 0x24, 0x21, 0x07, 0x07, 0x1b, 0x2b, 0x33,
  0x35, 0x21, 0x32, 0x36, 0x35, 0x34, 0x26, 0x23, 0x21, 0x35, 0x21, 0x32,
  0x35, 0x34, 0x23, 0x21, 0x35, 0x21, 0x32, 0x16, 0x15, 0x14, 0x06, 0x07,
  0x16, 0x16, 0x15, 0x14, 0x06, 0x23, 0x1e, 0x02, 0x26, 0x26, 0x26, 0x26,
  0x26, 0xfe, 0x38, 0x01, 0xc7, 0x4d, 0x4d, 0xfd, 0xdb, 0x02, 0x43, 0x68,
  0x73, 0x26, 0x2c, 0x2c, 0x26, 0x73, 0x68, 0x82, 0x2b, 0x26, 0x27, 0x2c,
  0x81, 0x51, 0x50, 0x82, 0x67, 0x5c, 0x32, 0x59, 0x15, 0x16, 0x55, 0x33,
  0x5b, 0x6e, 0x00, 0x01, 0x00, 0x28, 0x00, 0x00, 0x03, 0xac, 0x02, 0xca,
  0x00, 0x0e, 0x00, 0x33, 0x40, 0x30, 0x01, 0x01, 0x01, 0x02, 0x01, 0x4c,
  0x03, 0x01, 0x01, 0x07, 0x06, 0x02, 0x04, 0x05, 0x01, 0x04, 0x68, 0x00,
  0x00, 0x00, 0x13, 0x4d, 0x00, 0x02, 0x02, 0x05, 0x5f, 0x00, 0x05, 0x05,
  0x12, 0x05, 0x4e, 0x00, 0x00, 0x00, 0x0e, 0x00, 0x0e, 0x11, 0x11, 0x11,
  0x11, 0x11, 0x12, 0x08, 0x07, 0x1c, 0x2b, 0x37, 0x35, 0x01, 0x33, 0x01,
  0x21, 0x35, 0x33, 0x15, 0x33, 0x15, 0x23, 0x15, 0x23, 0x35, 0x28, 0x01,
  0x78, 0xc5, 0xfe, 0x82, 0x01, 0x82, 0x9b, 0xa8, 0xa8, 0x9b, 0x83, 0x83,
  0x01, 0xc4, 0xfe, 0x3b, 0xa4, 0xa4, 0x82, 0x83, 0x83, 0x00, 0x00, 0x01,
  0x00, 0x46, 0x00, 0x00, 0x03, 0x53, 0x02, 0xca, 0x00, 0x13, 0x00, 0x2f,
  0x40, 0x2c, 0x00, 0x04, 0x00, 0x01, 0x00, 0x04, 0x01, 0x67, 0x00, 0x03,
  0x03, 0x02, 0x5f, 0x00, 0x02, 0x02, 0x13, 0x4d, 0x00, 0x00, 0x00, 0x05,
  0x5f, 0x06, 0x01, 0x05, 0x05, 0x12, 0x05, 0x4e, 0x00, 0x00, 0x00, 0x13,
  0x00, 0x12, 0x21, 0x11, 0x11, 0x22, 0x21, 0x07, 0x07, 0x1b, 0x2b, 0x33,
  0x35, 0x21, 0x32, 0x35, 0x34, 0x23, 0x21, 0x11, 0x21, 0x15, 0x21, 0x15,
  0x21, 0x32, 0x16, 0x15, 0x14, 0x06, 0x23, 0x46, 0x02, 0x13, 0x5f, 0x5f,
  0xfd, 0xed, 0x02, 0xf0, 0xfd, 0xab, 0x01, 0x97, 0x68, 0x73, 0x73, 0x68,
  0x82, 0x51, 0x51, 0x01, 0xa6, 0x81, 0xa3, 0x70, 0x63, 0x63, 0x70, 0x00,
  0x00, 0x02, 0x00, 0x28, 0xff, 0xff, 0x03, 0x92, 0x02, 0xcb, 0x00, 0x13,
  0x00, 0x1d, 0x00, 0x39, 0x40, 0x36, 0x00, 0x03, 0x00, 0x05, 0x04, 0x03,
  0x05, 0x67, 0x00, 0x02, 0x02, 0x01, 0x5f, 0x00, 0x01, 0x01, 0x13, 0x4d,
  0x07, 0x01, 0x04, 0x04, 0x00, 0x5f, 0x06, 0x01, 0x00, 0x00, 0x12, 0x00,
  0x4e, 0x16, 0x14, 0x01, 0x00, 0x1c, 0x1a, 0x14, 0x1d, 0x16, 0x1d, 0x0e,
  0x0c, 0x0a, 0x08, 0x07, 0x05, 0x00, 0x13, 0x01, 0x12, 0x08, 0x07, 0x16,
  0x2b, 0x05, 0x22, 0x26, 0x35, 0x34, 0x36, 0x33, 0x21, 0x15, 0x21, 0x22,
  0x06, 0x07, 0x21, 0x32, 0x16, 0x15, 0x14, 0x06, 0x23, 0x25, 0x21, 0x32,
  0x36, 0x35, 0x34, 0x26, 0x23, 0x21, 0x16, 0x01, 0x70, 0x9c, 0xac, 0xd7,
  0xc1, 0x01, 0x93, 0xfe, 0x78, 0x6d, 0x7f, 0x0f, 0x01, 0xd3, 0x6f, 0x80,
  0x80, 0x6f, 0xfe, 0xd8, 0x01, 0x09, 0x37, 0x3c, 0x3c, 0x37, 0xfe, 0x4c,
  0x17, 0x01, 0xbd, 0xaa, 0xb9, 0xac, 0x82, 0x49, 0x5b, 0x6f, 0x62, 0x65,
  0x70, 0x82, 0x29, 0x29, 0x28, 0x28, 0xa2, 0x00, 0x00, 0x01, 0x00, 0x23,
  0x00, 0x00, 0x03, 0x4d, 0x02, 0xc9, 0x00, 0x06, 0x00, 0x25, 0x40, 0x22,
  0x05, 0x01, 0x02, 0x00, 0x01, 0x4c, 0x00, 0x00, 0x00, 0x01, 0x5f, 0x00,
  0x01, 0x01, 0x13, 0x4d, 0x03, 0x01, 0x02, 0x02, 0x12, 0x02, 0x4e, 0x00,
  0x00, 0x00, 0x06, 0x00, 0x06, 0x11, 0x11, 0x04, 0x07, 0x18, 0x2b, 0x33,
  0x01, 0x21, 0x35, 0x21, 0x15, 0x01, 0xa9, 0x01, 0xe4, 0xfd, 0x96, 0x03,
  0x2a, 0xfe, 0x1d, 0x02, 0x47, 0x82, 0x83, 0xfd, 0xba, 0x00, 0x00, 0x03,
  0x00, 0x46, 0x00, 0x00, 0x03, 0xae, 0x02, 0xca, 0x00, 0x15, 0x00, 0x1f,
  0x00, 0x29, 0x00, 0x45, 0x40, 0x42, 0x10, 0x05, 0x02, 0x05, 0x02, 0x01,
  0x4c, 0x07, 0x01, 0x02, 0x00, 0x05, 0x04, 0x02, 0x05, 0x67, 0x00, 0x03,
  0x03, 0x01, 0x5f, 0x00, 0x01, 0x01, 0x13, 0x4d, 0x08, 0x01, 0x04, 0x04,
  0x00, 0x5f, 0x06, 0x01, 0x00, 0x00, 0x12, 0x00, 0x4e, 0x22, 0x20, 0x18,
  0x16, 0x01, 0x00, 0x27, 0x24, 0x20, 0x29, 0x22, 0x29, 0x1d, 0x1a, 0x16,
  0x1f, 0x18, 0x1f, 0x0c, 0x09, 0x00, 0x15, 0x01, 0x14, 0x09, 0x07, 0x16,
  0x2b, 0x21, 0x22, 0x26, 0x35, 0x34, 0x37, 0x26, 0x35, 0x34, 0x36, 0x33,
  0x21, 0x32, 0x16, 0x15, 0x14, 0x07, 0x16, 0x15, 0x14, 0x06, 0x23, 0x01,
  0x21, 0x32, 0x35, 0x34, 0x23, 0x21, 0x22, 0x15, 0x14, 0x13, 0x21, 0x32,
  0x35, 0x34, 0x23, 0x21, 0x22, 0x15, 0x14, 0x01, 0x21, 0x67, 0x74, 0x3d,
  0x29, 0x74, 0x67, 0x01, 0x8a, 0x68, 0x73, 0x29, 0x3d, 0x73, 0x68, 0xfe,
  0x81, 0x01, 0x4c, 0x4f, 0x4f, 0xfe, 0xb4, 0x4f, 0x3b, 0x01, 0x74, 0x4f,
  0x4f, 0xfe, 0x8c, 0x4e, 0x74, 0x5f, 0x64, 0x3b, 0x35, 0x52, 0x5f, 0x72,
  0x72, 0x5f, 0x52, 0x35, 0x3a, 0x65, 0x5f, 0x74, 0x01, 0xaa, 0x50, 0x4c,
  0x4c, 0x50, 0xfe, 0xd9, 0x51, 0x52, 0x52, 0x51, 0x00, 0x02, 0x00, 0x1e,
  0x00, 0x00, 0x03, 0x88, 0x02, 0xc9, 0x00, 0x15, 0x00, 0x1e, 0x00, 0x36,
  0x40, 0x33, 0x07, 0x01, 0x04, 0x00, 0x01, 0x00, 0x04, 0x01, 0x67, 0x00,
  0x05, 0x05, 0x02, 0x5f, 0x00, 0x02, 0x02, 0x13, 0x4d, 0x00, 0x00, 0x00,
  0x03, 0x5f, 0x06, 0x01, 0x03, 0x03, 0x12, 0x03, 0x4e, 0x17, 0x16, 0x00,
  0x00, 0x1c, 0x19, 0x16, 0x1e, 0x17, 0x1e, 0x00, 0x15, 0x00, 0x14, 0x34,
  0x22, 0x21, 0x08, 0x07, 0x19, 0x2b, 0x33, 0x35, 0x21, 0x32, 0x36, 0x37,
  0x21, 0x22, 0x26, 0x35, 0x34, 0x36, 0x33, 0x21, 0x32, 0x16, 0x16, 0x15,
  0x14, 0x06, 0x06, 0x23, 0x03, 0x21, 0x26, 0x26, 0x23, 0x23, 0x22, 0x15,
  0x14, 0x5d, 0x01, 0xaa, 0x5a, 0x68, 0x0e, 0xfe, 0x22, 0x67, 0x74, 0x74,
  0x67, 0x01, 0x1c, 0x75, 0xa6, 0x58, 0x58, 0xa6, 0x75, 0xfd, 0x01, 0xbf,
  0x0f, 0x69, 0x5a, 0xed, 0x4e, 0x84, 0x54, 0x4d, 0x72, 0x5f, 0x60, 0x73,
  0x58, 0xa0, 0x6c, 0x6c, 0xa0, 0x59, 0x01, 0xa7, 0x4d, 0x52, 0x50, 0x4f,
  0xff, 0xff, 0x00, 0x3c, 0x00, 0x00, 0x00, 0xdc, 0x02, 0x03, 0x02, 0x26,
  0x00, 0x11, 0x00, 0x00, 0x01, 0x07, 0x00, 0x11, 0x00, 0x00, 0x01, 0x74,
  0x00, 0x09, 0xb1, 0x01, 0x01, 0xb8, 0x01, 0x74, 0xb0, 0x35, 0x2b, 0x00,
  0xff, 0xff, 0x00, 0x3c, 0xff, 0x69, 0x00, 0xde, 0x02, 0x03, 0x00, 0x27,
  0x00, 0x11, 0x00, 0x00, 0x01, 0x74, 0x03, 0x06, 0x00, 0x0f, 0x00, 0x00,
  0x00, 0x09, 0xb1, 0x00, 0x01, 0xb8, 0x01, 0x74, 0xb0, 0x35, 0x2b, 0x00,
  0x00, 0x01, 0x00, 0x28, 0x00, 0x14, 0x02, 0xcd, 0x02, 0x32, 0x00, 0x06,
  0x00, 0x06, 0xb3, 0x03, 0x00, 0x01, 0x32, 0x2b, 0x25, 0x25, 0x35, 0x25,
  0x15, 0x05, 0x05, 0x02, 0xcd, 0xfd, 0x5b, 0x02, 0xa5, 0xfe, 0x0c, 0x01,
  0xf4, 0x14, 0xd6, 0x73, 0xd5, 0x7a, 0x95, 0x95, 0xff, 0xff, 0x00, 0x28,
  0x00, 0x76, 0x02, 0x6e, 0x01, 0xd1, 0x02, 0x26, 0x00, 0xd2, 0x00, 0x74,
  0x01, 0x06, 0x00, 0xd2, 0x00, 0x8c, 0x00, 0x11, 0xb1, 0x00, 0x01, 0xb0,
  0x74, 0xb0, 0x35, 0x2b, 0xb1, 0x01, 0x01, 0xb8, 0xff, 0x8c, 0xb0, 0x35,
  0x2b, 0x00, 0x00, 0x00, 0xff, 0xff, 0x00, 0x28, 0x00, 0x14, 0x02, 0xcd,
  0x02, 0x32, 0x01, 0x0f, 0x00, 0x1f, 0x02, 0xf5, 0x02, 0x46, 0xc0, 0x00,
  0x00, 0x09, 0xb1, 0x00, 0x01, 0xb8, 0x02, 0x46, 0xb0, 0x35, 0x2b, 0x00,
  0x00, 0x02, 0x00, 0x46, 0x00, 0x00, 0x02, 0xad, 0x02, 0xc9, 0x00, 0x11,
  0x00, 0x15, 0x00, 0x70, 0x4b, 0xb0, 0x11, 0x50, 0x58, 0x40, 0x26, 0x07,
  0x01, 0x04, 0x03, 0x05, 0x03, 0x04, 0x72, 0x00, 0x00, 0x00, 0x03, 0x04,
  0x00, 0x03, 0x67, 0x00, 0x01, 0x01, 0x02, 0x5f, 0x00, 0x02, 0x02, 0x13,
  0x4d, 0x00, 0x05, 0x05, 0x06, 0x5f, 0x08, 0x01, 0x06, 0x06, 0x12, 0x06,
  0x4e, 0x1b, 0x40, 0x27, 0x07, 0x01, 0x04, 0x03, 0x05, 0x03, 0x04, 0x05,
  0x80, 0x00, 0x00, 0x00, 0x03, 0x04, 0x00, 0x03, 0x67, 0x00, 0x01, 0x01,
  0x02, 0x5f, 0x00, 0x02, 0x02, 0x13, 0x4d, 0x00, 0x05, 0x05, 0x06, 0x5f,
  0x08, 0x01, 0x06, 0x06, 0x12, 0x06, 0x4e, 0x59, 0x40, 0x15, 0x12, 0x12,
  0x00, 0x00, 0x12, 0x15, 0x12, 0x15, 0x14, 0x13, 0x00, 0x11, 0x00, 0x11,
  0x24, 0x21, 0x22, 0x21, 0x09, 0x07, 0x1a, 0x2b, 0x37, 0x35, 0x21, 0x32,
  0x35, 0x34, 0x23, 0x21, 0x35, 0x21, 0x32, 0x16, 0x15, 0x14, 0x06, 0x23,
  0x23, 0x15, 0x07, 0x35, 0x33, 0x15, 0x46, 0x01, 0x78, 0x4c, 0x4c, 0xfe,
  0x88, 0x01, 0x8c, 0x68, 0x73, 0x73, 0x68, 0xec, 0xa0, 0xa0, 0xd3, 0xd2,
  0x51, 0x51, 0x82, 0x73, 0x5f, 0x5f, 0x75, 0x50, 0xd3, 0x8f, 0x8f, 0x00,
  0x00, 0x02, 0x00, 0x1e, 0xff, 0x7e, 0x04, 0x81, 0x02, 0xa3, 0x00, 0x32,
  0x00, 0x3b, 0x00, 0x57, 0x40, 0x54, 0x00, 0x01, 0x00, 0x07, 0x05, 0x01,
  0x07, 0x67, 0x00, 0x05, 0x00, 0x04, 0x03, 0x05, 0x04, 0x67, 0x00, 0x03,
  0x00, 0x0a, 0x06, 0x03, 0x0a, 0x67, 0x0c, 0x09, 0x02, 0x06, 0x00, 0x02,
  0x08, 0x06, 0x02, 0x67, 0x00, 0x08, 0x00, 0x00, 0x08, 0x57, 0x00, 0x08,
  0x08, 0x00, 0x5f, 0x0b, 0x01, 0x00, 0x08, 0x00, 0x4f, 0x34, 0x33, 0x01,
  0x00, 0x37, 0x35, 0x33, 0x3b, 0x34, 0x3b, 0x31, 0x2f, 0x2b, 0x28, 0x24,
  0x23, 0x20, 0x1e, 0x1d, 0x1b, 0x19, 0x17, 0x13, 0x10, 0x0a, 0x07, 0x00,
  0x32, 0x01, 0x32, 0x0d, 0x07, 0x16, 0x2b, 0x05, 0x22, 0x26, 0x26, 0x35,
  0x34, 0x36, 0x36, 0x33, 0x21, 0x32, 0x16, 0x16, 0x15, 0x14, 0x06, 0x06,
  0x23, 0x21, 0x22, 0x26, 0x35, 0x34, 0x36, 0x33, 0x21, 0x35, 0x34, 0x23,
  0x21, 0x35, 0x21, 0x32, 0x16, 0x15, 0x15, 0x36, 0x36, 0x35, 0x34, 0x26,
  0x23, 0x21, 0x22, 0x06, 0x15, 0x14, 0x16, 0x33, 0x21, 0x15, 0x01, 0x21,
  0x35, 0x21, 0x22, 0x06, 0x15, 0x14, 0x16, 0x01, 0xc0, 0x84, 0xbb, 0x63,
  0x63, 0xbb, 0x84, 0x01, 0x1f, 0x83, 0xbb, 0x64, 0x40, 0x7c, 0x59, 0xfe,
  0x44, 0x48, 0x4a, 0x4a, 0x48, 0x01, 0x40, 0x33, 0xfe, 0x99, 0x01, 0x87,
  0x4a, 0x45, 0x4d, 0x4d, 0x93, 0x90, 0xfe, 0xd9, 0x92, 0x91, 0x91, 0x92,
  0x01, 0x34, 0xfe, 0xdb, 0x01, 0x25, 0xfe, 0xdb, 0x18, 0x14, 0x14, 0x82,
  0x64, 0xb5, 0x79, 0x7a, 0xb5, 0x64, 0x4f, 0x95, 0x6a, 0x54, 0x81, 0x49,
  0x45, 0x40, 0x40, 0x45, 0x14, 0x33, 0x62, 0x4a, 0x3b, 0xcc, 0x02, 0x62,
  0x58, 0x7a, 0x70, 0x9c, 0x93, 0x92, 0x9c, 0x64, 0x01, 0x1b, 0x47, 0x13,
  0x11, 0x10, 0x13, 0x00, 0x00, 0x02, 0x00, 0x0a, 0x00, 0x00, 0x03, 0x85,
  0x02, 0xcb, 0x00, 0x07, 0x00, 0x0b, 0x00, 0x2d, 0x40, 0x2a, 0x00, 0x04,
  0x00, 0x02, 0x01, 0x04, 0x02, 0x67, 0x00, 0x05, 0x05, 0x00, 0x5f, 0x00,
  0x00, 0x00, 0x13, 0x4d, 0x06, 0x03, 0x02, 0x01, 0x01, 0x12, 0x01, 0x4e,
  0x00, 0x00, 0x0b, 0x0a, 0x09, 0x08, 0x00, 0x07, 0x00, 0x07, 0x11, 0x11,
  0x11, 0x07, 0x07, 0x19, 0x2b, 0x33, 0x01, 0x33, 0x01, 0x23, 0x27, 0x21,
  0x07, 0x13, 0x21, 0x03, 0x23, 0x0a, 0x01, 0x42, 0xf7, 0x01, 0x42, 0xae,
  0x44, 0xfe, 0x69, 0x44, 0x7e, 0x01, 0x23, 0x8b, 0x0d, 0x02, 0xcb, 0xfd,
  0x35, 0x97, 0x97, 0x01, 0x19, 0x01, 0x35, 0x00, 0x00, 0x03, 0x00, 0x46,
  0x00, 0x00, 0x03, 0x9e, 0x02, 0xcb, 0x00, 0x0d, 0x00, 0x14, 0x00, 0x1b,
  0x00, 0x43, 0x40, 0x40, 0x07, 0x01, 0x04, 0x03, 0x01, 0x4c, 0x00, 0x03,
  0x08, 0x01, 0x04, 0x05, 0x03, 0x04, 0x67, 0x07, 0x01, 0x02, 0x02, 0x00,
  0x5f, 0x00, 0x00, 0x00, 0x13, 0x4d, 0x00, 0x05, 0x05, 0x01, 0x5f, 0x06,
  0x01, 0x01, 0x01, 0x12, 0x01, 0x4e, 0x16, 0x15, 0x0f, 0x0e, 0x00, 0x00,
  0x19, 0x17, 0x15, 0x1b, 0x16, 0x1b, 0x12, 0x10, 0x0e, 0x14, 0x0f, 0x14,
  0x00, 0x0d, 0x00, 0x0c, 0x21, 0x09, 0x07, 0x17, 0x2b, 0x33, 0x11, 0x25,
  0x32, 0x16, 0x15, 0x14, 0x07, 0x16, 0x16, 0x15, 0x14, 0x06, 0x23, 0x03,
  0x21, 0x15, 0x21, 0x32, 0x35, 0x34, 0x03, 0x21, 0x15, 0x21, 0x32, 0x35,
  0x34, 0x46, 0x02, 0x5a, 0x77, 0x73, 0x42, 0x2c, 0x2a, 0x73, 0x77, 0x27,
  0xfe, 0x59, 0x01, 0xa7, 0x5b, 0x47, 0xfe, 0x45, 0x01, 0xbb, 0x5b, 0x02,
  0xc9, 0x02, 0x63, 0x63, 0x63, 0x2e, 0x18, 0x4f, 0x3e, 0x65, 0x69, 0x02,
  0x4a, 0xa0, 0x52, 0x4e, 0xfe, 0xe0, 0xaa, 0x56, 0x54, 0x00, 0x00, 0x01,
  0x00, 0x1e, 0xff, 0xfb, 0x03, 0x28, 0x02, 0xd1, 0x00, 0x11, 0x00, 0x28,
  0x40, 0x25, 0x00, 0x02, 0x02, 0x01, 0x5f, 0x00, 0x01, 0x01, 0x11, 0x4d,
  0x00, 0x03, 0x03, 0x00, 0x5f, 0x04, 0x01, 0x00, 0x00, 0x12, 0x00, 0x4e,
  0x01, 0x00, 0x10, 0x0e, 0x0a, 0x08, 0x07, 0x05, 0x00, 0x11, 0x01, 0x11,
  0x05, 0x07, 0x16, 0x2b, 0x05, 0x22, 0x26, 0x35, 0x34, 0x36, 0x17, 0x05,
  0x15, 0x21, 0x22, 0x06, 0x15, 0x14, 0x16, 0x33, 0x21, 0x15, 0x01, 0xb6,
  0xc6, 0xd2, 0xd2, 0xc6, 0x01, 0x68, 0xfe, 0xa3, 0x82, 0x7e, 0x7e, 0x82,
  0x01, 0x67, 0x05, 0xb7, 0xb4, 0xb3, 0xb8, 0x01, 0x02, 0x80, 0x6e, 0x7a,
  0x7a, 0x6f, 0x82, 0x00, 0x00, 0x02, 0x00, 0x46, 0x00, 0x00, 0x03, 0x94,
  0x02, 0xcc, 0x00, 0x09, 0x00, 0x12, 0x00, 0x2c, 0x40, 0x29, 0x05, 0x01,
  0x02, 0x02, 0x00, 0x5f, 0x00, 0x00, 0x00, 0x13, 0x4d, 0x00, 0x03, 0x03,
  0x01, 0x5f, 0x04, 0x01, 0x01, 0x01, 0x12, 0x01, 0x4e, 0x0b, 0x0a, 0x00,
  0x00, 0x0e, 0x0c, 0x0a, 0x12, 0x0b, 0x12, 0x00, 0x09, 0x00, 0x08, 0x31,
  0x06, 0x07, 0x17, 0x2b, 0x33, 0x11, 0x33, 0x25, 0x32, 0x16, 0x15, 0x14,
  0x06, 0x23, 0x03, 0x21, 0x11, 0x21, 0x32, 0x36, 0x35, 0x34, 0x26, 0x46,
  0x76, 0x01, 0x40, 0xc2, 0xd6, 0xd6, 0xc2, 0x0b, 0xfe, 0xf5, 0x01, 0x0b,
  0x7e, 0x82, 0x82, 0x02, 0xcb, 0x01, 0xb6, 0xb0, 0xb0, 0xb6, 0x02, 0x4a,
  0xfe, 0x38, 0x6e, 0x76, 0x77, 0x6d, 0x00, 0x01, 0x00, 0x46, 0x00, 0x00,
  0x03, 0x56, 0x02, 0xcb, 0x00, 0x0b, 0x00, 0x2f, 0x40, 0x2c, 0x00, 0x02,
  0x00, 0x03, 0x04, 0x02, 0x03, 0x67, 0x00, 0x01, 0x01, 0x00, 0x5f, 0x00,
  0x00, 0x00, 0x13, 0x4d, 0x00, 0x04, 0x04, 0x05, 0x5f, 0x06, 0x01, 0x05,
  0x05, 0x12, 0x05, 0x4e, 0x00, 0x00, 0x00, 0x0b, 0x00, 0x0b, 0x11, 0x11,
  0x11, 0x11, 0x11, 0x07, 0x07, 0x1b, 0x2b, 0x33, 0x11, 0x21, 0x15, 0x21,
  0x15, 0x21, 0x15, 0x21, 0x15, 0x21, 0x15, 0x46, 0x03, 0x10, 0xfd, 0x90,
  0x02, 0x36, 0xfd, 0xca, 0x02, 0x70, 0x02, 0xcb, 0x82, 0x9e, 0x82, 0xa7,
  0x82, 0x00, 0x00, 0x01, 0x00, 0x46, 0x00, 0x00, 0x03, 0x42, 0x02, 0xcb,
  0x00, 0x09, 0x00, 0x29, 0x40, 0x26, 0x00, 0x02, 0x00, 0x03, 0x04, 0x02,
  0x03, 0x67, 0x00, 0x01, 0x01, 0x00, 0x5f, 0x00, 0x00, 0x00, 0x13, 0x4d,
  0x05, 0x01, 0x04, 0x04, 0x12, 0x04, 0x4e, 0x00, 0x00, 0x00, 0x09, 0x00,
  0x09, 0x11, 0x11, 0x11, 0x11, 0x06, 0x07, 0x1a, 0x2b, 0x33, 0x11, 0x21,
  0x15, 0x21, 0x15, 0x21, 0x15, 0x21, 0x11, 0x46, 0x02, 0xfc, 0xfd, 0xa4,
  0x02, 0x0e, 0xfd, 0xf2, 0x02, 0xcb, 0x82, 0xc6, 0x82, 0xfe, 0xff, 0x00,
  0x00, 0x02, 0x00, 0x1e, 0xff, 0xfb, 0x03, 0x59, 0x02, 0xd0, 0x00, 0x12,
  0x00, 0x16, 0x00, 0x37, 0x40, 0x34, 0x00, 0x04, 0x00, 0x06, 0x03, 0x04,
  0x06, 0x67, 0x00, 0x02, 0x02, 0x01, 0x5f, 0x00, 0x01, 0x01, 0x11, 0x4d,
  0x05, 0x01, 0x03, 0x03, 0x00, 0x5f, 0x07, 0x01, 0x00, 0x00, 0x12, 0x00,
  0x4e, 0x01, 0x00, 0x16, 0x15, 0x14, 0x13, 0x11, 0x10, 0x0f, 0x0e, 0x0a,
  0x08, 0x07, 0x05, 0x00, 0x12, 0x01, 0x12, 0x08, 0x07, 0x16, 0x2b, 0x05,
  0x22, 0x26, 0x35, 0x34, 0x36, 0x33, 0x21, 0x15, 0x21, 0x22, 0x06, 0x15,
  0x14, 0x16, 0x17, 0x11, 0x21, 0x11, 0x25, 0x33, 0x35, 0x23, 0x01, 0xa2,
  0xb7, 0xcd, 0xd1, 0xc7, 0x01, 0x7c, 0xfe, 0x8f, 0x83, 0x7d, 0x6e, 0x6a,
  0x01, 0xc0, 0xfe, 0xd6, 0x8a, 0x8a, 0x05, 0xb7, 0xb4, 0xb3, 0xb7, 0x82,
  0x6e, 0x7a, 0x74, 0x6f, 0x05, 0x01, 0x16, 0xfe, 0x67, 0x82, 0x95, 0x00,
  0x00, 0x01, 0x00, 0x46, 0x00, 0x00, 0x03, 0x7e, 0x02, 0xcb, 0x00, 0x0b,
  0x00, 0x27, 0x40, 0x24, 0x00, 0x01, 0x00, 0x04, 0x03, 0x01, 0x04, 0x67,
  0x02, 0x01, 0x00, 0x00, 0x13, 0x4d, 0x06, 0x05, 0x02, 0x03, 0x03, 0x12,
  0x03, 0x4e, 0x00, 0x00, 0x00, 0x0b, 0x00, 0x0b, 0x11, 0x11, 0x11, 0x11,
  0x11, 0x07, 0x07, 0x1b, 0x2b, 0x33, 0x11, 0x33, 0x11, 0x21, 0x11, 0x33,
  0x11, 0x23, 0x11, 0x21, 0x11, 0x46, 0xa0, 0x01, 0xf8, 0xa0, 0xa0, 0xfe,
  0x08, 0x02, 0xcb, 0xfe, 0xdb, 0x01, 0x25, 0xfd, 0x35, 0x01, 0x24, 0xfe,
  0xdc, 0x00, 0x00, 0x01, 0x00, 0x46, 0x00, 0x00, 0x00, 0xe6, 0x02, 0xcb,
  0x00, 0x03, 0x00, 0x19, 0x40, 0x16, 0x00, 0x00, 0x00, 0x13, 0x4d, 0x02,
  0x01, 0x01, 0x01, 0x12, 0x01, 0x4e, 0x00, 0x00, 0x00, 0x03, 0x00, 0x03,
  0x11, 0x03, 0x07, 0x17, 0x2b, 0x33, 0x11, 0x33, 0x11, 0x46, 0xa0, 0x02,
  0xcb, 0xfd, 0x35, 0x00, 0x00, 0x01, 0x00, 0x16, 0xff, 0xfb, 0x02, 0xcb,
  0x02, 0xcb, 0x00, 0x17, 0x00, 0x4e, 0x4b, 0xb0, 0x09, 0x50, 0x58, 0x40,
  0x18, 0x00, 0x01, 0x03, 0x02, 0x02, 0x01, 0x72, 0x00, 0x03, 0x03, 0x13,
  0x4d, 0x00, 0x02, 0x02, 0x00, 0x60, 0x04, 0x01, 0x00, 0x00, 0x12, 0x00,
  0x4e, 0x1b, 0x40, 0x19, 0x00, 0x01, 0x03, 0x02, 0x03, 0x01, 0x02, 0x80,
  0x00, 0x03, 0x03, 0x13, 0x4d, 0x00, 0x02, 0x02, 0x00, 0x60, 0x04, 0x01,
  0x00, 0x00, 0x12, 0x00, 0x4e, 0x59, 0x40, 0x0f, 0x01, 0x00, 0x12, 0x11,
  0x0e, 0x0b, 0x06, 0x05, 0x00, 0x17, 0x01, 0x16, 0x05, 0x07, 0x16, 0x2b,
  0x05, 0x22, 0x26, 0x35, 0x34, 0x37, 0x33, 0x06, 0x06, 0x15, 0x14, 0x16,
  0x33, 0x33, 0x32, 0x36, 0x35, 0x11, 0x33, 0x11, 0x14, 0x06, 0x06, 0x23,
  0x01, 0x35, 0x94, 0x8b, 0x06, 0xa0, 0x02, 0x02, 0x52, 0x46, 0x3f, 0x55,
  0x47, 0xa0, 0x36, 0x7e, 0x6d, 0x05, 0x69, 0x6d, 0x1a, 0x1b, 0x0d, 0x18,
  0x08, 0x37, 0x25, 0x37, 0x4c, 0x01, 0xcb, 0xfe, 0x35, 0x58, 0x74, 0x39,
  0x00, 0x01, 0x00, 0x46, 0x00, 0x00, 0x03, 0x86, 0x02, 0xc9, 0x00, 0x0c,
  0x00, 0x2d, 0x40, 0x2a, 0x07, 0x01, 0x04, 0x01, 0x01, 0x4c, 0x00, 0x01,
  0x00, 0x04, 0x03, 0x01, 0x04, 0x67, 0x02, 0x01, 0x00, 0x00, 0x13, 0x4d,
  0x06, 0x05, 0x02, 0x03, 0x03, 0x12, 0x03, 0x4e, 0x00, 0x00, 0x00, 0x0c,
  0x00, 0x0c, 0x11, 0x12, 0x11, 0x11, 0x11, 0x07, 0x07, 0x1b, 0x2b, 0x33,
  0x11, 0x33, 0x11, 0x33, 0x13, 0x33, 0x01, 0x01, 0x23, 0x03, 0x23, 0x11,
  0x46, 0xa0, 0xee, 0xeb, 0xc7, 0xfe, 0xda, 0x01, 0x26, 0xc7, 0xec, 0xed,
  0x02, 0xc9, 0xfe, 0xdd, 0x01, 0x23, 0xfe, 0x9c, 0xfe, 0x9b, 0x01, 0x24,
  0xfe, 0xdc, 0x00, 0x01, 0x00, 0x46, 0x00, 0x00, 0x02, 0xf1, 0x02, 0xcb,
  0x00, 0x05, 0x00, 0x1f, 0x40, 0x1c, 0x00, 0x00, 0x00, 0x13, 0x4d, 0x00,
  0x01, 0x01, 0x02, 0x60, 0x03, 0x01, 0x02, 0x02, 0x12, 0x02, 0x4e, 0x00,
  0x00, 0x00, 0x05, 0x00, 0x05, 0x11, 0x11, 0x04, 0x07, 0x18, 0x2b, 0x33,
  0x11, 0x33, 0x11, 0x21, 0x15, 0x46, 0xa0, 0x02, 0x0b, 0x02, 0xcb, 0xfd,
  0xb7, 0x82, 0x00, 0x01, 0x00, 0x46, 0x00, 0x00, 0x03, 0xed, 0x02, 0xcb,
  0x00, 0x0f, 0x00, 0x29, 0x40, 0x26, 0x0e, 0x0d, 0x0a, 0x09, 0x03, 0x05,
  0x02, 0x00, 0x01, 0x4c, 0x01, 0x01, 0x00, 0x00, 0x13, 0x4d, 0x05, 0x04,
  0x03, 0x03, 0x02, 0x02, 0x12, 0x02, 0x4e, 0x00, 0x00, 0x00, 0x0f, 0x00,
  0x0f, 0x13, 0x11, 0x13, 0x11, 0x06, 0x07, 0x1a, 0x2b, 0x33, 0x11, 0x33,
  0x05, 0x33, 0x25, 0x33, 0x11, 0x23, 0x11, 0x07, 0x11, 0x23, 0x11, 0x27,
  0x11, 0x46, 0x86, 0x01, 0x4b, 0x05, 0x01, 0x4b, 0x86, 0xa0, 0xe3, 0xa0,
  0xe4, 0x02, 0xcb, 0xe8, 0xe8, 0xfd, 0x35, 0x02, 0x03, 0x98, 0xfe, 0x95,
  0x01, 0x6b, 0x98, 0xfd, 0xfd, 0x00, 0x00, 0x01, 0x00, 0x46, 0x00, 0x00,
  0x03, 0x82, 0x02, 0xcb, 0x00, 0x09, 0x00, 0x24, 0x40, 0x21, 0x08, 0x03,
  0x02, 0x02, 0x00, 0x01, 0x4c, 0x01, 0x01, 0x00, 0x00, 0x13, 0x4d, 0x04,
  0x03, 0x02, 0x02, 0x02, 0x12, 0x02, 0x4e, 0x00, 0x00, 0x00, 0x09, 0x00,
  0x09, 0x11, 0x12, 0x11, 0x05, 0x07, 0x19, 0x2b, 0x33, 0x11, 0x33, 0x01,
  0x11, 0x33, 0x11, 0x23, 0x01, 0x11, 0x46, 0xa2, 0x01, 0xfa, 0xa0, 0xa2,
  0xfe, 0x06, 0x02, 0xcb, 0xfd, 0xfe, 0x02, 0x02, 0xfd, 0x35, 0x02, 0x03,
  0xfd, 0xfd, 0x00, 0x03, 0x00, 0x1e, 0xff, 0xfb, 0x04, 0x02, 0x02, 0xd0,
  0x00, 0x0d, 0x00, 0x15, 0x00, 0x1d, 0x00, 0x3e, 0x40, 0x3b, 0x00, 0x03,
  0x00, 0x05, 0x04, 0x03, 0x05, 0x67, 0x07, 0x01, 0x02, 0x02, 0x01, 0x5f,
  0x00, 0x01, 0x01, 0x11, 0x4d, 0x08, 0x01, 0x04, 0x04, 0x00, 0x5f, 0x06,
  0x01, 0x00, 0x00, 0x12, 0x00, 0x4e, 0x18, 0x16, 0x0f, 0x0e, 0x01, 0x00,
  0x1b, 0x1a, 0x16, 0x1d, 0x18, 0x1d, 0x12, 0x11, 0x0e, 0x15, 0x0f, 0x14,
  0x08, 0x05, 0x00, 0x0d, 0x01, 0x0c, 0x09, 0x07, 0x16, 0x2b, 0x05, 0x22,
  0x26, 0x35, 0x34, 0x36, 0x33, 0x33, 0x32, 0x16, 0x15, 0x14, 0x06, 0x23,
  0x03, 0x22, 0x06, 0x07, 0x21, 0x26, 0x26, 0x23, 0x03, 0x33, 0x32, 0x36,
  0x37, 0x21, 0x16, 0x16, 0x01, 0xaf, 0xbf, 0xd2, 0xd2, 0xc6, 0xb4, 0xc6,
  0xd2, 0xd2, 0xc1, 0xae, 0x6f, 0x7c, 0x10, 0x02, 0x94, 0x10, 0x7c, 0x6f,
  0x9b, 0x9b, 0x70, 0x7b, 0x10, 0xfd, 0x6c, 0x10, 0x7c, 0x05, 0xb7, 0xb4,
  0xb3, 0xb7, 0xb7, 0xb3, 0xb4, 0xb7, 0x02, 0x53, 0x50, 0x57, 0x57, 0x50,
  0xfe, 0x2f, 0x50, 0x58, 0x58, 0x50, 0x00, 0x02, 0x00, 0x46, 0x00, 0x00,
  0x03, 0x87, 0x02, 0xcb, 0x00, 0x0a, 0x00, 0x13, 0x00, 0x30, 0x40, 0x2d,
  0x00, 0x04, 0x00, 0x01, 0x02, 0x04, 0x01, 0x67, 0x06, 0x01, 0x03, 0x03,
  0x00, 0x5f, 0x00, 0x00, 0x00, 0x13, 0x4d, 0x05, 0x01, 0x02, 0x02, 0x12,
  0x02, 0x4e, 0x0c, 0x0b, 0x00, 0x00, 0x0f, 0x0d, 0x0b, 0x13, 0x0c, 0x13,
  0x00, 0x0a, 0x00, 0x0a, 0x24, 0x21, 0x07, 0x07, 0x18, 0x2b, 0x33, 0x11,
  0x21, 0x32, 0x16, 0x15, 0x14, 0x06, 0x23, 0x21, 0x11, 0x01, 0x21, 0x15,
  0x05, 0x32, 0x36, 0x35, 0x34, 0x26, 0x46, 0x02, 0x57, 0x6f, 0x7b, 0x7b,
  0x6f, 0xfe, 0x49, 0x01, 0xa4, 0xfe, 0x5c, 0x01, 0xa4, 0x2c, 0x2f, 0x2f,
  0x02, 0xcb, 0x70, 0x72, 0x72, 0x70, 0xfe, 0xf9, 0x02, 0x49, 0xbf, 0x01,
  0x2c, 0x34, 0x35, 0x2b, 0x00, 0x02, 0x00, 0x1e, 0xff, 0x92, 0x04, 0x02,
  0x02, 0xd0, 0x00, 0x11, 0x00, 0x21, 0x00, 0x3e, 0x40, 0x3b, 0x09, 0x01,
  0x07, 0x00, 0x03, 0x07, 0x03, 0x63, 0x00, 0x05, 0x05, 0x01, 0x5f, 0x00,
  0x01, 0x01, 0x11, 0x4d, 0x06, 0x01, 0x04, 0x04, 0x00, 0x61, 0x02, 0x08,
  0x02, 0x00, 0x00, 0x12, 0x00, 0x4e, 0x12, 0x12, 0x01, 0x00, 0x12, 0x21,
  0x12, 0x21, 0x20, 0x1f, 0x1b, 0x18, 0x14, 0x13, 0x10, 0x0f, 0x0e, 0x0c,
  0x08, 0x05, 0x00, 0x11, 0x01, 0x11, 0x0a, 0x07, 0x16, 0x2b, 0x05, 0x22,
  0x26, 0x35, 0x34, 0x36, 0x33, 0x33, 0x32, 0x16, 0x15, 0x14, 0x06, 0x23,
  0x23, 0x15, 0x23, 0x35, 0x37, 0x15, 0x36, 0x36, 0x35, 0x34, 0x26, 0x23,
  0x23, 0x22, 0x06, 0x15, 0x14, 0x16, 0x33, 0x35, 0x01, 0xaf, 0xbf, 0xd2,
  0xd2, 0xc6, 0xb4, 0xc6, 0xd2, 0xd2, 0xc1, 0x0d, 0xa0, 0xa0, 0x81, 0x7c,
  0x7d, 0x83, 0x9e, 0x82, 0x7e, 0x7e, 0x83, 0x05, 0xb7, 0xb4, 0xb3, 0xb7,
  0xb7, 0xb3, 0xb4, 0xb7, 0x69, 0x69, 0xff, 0x7d, 0x01, 0x6e, 0x7a, 0x7a,
  0x6e, 0x6e, 0x7a, 0x7a, 0x6f, 0x7d, 0x00, 0x02, 0x00, 0x46, 0x00, 0x00,
  0x03, 0x87, 0x02, 0xcb, 0x00, 0x0d, 0x00, 0x16, 0x00, 0x38, 0x40, 0x35,
  0x08, 0x01, 0x02, 0x05, 0x01, 0x4c, 0x00, 0x05, 0x00, 0x02, 0x01, 0x05,
  0x02, 0x67, 0x07, 0x01, 0x04, 0x04, 0x00, 0x5f, 0x00, 0x00, 0x00, 0x13,
  0x4d, 0x06, 0x03, 0x02, 0x01, 0x01, 0x12, 0x01, 0x4e, 0x0f, 0x0e, 0x00,
  0x00, 0x12, 0x10, 0x0e, 0x16, 0x0f, 0x16, 0x00, 0x0d, 0x00, 0x0d, 0x11,
  0x16, 0x21, 0x08, 0x07, 0x19, 0x2b, 0x33, 0x11, 0x21, 0x32, 0x16, 0x15,
  0x14, 0x06, 0x07, 0x13, 0x23, 0x03, 0x21, 0x11, 0x01, 0x21, 0x15, 0x05,
  0x32, 0x36, 0x35, 0x34, 0x26, 0x46, 0x02, 0x57, 0x6f, 0x7b, 0x5a, 0x53,
  0xa5, 0xb6, 0x99, 0xfe, 0xb6, 0x01, 0xa4, 0xfe, 0x5c, 0x01, 0xa4, 0x2c,
  0x2f, 0x2f, 0x02, 0xcb, 0x70, 0x72, 0x61, 0x6e, 0x0e, 0xfe, 0xf4, 0x01,
  0x07, 0xfe, 0xf9, 0x02, 0x49, 0xbf, 0x01, 0x2c, 0x34, 0x35, 0x2b, 0x00,
  0x00, 0x01, 0x00, 0x1e, 0xff, 0xfb, 0x03, 0x69, 0x02, 0xd0, 0x00, 0x1f,
  0x00, 0x2f, 0x40, 0x2c, 0x00, 0x04, 0x00, 0x01, 0x00, 0x04, 0x01, 0x67,
  0x00, 0x03, 0x03, 0x02, 0x5f, 0x00, 0x02, 0x02, 0x11, 0x4d, 0x00, 0x00,
  0x00, 0x05, 0x5f, 0x06, 0x01, 0x05, 0x05, 0x12, 0x05, 0x4e, 0x00, 0x00,
  0x00, 0x1f, 0x00, 0x1e, 0x34, 0x21, 0x24, 0x34, 0x21, 0x07, 0x07, 0x1b,
  0x2b, 0x17, 0x35, 0x05, 0x32, 0x36, 0x35, 0x34, 0x26, 0x23, 0x21, 0x22,
  0x26, 0x35, 0x34, 0x36, 0x33, 0x21, 0x15, 0x25, 0x22, 0x06, 0x15, 0x14,
  0x16, 0x33, 0x21, 0x32, 0x16, 0x15, 0x14, 0x06, 0x23, 0x2f, 0x02, 0x3f,
  0x2c, 0x2f, 0x2f, 0x2c, 0xfe, 0x9a, 0x6f, 0x7b, 0x7b, 0x6f, 0x02, 0x32,
  0xfd, 0xdf, 0x2b, 0x30, 0x30, 0x2b, 0x01, 0x66, 0x6f, 0x7b, 0x7b, 0x6f,
  0x05, 0x82, 0x01, 0x29, 0x2e, 0x2e, 0x29, 0x6b, 0x68, 0x68, 0x6b, 0x82,
  0x01, 0x27, 0x2b, 0x2b, 0x27, 0x6d, 0x6b, 0x6a, 0x6e, 0x00, 0x00, 0x01,
  0x00, 0x2d, 0x00, 0x00, 0x03, 0x9d, 0x02, 0xcb, 0x00, 0x0b, 0x00, 0x2c,
  0x40, 0x29, 0x06, 0x05, 0x02, 0x01, 0x02, 0x03, 0x02, 0x01, 0x03, 0x80,
  0x04, 0x01, 0x02, 0x02, 0x00, 0x5f, 0x00, 0x00, 0x00, 0x13, 0x4d, 0x00,
  0x03, 0x03, 0x12, 0x03, 0x4e, 0x00, 0x00, 0x00, 0x0b, 0x00, 0x0b, 0x11,
  0x11, 0x11, 0x11, 0x11, 0x07, 0x07, 0x1b, 0x2b, 0x13, 0x11, 0x21, 0x11,
  0x23, 0x35, 0x23, 0x11, 0x23, 0x11, 0x23, 0x15, 0x2d, 0x03, 0x70, 0xa2,
  0xda, 0xa0, 0xb2, 0x01, 0x61, 0x01, 0x6a, 0xfe, 0x96, 0xe8, 0xfd, 0xb7,
  0x02, 0x49, 0xe8, 0x00, 0x00, 0x01, 0x00, 0x46, 0xff, 0xfb, 0x03, 0x7f,
  0x02, 0xcb, 0x00, 0x15, 0x00, 0x24, 0x40, 0x21, 0x03, 0x01, 0x01, 0x01,
  0x13, 0x4d, 0x00, 0x02, 0x02, 0x00, 0x5f, 0x04, 0x01, 0x00, 0x00, 0x12,
  0x00, 0x4e, 0x01, 0x00, 0x10, 0x0f, 0x0c, 0x09, 0x06, 0x05, 0x00, 0x15,
  0x01, 0x14, 0x05, 0x07, 0x16, 0x2b, 0x05, 0x22, 0x26, 0x26, 0x35, 0x11,
  0x33, 0x11, 0x14, 0x16, 0x33, 0x33, 0x32, 0x36, 0x35, 0x11, 0x33, 0x11,
  0x14, 0x06, 0x06, 0x23, 0x01, 0x67, 0x6d, 0x7e, 0x36, 0xa0, 0x47, 0x55,
  0xc1, 0x55, 0x47, 0xa0, 0x36, 0x7e, 0x6d, 0x05, 0x39, 0x74, 0x58, 0x01,
  0xcb, 0xfe, 0x35, 0x4c, 0x37, 0x37, 0x4c, 0x01, 0xcb, 0xfe, 0x35, 0x58,
  0x74, 0x39, 0x00, 0x01, 0x00, 0x00, 0x00, 0x00, 0x03, 0x7b, 0x02, 0xcb,
  0x00, 0x07, 0x00, 0x21, 0x40, 0x1e, 0x02, 0x01, 0x00, 0x00, 0x13, 0x4d,
  0x00, 0x01, 0x01, 0x03, 0x5f, 0x04, 0x01, 0x03, 0x03, 0x12, 0x03, 0x4e,
  0x00, 0x00, 0x00, 0x07, 0x00, 0x07, 0x11, 0x11, 0x11, 0x05, 0x07, 0x19,
  0x2b, 0x21, 0x01, 0x33, 0x01, 0x33, 0x01, 0x33, 0x01, 0x01, 0x42, 0xfe,
  0xbe, 0xae, 0x01, 0x09, 0x0d, 0x01, 0x09, 0xae, 0xfe, 0xbe, 0x02, 0xcb,
  0xfd, 0xb2, 0x02, 0x4e, 0xfd, 0x35, 0x00, 0x01, 0x00, 0x32, 0x00, 0x00,
  0x04, 0x15, 0x02, 0xcb, 0x00, 0x0e, 0x00, 0x29, 0x40, 0x26, 0x0d, 0x08,
  0x07, 0x04, 0x03, 0x05, 0x03, 0x00, 0x01, 0x4c, 0x02, 0x01, 0x02, 0x00,
  0x00, 0x13, 0x4d, 0x05, 0x04, 0x02, 0x03, 0x03, 0x12, 0x03, 0x4e, 0x00,
  0x00, 0x00, 0x0e, 0x00, 0x0e, 0x11, 0x13, 0x13, 0x11, 0x06, 0x07, 0x1a,
  0x2b, 0x33, 0x03, 0x33, 0x13, 0x37, 0x11, 0x33, 0x11, 0x17, 0x13, 0x33,
  0x03, 0x23, 0x25, 0x05, 0x82, 0x50, 0xa0, 0x3b, 0xc7, 0xa0, 0xc5, 0x3c,
  0xa0, 0x50, 0x86, 0xfe, 0xe5, 0xfe, 0xe4, 0x02, 0xcb, 0xfd, 0xf6, 0x99,
  0x01, 0x71, 0xfe, 0x8e, 0x98, 0x02, 0x0a, 0xfd, 0x35, 0xe5, 0xe5, 0x00,
  0x00, 0x01, 0x00, 0x0a, 0x00, 0x00, 0x03, 0x9a, 0x02, 0xcb, 0x00, 0x0d,
  0x00, 0x2e, 0x40, 0x2b, 0x08, 0x01, 0x02, 0x04, 0x01, 0x01, 0x4c, 0x00,
  0x01, 0x00, 0x04, 0x03, 0x01, 0x04, 0x67, 0x02, 0x01, 0x00, 0x00, 0x13,
  0x4d, 0x06, 0x05, 0x02, 0x03, 0x03, 0x12, 0x03, 0x4e, 0x00, 0x00, 0x00,
  0x0d, 0x00, 0x0d, 0x11, 0x12, 0x11, 0x11, 0x12, 0x07, 0x07, 0x1b, 0x2b,
  0x33, 0x01, 0x01, 0x33, 0x13, 0x33, 0x13, 0x33, 0x01, 0x01, 0x23, 0x03,
  0x23, 0x03, 0x0a, 0x01, 0x0c, 0xfe, 0xf4, 0xc3, 0xd7, 0x5c, 0xd7, 0xc3,
  0xfe, 0xf4, 0x01, 0x0c, 0xc4, 0xd6, 0x5c, 0xd6, 0x01, 0x65, 0x01, 0x66,
  0xfe, 0xdb, 0x01, 0x25, 0xfe, 0x9a, 0xfe, 0x9b, 0x01, 0x24, 0xfe, 0xdc,
  0x00, 0x01, 0x00, 0x00, 0x00, 0x00, 0x03, 0x95, 0x02, 0xcb, 0x00, 0x08,
  0x00, 0x23, 0x40, 0x20, 0x07, 0x04, 0x01, 0x03, 0x02, 0x00, 0x01, 0x4c,
  0x01, 0x01, 0x00, 0x00, 0x13, 0x4d, 0x03, 0x01, 0x02, 0x02, 0x12, 0x02,
  0x4e, 0x00, 0x00, 0x00, 0x08, 0x00, 0x08, 0x12, 0x12, 0x04, 0x07, 0x18,
  0x2b, 0x21, 0x35, 0x01, 0x33, 0x01, 0x01, 0x33, 0x01, 0x11, 0x01, 0x7b,
  0xfe, 0x85, 0xc6, 0x01, 0x05, 0x01, 0x04, 0xc6, 0xfe, 0x87, 0xff, 0x01,
  0xcc, 0xfe, 0xbc, 0x01, 0x44, 0xfe, 0x35, 0xff, 0x00, 0x00, 0x00, 0x01,
  0x00, 0x1e, 0x00, 0x00, 0x03, 0x1f, 0x02, 0xc9, 0x00, 0x09, 0x00, 0x2f,
  0x40, 0x2c, 0x06, 0x01, 0x00, 0x01, 0x01, 0x01, 0x03, 0x02, 0x02, 0x4c,
  0x00, 0x00, 0x00, 0x01, 0x5f, 0x00, 0x01, 0x01, 0x13, 0x4d, 0x00, 0x02,
  0x02, 0x03, 0x5f, 0x04, 0x01, 0x03, 0x03, 0x12, 0x03, 0x4e, 0x00, 0x00,
  0x00, 0x09, 0x00, 0x09, 0x12, 0x11, 0x12, 0x05, 0x07, 0x19, 0x2b, 0x33,
  0x35, 0x01, 0x21, 0x35, 0x21, 0x15, 0x01, 0x21, 0x15, 0x1e, 0x02, 0x19,
  0xfd, 0xfe, 0x02, 0xea, 0xfd, 0xe6, 0x02, 0x18, 0x79, 0x01, 0xce, 0x82,
  0x79, 0xfe, 0x32, 0x82, 0x00, 0x01, 0x00, 0x46, 0xff, 0x3f, 0x01, 0x56,
  0x02, 0xe7, 0x00, 0x07, 0x00, 0x46, 0x4b, 0xb0, 0x16, 0x50, 0x58, 0x40,
  0x13, 0x00, 0x02, 0x04, 0x01, 0x03, 0x02, 0x03, 0x63, 0x00, 0x01, 0x01,
  0x00, 0x5f, 0x00, 0x00, 0x00, 0x11, 0x01, 0x4e, 0x1b, 0x40, 0x19, 0x00,
  0x00, 0x00, 0x01, 0x02, 0x00, 0x01, 0x67, 0x00, 0x02, 0x03, 0x03, 0x02,
  0x57, 0x00, 0x02, 0x02, 0x03, 0x5f, 0x04, 0x01, 0x03, 0x02, 0x03, 0x4f,
  0x59, 0x40, 0x0c, 0x00, 0x00, 0x00, 0x07, 0x00, 0x07, 0x11, 0x11, 0x11,
  0x05, 0x07, 0x19, 0x2b, 0x17, 0x11, 0x21, 0x15, 0x23, 0x11, 0x33, 0x15,
  0x46, 0x01, 0x10, 0x98, 0x98, 0xc1, 0x03, 0xa8, 0x69, 0xfd, 0x2a, 0x69,
  0xff, 0xff, 0x00, 0x05, 0xff, 0x3f, 0x02, 0x5c, 0x02, 0xe7, 0x00, 0x47,
  0x00, 0x12, 0x02, 0x61, 0x00, 0x00, 0xc0, 0x00, 0x40, 0x00, 0x00, 0x00,
  0xff, 0xff, 0x00, 0x0a, 0xff, 0x3f, 0x01, 0x1a, 0x02, 0xe7, 0x00, 0x47,
  0x00, 0x3e, 0x01, 0x60, 0x00, 0x00, 0xc0, 0x00, 0x40, 0x00, 0x00, 0x00,
  0x00, 0x01, 0x00, 0x14, 0x01, 0x24, 0x02, 0xa9, 0x02, 0xc9, 0x00, 0x06,
  0x00, 0x27, 0xb1, 0x06, 0x64, 0x44, 0x40, 0x1c, 0x05, 0x01, 0x01, 0x00,
  0x01, 0x4c, 0x00, 0x00, 0x01, 0x00, 0x85, 0x03, 0x02, 0x02, 0x01, 0x01,
  0x76, 0x00, 0x00, 0x00, 0x06, 0x00, 0x06, 0x11, 0x11, 0x04, 0x07, 0x18,
  0x2b, 0xb1, 0x06, 0x00, 0x44, 0x13, 0x13, 0x33, 0x13, 0x23, 0x03, 0x03,
  0x14, 0xf5, 0xab, 0xf5, 0x8b, 0xc0, 0xc0, 0x01, 0x24, 0x01, 0xa5, 0xfe,
  0x5b, 0x01, 0x55, 0xfe, 0xab, 0x00, 0x00, 0x01, 0x00, 0x28, 0xff, 0x87,
  0x02, 0x90, 0xff, 0xfb, 0x00, 0x03, 0x00, 0x26, 0xb1, 0x06, 0x64, 0x44,
  0x40, 0x1b, 0x00, 0x00, 0x01, 0x01, 0x00, 0x57, 0x00, 0x00, 0x00, 0x01,
  0x5f, 0x02, 0x01, 0x01, 0x00, 0x01, 0x4f, 0x00, 0x00, 0x00, 0x03, 0x00,
  0x03, 0x11, 0x03, 0x07, 0x17, 0x2b, 0xb1, 0x06, 0x00, 0x44, 0x17, 0x35,
  0x21, 0x15, 0x28, 0x02, 0x68, 0x79, 0x74, 0x74, 0xff, 0xff, 0x00, 0x3c,
  0x02, 0x44, 0x01, 0xa1, 0x02, 0xda, 0x00, 0x06, 0x00, 0xc3, 0x00, 0x00,
  0x00, 0x02, 0x00, 0x19, 0x00, 0x00, 0x02, 0xd1, 0x02, 0x03, 0x00, 0x11,
  0x00, 0x1a, 0x00, 0x39, 0x40, 0x36, 0x00, 0x01, 0x00, 0x05, 0x04, 0x01,
  0x05, 0x67, 0x00, 0x02, 0x02, 0x03, 0x5f, 0x00, 0x03, 0x03, 0x14, 0x4d,
  0x07, 0x01, 0x04, 0x04, 0x00, 0x5f, 0x06, 0x01, 0x00, 0x00, 0x12, 0x00,
  0x4e, 0x13, 0x12, 0x01, 0x00, 0x16, 0x14, 0x12, 0x1a, 0x13, 0x1a, 0x0e,
  0x0c, 0x0b, 0x09, 0x07, 0x05, 0x00, 0x11, 0x01, 0x11, 0x08, 0x07, 0x16,
  0x2b, 0x33, 0x22, 0x26, 0x35, 0x34, 0x36, 0x33, 0x21, 0x35, 0x34, 0x23,
  0x21, 0x35, 0x21, 0x32, 0x16, 0x15, 0x11, 0x25, 0x21, 0x35, 0x21, 0x22,
  0x06, 0x15, 0x14, 0x16, 0xc0, 0x51, 0x56, 0x56, 0x51, 0x01, 0x80, 0x3c,
  0xfe, 0x58, 0x01, 0xce, 0x5b, 0x4c, 0xfe, 0x09, 0x01, 0x66, 0xfe, 0x9a,
  0x13, 0x15, 0x15, 0x52, 0x4c, 0x4b, 0x52, 0x18, 0x3d, 0x73, 0x53, 0x4b,
  0xfe, 0x9b, 0x73, 0x55, 0x17, 0x13, 0x13, 0x18, 0xff, 0xff, 0x00, 0x37,
  0x00, 0x00, 0x02, 0xc5, 0x02, 0xcb, 0x00, 0x26, 0x00, 0x4f, 0x00, 0x00,
  0x02, 0x06, 0x00, 0xa8, 0x00, 0x00, 0x00, 0x00, 0x00, 0x01, 0x00, 0x23,
  0xff, 0xfb, 0x02, 0x98, 0x02, 0x08, 0x00, 0x11, 0x00, 0x28, 0x40, 0x25,
  0x00, 0x02, 0x02, 0x01, 0x5f, 0x00, 0x01, 0x01, 0x14, 0x4d, 0x00, 0x03,
  0x03, 0x00, 0x5f, 0x04, 0x01, 0x00, 0x00, 0x12, 0x00, 0x4e, 0x01, 0x00,
  0x10, 0x0e, 0x0a, 0x08, 0x07, 0x05, 0x00, 0x11, 0x01, 0x11, 0x05, 0x07,
  0x16, 0x2b, 0x05, 0x22, 0x26, 0x35, 0x34, 0x36, 0x33, 0x21, 0x15, 0x21,
  0x22, 0x06, 0x15, 0x14, 0x16, 0x33, 0x21, 0x15, 0x01, 0x3f, 0x86, 0x96,
  0x96, 0x86, 0x01, 0x4f, 0xfe, 0xb1, 0x41, 0x45, 0x45, 0x41, 0x01, 0x59,
  0x05, 0x85, 0x81, 0x82, 0x85, 0x73, 0x48, 0x4c, 0x4b, 0x48, 0x73, 0x00,
  0xff, 0xff, 0x00, 0x23, 0x00, 0x00, 0x02, 0xb1, 0x02, 0xcb, 0x00, 0x67,
  0x00, 0x4f, 0x02, 0xe8, 0x00, 0x00, 0xc0, 0x00, 0x40, 0x00, 0x00, 0x47,
  0x00, 0xa8, 0x02, 0xe8, 0x00, 0x00, 0xc0, 0x00, 0x40, 0x00, 0x00, 0x00,
  0x00, 0x02, 0x00, 0x23, 0xff, 0xfb, 0x02, 0xee, 0x02, 0x08, 0x00, 0x11,
  0x00, 0x1a, 0x00, 0x39, 0x40, 0x36, 0x00, 0x05, 0x00, 0x02, 0x03, 0x05,
  0x02, 0x67, 0x07, 0x01, 0x04, 0x04, 0x01, 0x5f, 0x00, 0x01, 0x01, 0x14,
  0x4d, 0x00, 0x03, 0x03, 0x00, 0x5f, 0x06, 0x01, 0x00, 0x00, 0x12, 0x00,
  0x4e, 0x13, 0x12, 0x01, 0x00, 0x16, 0x14, 0x12, 0x1a, 0x13, 0x19, 0x10,
  0x0e, 0x0d, 0x0b, 0x08, 0x05, 0x00, 0x11, 0x01, 0x11, 0x08, 0x07, 0x16,
  0x2b, 0x05, 0x22, 0x26, 0x35, 0x34, 0x36, 0x33, 0x33, 0x32, 0x16, 0x15,
  0x14, 0x23, 0x21, 0x16, 0x33, 0x21, 0x15, 0x01, 0x22, 0x07, 0x21, 0x32,
  0x36, 0x35, 0x34, 0x23, 0x01, 0x3f, 0x86, 0x96, 0x96, 0x86, 0xfa, 0x58,
  0x5d, 0xb5, 0xfe, 0x86, 0x15, 0x6b, 0x01, 0x95, 0xfe, 0x6b, 0x67, 0x18,
  0x01, 0x72, 0x14, 0x17, 0x2b, 0x05, 0x85, 0x81, 0x82, 0x85, 0x53, 0x4d,
  0x9d, 0x5d, 0x73, 0x01, 0x9a, 0x57, 0x18, 0x15, 0x2a, 0x00, 0x00, 0x01,
  0x00, 0x14, 0x00, 0x00, 0x02, 0x2c, 0x02, 0xc9, 0x00, 0x12, 0x00, 0x2f,
  0x40, 0x2c, 0x00, 0x03, 0x03, 0x02, 0x5f, 0x00, 0x02, 0x02, 0x13, 0x4d,
  0x05, 0x01, 0x00, 0x00, 0x01, 0x5f, 0x04, 0x01, 0x01, 0x01, 0x14, 0x4d,
  0x07, 0x01, 0x06, 0x06, 0x12, 0x06, 0x4e, 0x00, 0x00, 0x00, 0x12, 0x00,
  0x12, 0x11, 0x12, 0x21, 0x23, 0x11, 0x11, 0x08, 0x07, 0x1c, 0x2b, 0x33,
  0x11, 0x23, 0x35, 0x33, 0x35, 0x34, 0x36, 0x33, 0x33, 0x15, 0x23, 0x22,
  0x15, 0x15, 0x33, 0x15, 0x23, 0x11, 0xa9, 0x95, 0x95, 0x52, 0x57, 0xda,
  0xb6, 0x3c, 0xd6, 0xd6, 0x01, 0x90, 0x73, 0x28, 0x47, 0x57, 0x73, 0x3d,
  0x16, 0x73, 0xfe, 0x70, 0x00, 0x02, 0x00, 0x23, 0xff, 0x1f, 0x02, 0xac,
  0x02, 0x03, 0x00, 0x11, 0x00, 0x1a, 0x00, 0x38, 0x40, 0x35, 0x00, 0x05,
  0x05, 0x02, 0x5f, 0x00, 0x02, 0x02, 0x14, 0x4d, 0x07, 0x01, 0x04, 0x04,
  0x01, 0x5f, 0x00, 0x01, 0x01, 0x12, 0x4d, 0x00, 0x00, 0x00, 0x03, 0x5f,
  0x06, 0x01, 0x03, 0x03, 0x16, 0x03, 0x4e, 0x13, 0x12, 0x00, 0x00, 0x16,
  0x14, 0x12, 0x1a, 0x13, 0x1a, 0x00, 0x11, 0x00, 0x10, 0x24, 0x22, 0x21,
  0x08, 0x07, 0x19, 0x2b, 0x17, 0x35, 0x21, 0x32, 0x35, 0x35, 0x23, 0x22,
  0x26, 0x35, 0x34, 0x36, 0x33, 0x21, 0x11, 0x14, 0x06, 0x23, 0x03, 0x33,
  0x11, 0x23, 0x22, 0x06, 0x15, 0x14, 0x16, 0xb1, 0x01, 0x2e, 0x3c, 0xdc,
  0x86, 0x96, 0x96, 0x86, 0x01, 0x6d, 0x52, 0x57, 0xc4, 0xdc, 0xdc, 0x41,
  0x45, 0x45, 0xe1, 0x73, 0x3d, 0x31, 0x84, 0x7d, 0x7e, 0x84, 0xfd, 0xba,
  0x47, 0x57, 0x01, 0x54, 0x01, 0x1d, 0x47, 0x48, 0x47, 0x47, 0x00, 0x01,
  0x00, 0x37, 0x00, 0x00, 0x02, 0xa1, 0x02, 0xcb, 0x00, 0x0e, 0x00, 0x27,
  0x40, 0x24, 0x00, 0x00, 0x00, 0x13, 0x4d, 0x00, 0x03, 0x03, 0x01, 0x5f,
  0x00, 0x01, 0x01, 0x14, 0x4d, 0x05, 0x04, 0x02, 0x02, 0x02, 0x12, 0x02,
  0x4e, 0x00, 0x00, 0x00, 0x0e, 0x00, 0x0e, 0x22, 0x13, 0x21, 0x11, 0x06,
  0x07, 0x1a, 0x2b, 0x33, 0x11, 0x33, 0x15, 0x21, 0x32, 0x16, 0x15, 0x11,
  0x23, 0x11, 0x34, 0x23, 0x21, 0x11, 0x37, 0x91, 0x01, 0x30, 0x58, 0x51,
  0x91, 0x3c, 0xfe, 0xf4, 0x02, 0xcb, 0xc8, 0x57, 0x47, 0xfe, 0x9b, 0x01,
  0x54, 0x3c, 0xfe, 0x70, 0xff, 0xff, 0x00, 0x36, 0x00, 0x00, 0x00, 0xc9,
  0x02, 0xc9, 0x02, 0x26, 0x00, 0xcc, 0x00, 0x00, 0x00, 0x06, 0x00, 0xb6,
  0xfa, 0x00, 0x00, 0x00, 0xff, 0xff, 0x00, 0x32, 0xff, 0x1f, 0x00, 0xc5,
  0x02, 0xc9, 0x02, 0x26, 0x00, 0xce, 0x00, 0x00, 0x00, 0x06, 0x00, 0xb6,
  0xf6, 0x00, 0x00, 0x00, 0x00, 0x02, 0x00, 0x37, 0x00, 0x00, 0x02, 0xd9,
  0x02, 0xcb, 0x00, 0x0e, 0x00, 0x16, 0x00, 0x3e, 0x40, 0x3b, 0x09, 0x01,
  0x03, 0x06, 0x01, 0x4c, 0x00, 0x06, 0x00, 0x03, 0x02, 0x06, 0x03, 0x67,
  0x00, 0x00, 0x00, 0x13, 0x4d, 0x08, 0x01, 0x05, 0x05, 0x01, 0x5f, 0x00,
  0x01, 0x01, 0x14, 0x4d, 0x07, 0x04, 0x02, 0x02, 0x02, 0x12, 0x02, 0x4e,
  0x10, 0x0f, 0x00, 0x00, 0x13, 0x11, 0x0f, 0x16, 0x10, 0x16, 0x00, 0x0e,
  0x00, 0x0e, 0x11, 0x15, 0x21, 0x11, 0x09, 0x07, 0x1a, 0x2b, 0x33, 0x11,
  0x33, 0x15, 0x21, 0x32, 0x16, 0x15, 0x14, 0x07, 0x17, 0x23, 0x27, 0x23,
  0x15, 0x01, 0x21, 0x15, 0x21, 0x32, 0x36, 0x35, 0x34, 0x37, 0x91, 0x01,
  0x5a, 0x58, 0x5d, 0x78, 0x7a, 0xa3, 0x76, 0xf8, 0x01, 0x53, 0xfe, 0xad,
  0x01, 0x53, 0x14, 0x17, 0x02, 0xcb, 0xc8, 0x53, 0x4d, 0x7e, 0x18, 0xcd,
  0xc7, 0xc7, 0x01, 0x91, 0x58, 0x18, 0x15, 0x2b, 0x00, 0x01, 0x00, 0x37,
  0x00, 0x00, 0x00, 0xc8, 0x02, 0xcb, 0x00, 0x03, 0x00, 0x19, 0x40, 0x16,
  0x00, 0x00, 0x00, 0x13, 0x4d, 0x02, 0x01, 0x01, 0x01, 0x12, 0x01, 0x4e,
  0x00, 0x00, 0x00, 0x03, 0x00, 0x03, 0x11, 0x03, 0x07, 0x17, 0x2b, 0x33,
  0x11, 0x33, 0x11, 0x37, 0x91, 0x02, 0xcb, 0xfd, 0x35, 0x00, 0x00, 0x01,
  0x00, 0x37, 0x00, 0x00, 0x03, 0x7c, 0x02, 0x03, 0x00, 0x10, 0x00, 0x25,
  0x40, 0x22, 0x04, 0x01, 0x02, 0x02, 0x00, 0x5f, 0x00, 0x00, 0x00, 0x14,
  0x4d, 0x06, 0x05, 0x03, 0x03, 0x01, 0x01, 0x12, 0x01, 0x4e, 0x00, 0x00,
  0x00, 0x10, 0x00, 0x10, 0x11, 0x11, 0x22, 0x13, 0x21, 0x07, 0x07, 0x1b,
  0x2b, 0x33, 0x11, 0x21, 0x32, 0x16, 0x15, 0x11, 0x23, 0x11, 0x34, 0x23,
  0x23, 0x11, 0x23, 0x11, 0x23, 0x11, 0x37, 0x02, 0x9b, 0x58, 0x52, 0x91,
  0x3e, 0x8b, 0x91, 0xc9, 0x02, 0x03, 0x57, 0x47, 0xfe, 0x9b, 0x01, 0x53,
  0x3d, 0xfe, 0x70, 0x01, 0x90, 0xfe, 0x70, 0x00, 0x00, 0x01, 0x00, 0x37,
  0x00, 0x00, 0x02, 0xa1, 0x02, 0x03, 0x00, 0x0c, 0x00, 0x21, 0x40, 0x1e,
  0x00, 0x02, 0x02, 0x00, 0x5f, 0x00, 0x00, 0x00, 0x14, 0x4d, 0x04, 0x03,
  0x02, 0x01, 0x01, 0x12, 0x01, 0x4e, 0x00, 0x00, 0x00, 0x0c, 0x00, 0x0c,
  0x22, 0x13, 0x21, 0x05, 0x07, 0x19, 0x2b, 0x33, 0x11, 0x21, 0x32, 0x16,
  0x15, 0x11, 0x23, 0x11, 0x34, 0x23, 0x21, 0x11, 0x37, 0x01, 0xc1, 0x58,
  0x51, 0x91, 0x3c, 0xfe, 0xf4, 0x02, 0x03, 0x57, 0x47, 0xfe, 0x9b, 0x01,
  0x54, 0x3c, 0xfe, 0x70, 0x00, 0x02, 0x00, 0x23, 0xff, 0xfb, 0x03, 0x14,
  0x02, 0x08, 0x00, 0x0d, 0x00, 0x1b, 0x00, 0x2d, 0x40, 0x2a, 0x00, 0x03,
  0x03, 0x01, 0x5f, 0x00, 0x01, 0x01, 0x14, 0x4d, 0x05, 0x01, 0x02, 0x02,
  0x00, 0x5f, 0x04, 0x01, 0x00, 0x00, 0x12, 0x00, 0x4e, 0x10, 0x0e, 0x01,
  0x00, 0x17, 0x14, 0x0e, 0x1b, 0x10, 0x1b, 0x08, 0x05, 0x00, 0x0d, 0x01,
  0x0c, 0x06, 0x07, 0x16, 0x2b, 0x05, 0x22, 0x26, 0x35, 0x34, 0x36, 0x33,
  0x33, 0x32, 0x16, 0x15, 0x14, 0x06, 0x23, 0x27, 0x33, 0x32, 0x36, 0x35,
  0x34, 0x26, 0x23, 0x23, 0x22, 0x06, 0x15, 0x14, 0x16, 0x01, 0x3f, 0x86,
  0x96, 0x96, 0x86, 0xb9, 0x86, 0x96, 0x96, 0x86, 0xb9, 0xb9, 0x41, 0x45,
  0x45, 0x41, 0xb9, 0x41, 0x45, 0x45, 0x05, 0x85, 0x81, 0x82, 0x85, 0x85,
  0x82, 0x81, 0x85, 0x73, 0x48, 0x4b, 0x4c, 0x48, 0x48, 0x4c, 0x4b, 0x48,
  0x00, 0x02, 0x00, 0x37, 0xff, 0x1f, 0x02, 0xc5, 0x02, 0x03, 0x00, 0x0a,
  0x00, 0x13, 0x00, 0x32, 0x40, 0x2f, 0x06, 0x01, 0x03, 0x03, 0x00, 0x5f,
  0x00, 0x00, 0x00, 0x14, 0x4d, 0x00, 0x04, 0x04, 0x01, 0x5f, 0x00, 0x01,
  0x01, 0x12, 0x4d, 0x05, 0x01, 0x02, 0x02, 0x16, 0x02, 0x4e, 0x0c, 0x0b,
  0x00, 0x00, 0x0f, 0x0d, 0x0b, 0x13, 0x0c, 0x13, 0x00, 0x0a, 0x00, 0x0a,
  0x24, 0x21, 0x07, 0x07, 0x18, 0x2b, 0x17, 0x11, 0x21, 0x32, 0x16, 0x15,
  0x14, 0x06, 0x23, 0x23, 0x15, 0x13, 0x23, 0x11, 0x33, 0x32, 0x36, 0x35,
  0x34, 0x26, 0x37, 0x01, 0x72, 0x86, 0x96, 0x96, 0x86, 0xe1, 0xe1, 0xe1,
  0xe1, 0x41, 0x45, 0x45, 0xe1, 0x02, 0xe4, 0x84, 0x7d, 0x7e, 0x84, 0xe1,
  0x02, 0x71, 0xfe, 0xe3, 0x47, 0x48, 0x47, 0x47, 0xff, 0xff, 0x00, 0x23,
  0xff, 0x1f, 0x02, 0xb1, 0x02, 0x03, 0x00, 0x47, 0x00, 0x53, 0x02, 0xe8,
  0x00, 0x00, 0xc0, 0x00, 0x40, 0x00, 0x00, 0x00, 0x00, 0x01, 0x00, 0x37,
  0x00, 0x00, 0x02, 0x6a, 0x02, 0x03, 0x00, 0x0c, 0x00, 0x4b, 0x4b, 0xb0,
  0x09, 0x50, 0x58, 0x40, 0x18, 0x00, 0x01, 0x02, 0x03, 0x02, 0x01, 0x72,
  0x00, 0x02, 0x02, 0x00, 0x5f, 0x00, 0x00, 0x00, 0x14, 0x4d, 0x04, 0x01,
  0x03, 0x03, 0x12, 0x03, 0x4e, 0x1b, 0x40, 0x19, 0x00, 0x01, 0x02, 0x03,
  0x02, 0x01, 0x03, 0x80, 0x00, 0x02, 0x02, 0x00, 0x5f, 0x00, 0x00, 0x00,
  0x14, 0x4d, 0x04, 0x01, 0x03, 0x03, 0x12, 0x03, 0x4e, 0x59, 0x40, 0x0c,
  0x00, 0x00, 0x00, 0x0c, 0x00, 0x0c, 0x22, 0x13, 0x21, 0x05, 0x07, 0x19,
  0x2b, 0x33, 0x11, 0x21, 0x32, 0x16, 0x15, 0x15, 0x23, 0x35, 0x34, 0x23,
  0x23, 0x11, 0x37, 0x01, 0x8a, 0x57, 0x52, 0x93, 0x3c, 0xd1, 0x02, 0x03,
  0x57, 0x47, 0x6b, 0x59, 0x3c, 0xfe, 0x71, 0x00, 0x00, 0x01, 0x00, 0x1e,
  0xff, 0xfb, 0x02, 0xcb, 0x02, 0x08, 0x00, 0x1c, 0x00, 0x2f, 0x40, 0x2c,
  0x00, 0x04, 0x00, 0x01, 0x00, 0x04, 0x01, 0x67, 0x00, 0x03, 0x03, 0x02,
  0x5f, 0x00, 0x02, 0x02, 0x14, 0x4d, 0x00, 0x00, 0x00, 0x05, 0x5f, 0x06,
  0x01, 0x05, 0x05, 0x12, 0x05, 0x4e, 0x00, 0x00, 0x00, 0x1c, 0x00, 0x1b,
  0x33, 0x21, 0x24, 0x32, 0x21, 0x07, 0x07, 0x1b, 0x2b, 0x17, 0x35, 0x21,
  0x32, 0x35, 0x34, 0x23, 0x21, 0x22, 0x26, 0x35, 0x34, 0x36, 0x33, 0x21,
  0x15, 0x21, 0x22, 0x15, 0x14, 0x16, 0x33, 0x21, 0x32, 0x16, 0x15, 0x14,
  0x06, 0x23, 0x26, 0x01, 0xea, 0x2a, 0x2a, 0xfe, 0xc3, 0x59, 0x5c, 0x5d,
  0x58, 0x01, 0xc8, 0xfe, 0x3f, 0x2b, 0x18, 0x13, 0x01, 0x50, 0x4e, 0x53,
  0x54, 0x4d, 0x05, 0x73, 0x2f, 0x2e, 0x51, 0x4c, 0x4d, 0x53, 0x73, 0x2a,
  0x15, 0x18, 0x51, 0x4d, 0x4e, 0x57, 0x00, 0x01, 0x00, 0x05, 0x00, 0x00,
  0x02, 0x1d, 0x02, 0xa1, 0x00, 0x12, 0x00, 0x35, 0x40, 0x32, 0x00, 0x03,
  0x02, 0x03, 0x85, 0x05, 0x01, 0x01, 0x01, 0x02, 0x5f, 0x04, 0x01, 0x02,
  0x02, 0x14, 0x4d, 0x00, 0x06, 0x06, 0x00, 0x60, 0x07, 0x01, 0x00, 0x00,
  0x12, 0x00, 0x4e, 0x01, 0x00, 0x11, 0x0f, 0x0d, 0x0c, 0x0b, 0x0a, 0x09,
  0x08, 0x07, 0x06, 0x05, 0x04, 0x00, 0x12, 0x01, 0x12, 0x08, 0x07, 0x16,
  0x2b, 0x21, 0x22, 0x26, 0x35, 0x35, 0x23, 0x35, 0x33, 0x35, 0x33, 0x15,
  0x33, 0x15, 0x23, 0x15, 0x14, 0x33, 0x33, 0x15, 0x01, 0x43, 0x57, 0x52,
  0x95, 0x95, 0x91, 0xd6, 0xd6, 0x3c, 0xb6, 0x57, 0x47, 0xf2, 0x73, 0x9e,
  0x9e, 0x73, 0xe0, 0x3d, 0x73, 0x00, 0x00, 0x01, 0x00, 0x32, 0x00, 0x00,
  0x02, 0x9c, 0x02, 0x03, 0x00, 0x11, 0x00, 0x24, 0x40, 0x21, 0x03, 0x01,
  0x01, 0x01, 0x14, 0x4d, 0x00, 0x02, 0x02, 0x00, 0x60, 0x04, 0x01, 0x00,
  0x00, 0x12, 0x00, 0x4e, 0x01, 0x00, 0x0d, 0x0c, 0x0a, 0x07, 0x05, 0x04,
  0x00, 0x11, 0x01, 0x10, 0x05, 0x07, 0x16, 0x2b, 0x33, 0x22, 0x26, 0x35,
  0x11, 0x33, 0x11, 0x14, 0x33, 0x33, 0x32, 0x35, 0x11, 0x33, 0x11, 0x14,
  0x06, 0x23, 0xdb, 0x58, 0x51, 0x91, 0x3c, 0xd0, 0x3c, 0x91, 0x51, 0x58,
  0x58, 0x46, 0x01, 0x65, 0xfe, 0xac, 0x3c, 0x3c, 0x01, 0x54, 0xfe, 0x9b,
  0x46, 0x58, 0x00, 0x01, 0x00, 0x0a, 0x00, 0x00, 0x02, 0xbc, 0x02, 0x03,
  0x00, 0x07, 0x00, 0x21, 0x40, 0x1e, 0x02, 0x01, 0x00, 0x00, 0x14, 0x4d,
  0x00, 0x01, 0x01, 0x03, 0x5f, 0x04, 0x01, 0x03, 0x03, 0x12, 0x03, 0x4e,
  0x00, 0x00, 0x00, 0x07, 0x00, 0x07, 0x11, 0x11, 0x11, 0x05, 0x07, 0x19,
  0x2b, 0x33, 0x03, 0x33, 0x13, 0x33, 0x13, 0x33, 0x03, 0xe3, 0xd9, 0x98,
  0xa8, 0x32, 0xa8, 0x98, 0xd9, 0x02, 0x03, 0xfe, 0x71, 0x01, 0x8f, 0xfd,
  0xfd, 0x00, 0x00, 0x01, 0x00, 0x1e, 0x00, 0x00, 0x03, 0x4d, 0x02, 0x03,
  0x00, 0x0e, 0x00, 0x29, 0x40, 0x26, 0x0d, 0x08, 0x07, 0x04, 0x03, 0x05,
  0x03, 0x00, 0x01, 0x4c, 0x02, 0x01, 0x02, 0x00, 0x00, 0x14, 0x4d, 0x05,
  0x04, 0x02, 0x03, 0x03, 0x12, 0x03, 0x4e, 0x00, 0x00, 0x00, 0x0e, 0x00,
  0x0e, 0x11, 0x13, 0x13, 0x11, 0x06, 0x07, 0x1a, 0x2b, 0x33, 0x03, 0x33,
  0x13, 0x37, 0x11, 0x33, 0x11, 0x17, 0x13, 0x33, 0x03, 0x23, 0x27, 0x07,
  0x4f, 0x31, 0x92, 0x22, 0x9b, 0x91, 0x9b, 0x22, 0x92, 0x31, 0x89, 0xde,
  0xdd, 0x02, 0x03, 0xfe, 0x79, 0x46, 0x01, 0x41, 0xfe, 0xbe, 0x45, 0x01,
  0x87, 0xfd, 0xfd, 0x62, 0x62, 0x00, 0x00, 0x01, 0x00, 0x0a, 0x00, 0x00,
  0x02, 0xd1, 0x02, 0x02, 0x00, 0x0d, 0x00, 0x2e, 0x40, 0x2b, 0x08, 0x01,
  0x02, 0x04, 0x01, 0x01, 0x4c, 0x00, 0x01, 0x00, 0x04, 0x03, 0x01, 0x04,
  0x67, 0x02, 0x01, 0x00, 0x00, 0x14, 0x4d, 0x06, 0x05, 0x02, 0x03, 0x03,
  0x12, 0x03, 0x4e, 0x00, 0x00, 0x00, 0x0d, 0x00, 0x0d, 0x11, 0x12, 0x11,
  0x11, 0x12, 0x07, 0x07, 0x1b, 0x2b, 0x33, 0x13, 0x03, 0x33, 0x17, 0x33,
  0x37, 0x33, 0x03, 0x13, 0x23, 0x27, 0x23, 0x07, 0x0a, 0xc2, 0xc2, 0xaa,
  0x95, 0x49, 0x96, 0xa9, 0xc1, 0xc1, 0xa9, 0x97, 0x48, 0x95, 0x01, 0x01,
  0x01, 0x01, 0xc7, 0xc7, 0xfe, 0xff, 0xfe, 0xff, 0xc8, 0xc8, 0x00, 0x01,
  0x00, 0x37, 0xff, 0x1f, 0x02, 0xa6, 0x02, 0x03, 0x00, 0x15, 0x00, 0x2d,
  0x40, 0x2a, 0x04, 0x01, 0x02, 0x02, 0x14, 0x4d, 0x00, 0x03, 0x03, 0x01,
  0x60, 0x00, 0x01, 0x01, 0x12, 0x4d, 0x00, 0x00, 0x00, 0x05, 0x5f, 0x06,
  0x01, 0x05, 0x05, 0x16, 0x05, 0x4e, 0x00, 0x00, 0x00, 0x15, 0x00, 0x14,
  0x11, 0x22, 0x13, 0x22, 0x21, 0x07, 0x07, 0x1b, 0x2b, 0x17, 0x35, 0x21,
  0x32, 0x35, 0x35, 0x21, 0x22, 0x26, 0x35, 0x11, 0x33, 0x11, 0x14, 0x33,
  0x21, 0x11, 0x33, 0x11, 0x14, 0x06, 0x23, 0xab, 0x01, 0x2e, 0x3c, 0xfe,
  0xcb, 0x58, 0x51, 0x91, 0x3c, 0x01, 0x0c, 0x96, 0x52, 0x57, 0xe1, 0x73,
  0x3d, 0x31, 0x58, 0x46, 0x01, 0x65, 0xfe, 0xac, 0x3c, 0x01, 0x90, 0xfd,
  0xba, 0x47, 0x57, 0x00, 0x00, 0x01, 0x00, 0x28, 0x00, 0x00, 0x02, 0x92,
  0x02, 0x03, 0x00, 0x09, 0x00, 0x2f, 0x40, 0x2c, 0x06, 0x01, 0x00, 0x01,
  0x01, 0x01, 0x03, 0x02, 0x02, 0x4c, 0x00, 0x00, 0x00, 0x01, 0x5f, 0x00,
  0x01, 0x01, 0x14, 0x4d, 0x00, 0x02, 0x02, 0x03, 0x5f, 0x04, 0x01, 0x03,
  0x03, 0x12, 0x03, 0x4e, 0x00, 0x00, 0x00, 0x09, 0x00, 0x09, 0x12, 0x11,
  0x12, 0x05, 0x07, 0x19, 0x2b, 0x33, 0x35, 0x01, 0x21, 0x35, 0x21, 0x15,
  0x01, 0x21, 0x15, 0x28, 0x01, 0x96, 0xfe, 0x7b, 0x02, 0x59, 0xfe, 0x6a,
  0x01, 0x96, 0x6a, 0x01, 0x26, 0x73, 0x6a, 0xfe, 0xda, 0x73, 0x00, 0x01,
  0x00, 0x28, 0xff, 0x3f, 0x01, 0xbb, 0x02, 0xe7, 0x00, 0x22, 0x00, 0x64,
  0xb5, 0x19, 0x01, 0x01, 0x02, 0x01, 0x4c, 0x4b, 0xb0, 0x16, 0x50, 0x58,
  0x40, 0x1b, 0x00, 0x02, 0x00, 0x01, 0x05, 0x02, 0x01, 0x69, 0x00, 0x05,
  0x06, 0x01, 0x00, 0x05, 0x00, 0x63, 0x00, 0x04, 0x04, 0x03, 0x5f, 0x00,
  0x03, 0x03, 0x11, 0x04, 0x4e, 0x1b, 0x40, 0x21, 0x00, 0x03, 0x00, 0x04,
  0x02, 0x03, 0x04, 0x67, 0x00, 0x02, 0x00, 0x01, 0x05, 0x02, 0x01, 0x69,
  0x00, 0x05, 0x00, 0x00, 0x05, 0x57, 0x00, 0x05, 0x05, 0x00, 0x5f, 0x06,
  0x01, 0x00, 0x05, 0x00, 0x4f, 0x59, 0x40, 0x13, 0x01, 0x00, 0x21, 0x1f,
  0x13, 0x11, 0x10, 0x0e, 0x0a, 0x08, 0x07, 0x05, 0x00, 0x22, 0x01, 0x22,
  0x07, 0x07, 0x16, 0x2b, 0x05, 0x22, 0x26, 0x35, 0x35, 0x34, 0x23, 0x23,
  0x35, 0x33, 0x32, 0x35, 0x35, 0x34, 0x36, 0x33, 0x33, 0x15, 0x23, 0x22,
  0x06, 0x15, 0x15, 0x14, 0x06, 0x07, 0x16, 0x16, 0x15, 0x15, 0x14, 0x16,
  0x33, 0x33, 0x15, 0x01, 0x54, 0x58, 0x53, 0x45, 0x3c, 0x3c, 0x45, 0x53,
  0x58, 0x67, 0x60, 0x1f, 0x1b, 0x2a, 0x2c, 0x2c, 0x2a, 0x1b, 0x1f, 0x60,
  0xc1, 0x58, 0x46, 0xa8, 0x5a, 0x68, 0x5a, 0xa8, 0x47, 0x57, 0x69, 0x1f,
  0x20, 0xb8, 0x35, 0x35, 0x0a, 0x0a, 0x35, 0x35, 0xb8, 0x20, 0x1f, 0x69,
  0x00, 0x01, 0x00, 0x46, 0xff, 0x3f, 0x00, 0xbe, 0x02, 0xe7, 0x00, 0x03,
  0x00, 0x35, 0x4b, 0xb0, 0x16, 0x50, 0x58, 0x40, 0x0c, 0x02, 0x01, 0x01,
  0x01, 0x00, 0x5f, 0x00, 0x00, 0x00, 0x11, 0x01, 0x4e, 0x1b, 0x40, 0x11,
  0x00, 0x00, 0x01, 0x01, 0x00, 0x57, 0x00, 0x00, 0x00, 0x01, 0x5f, 0x02,
  0x01, 0x01, 0x00, 0x01, 0x4f, 0x59, 0x40, 0x0a, 0x00, 0x00, 0x00, 0x03,
  0x00, 0x03, 0x11, 0x03, 0x07, 0x17, 0x2b, 0x17, 0x11, 0x33, 0x11, 0x46,
  0x78, 0xc1, 0x03, 0xa8, 0xfc, 0x58, 0xff, 0xff, 0x00, 0x0a, 0xff, 0x3f,
  0x01, 0x9d, 0x02, 0xe7, 0x00, 0x47, 0x00, 0x5e, 0x01, 0xc5, 0x00, 0x00,
  0xc0, 0x00, 0x40, 0x00, 0x00, 0x00, 0x00, 0x01, 0x00, 0x28, 0x00, 0x78,
  0x02, 0x6e, 0x01, 0xcf, 0x00, 0x13, 0x00, 0x5a, 0xb1, 0x06, 0x64, 0x44,
  0x4b, 0xb0, 0x0a, 0x50, 0x58, 0x40, 0x1d, 0x00, 0x01, 0x00, 0x00, 0x01,
  0x70, 0x04, 0x01, 0x03, 0x02, 0x02, 0x03, 0x71, 0x00, 0x00, 0x02, 0x02,
  0x00, 0x57, 0x00, 0x00, 0x00, 0x02, 0x60, 0x00, 0x02, 0x00, 0x02, 0x50,
  0x1b, 0x40, 0x1b, 0x00, 0x01, 0x00, 0x01, 0x85, 0x04, 0x01, 0x03, 0x02,
  0x03, 0x86, 0x00, 0x00, 0x02, 0x02, 0x00, 0x57, 0x00, 0x00, 0x00, 0x02,
  0x60, 0x00, 0x02, 0x00, 0x02, 0x50, 0x59, 0x40, 0x0c, 0x00, 0x00, 0x00,
  0x13, 0x00, 0x13, 0x33, 0x13, 0x33, 0x05, 0x07, 0x19, 0x2b, 0xb1, 0x06,
  0x00, 0x44, 0x37, 0x35, 0x34, 0x36, 0x33, 0x21, 0x32, 0x36, 0x35, 0x35,
  0x33, 0x15, 0x14, 0x06, 0x23, 0x21, 0x22, 0x06, 0x15, 0x15, 0x28, 0x55,
  0x4c, 0x01, 0x0a, 0x13, 0x14, 0x74, 0x54, 0x4d, 0xfe, 0xf6, 0x13, 0x14,
  0x78, 0x49, 0x4b, 0x51, 0x17, 0x13, 0x48, 0x48, 0x4b, 0x52, 0x16, 0x13,
  0x49, 0x00, 0x00, 0x02, 0x00, 0x23, 0xff, 0xa5, 0x02, 0x98, 0x03, 0x25,
  0x00, 0x14, 0x00, 0x1d, 0x00, 0x48, 0x40, 0x45, 0x00, 0x02, 0x01, 0x07,
  0x02, 0x57, 0x03, 0x01, 0x01, 0x09, 0x01, 0x04, 0x05, 0x01, 0x04, 0x69,
  0x0b, 0x08, 0x02, 0x05, 0x06, 0x0a, 0x02, 0x00, 0x07, 0x05, 0x00, 0x69,
  0x00, 0x02, 0x02, 0x07, 0x5f, 0x00, 0x07, 0x02, 0x07, 0x4f, 0x16, 0x15,
  0x01, 0x00, 0x19, 0x17, 0x15, 0x1d, 0x16, 0x1d, 0x13, 0x12, 0x11, 0x10,
  0x0f, 0x0e, 0x0d, 0x0c, 0x0b, 0x0a, 0x09, 0x08, 0x07, 0x05, 0x00, 0x14,
  0x01, 0x14, 0x0c, 0x07, 0x16, 0x2b, 0x25, 0x22, 0x26, 0x35, 0x34, 0x36,
  0x33, 0x33, 0x35, 0x33, 0x15, 0x33, 0x15, 0x23, 0x11, 0x33, 0x15, 0x23,
  0x15, 0x23, 0x35, 0x27, 0x33, 0x11, 0x23, 0x22, 0x06, 0x15, 0x14, 0x16,
  0x01, 0x3f, 0x86, 0x96, 0x96, 0x86, 0x21, 0x78, 0xb6, 0xb6, 0xc0, 0xc0,
  0x78, 0x21, 0x21, 0x21, 0x41, 0x45, 0x45, 0x5f, 0x85, 0x81, 0x82, 0x85,
  0xb9, 0xb9, 0x73, 0xfe, 0xd9, 0x73, 0xba, 0xba, 0x73, 0x01, 0x27, 0x48,
  0x4c, 0x4b, 0x48, 0x00, 0x00, 0x01, 0x00, 0x46, 0x00, 0xb2, 0x01, 0xab,
  0x02, 0x17, 0x00, 0x0f, 0x00, 0x36, 0x4b, 0xb0, 0x22, 0x50, 0x58, 0x40,
  0x0c, 0x02, 0x01, 0x00, 0x00, 0x01, 0x61, 0x00, 0x01, 0x01, 0x14, 0x00,
  0x4e, 0x1b, 0x40, 0x11, 0x00, 0x01, 0x00, 0x00, 0x01, 0x59, 0x00, 0x01,
  0x01, 0x00, 0x61, 0x02, 0x01, 0x00, 0x01, 0x00, 0x51, 0x59, 0x40, 0x0b,
  0x01, 0x00, 0x09, 0x07, 0x00, 0x0f, 0x01, 0x0f, 0x03, 0x07, 0x16, 0x2b,
  0x37, 0x22, 0x26, 0x26, 0x35, 0x34, 0x36, 0x36, 0x33, 0x32, 0x16, 0x16,
  0x15, 0x14, 0x06, 0x06, 0xf8, 0x31, 0x51, 0x30, 0x30, 0x51, 0x31, 0x32,
  0x51, 0x30, 0x30, 0x51, 0xb2, 0x30, 0x52, 0x31, 0x31, 0x51, 0x30, 0x30,
  0x51, 0x31, 0x31, 0x52, 0x30, 0x00, 0x00, 0x04, 0x00, 0x1e, 0xff, 0xc4,
  0x03, 0x60, 0x03, 0x06, 0x00, 0x13, 0x00, 0x23, 0x00, 0x31, 0x00, 0x3a,
  0x00, 0x69, 0xb1, 0x06, 0x64, 0x44, 0x40, 0x5e, 0x2c, 0x01, 0x06, 0x08,
  0x01, 0x4c, 0x0c, 0x07, 0x02, 0x05, 0x06, 0x02, 0x06, 0x05, 0x02, 0x80,
  0x00, 0x01, 0x00, 0x03, 0x04, 0x01, 0x03, 0x69, 0x00, 0x04, 0x00, 0x09,
  0x08, 0x04, 0x09, 0x67, 0x00, 0x08, 0x00, 0x06, 0x05, 0x08, 0x06, 0x67,
  0x0b, 0x01, 0x02, 0x00, 0x00, 0x02, 0x59, 0x0b, 0x01, 0x02, 0x02, 0x00,
  0x61, 0x0a, 0x01, 0x00, 0x02, 0x00, 0x51, 0x24, 0x24, 0x15, 0x14, 0x01,
  0x00, 0x3a, 0x38, 0x34, 0x32, 0x24, 0x31, 0x24, 0x31, 0x30, 0x2f, 0x2e,
  0x2d, 0x27, 0x25, 0x1d, 0x1b, 0x14, 0x23, 0x15, 0x23, 0x0b, 0x09, 0x00,
  0x13, 0x01, 0x13, 0x0d, 0x07, 0x16, 0x2b, 0xb1, 0x06, 0x00, 0x44, 0x05,
  0x22, 0x2e, 0x02, 0x35, 0x34, 0x3e, 0x02, 0x33, 0x32, 0x1e, 0x02, 0x15,
  0x14, 0x0e, 0x02, 0x27, 0x32, 0x36, 0x36, 0x35, 0x34, 0x26, 0x26, 0x23,
  0x22, 0x06, 0x06, 0x15, 0x14, 0x16, 0x16, 0x27, 0x11, 0x21, 0x32, 0x16,
  0x15, 0x14, 0x06, 0x07, 0x17, 0x23, 0x27, 0x23, 0x15, 0x35, 0x33, 0x32,
  0x36, 0x35, 0x34, 0x26, 0x23, 0x23, 0x01, 0xbf, 0x5a, 0x99, 0x70, 0x3e,
  0x3e, 0x70, 0x99, 0x5a, 0x5a, 0x99, 0x70, 0x3e, 0x3e, 0x70, 0x99, 0x5a,
  0x67, 0x95, 0x52, 0x52, 0x95, 0x67, 0x66, 0x96, 0x52, 0x52, 0x96, 0x5d,
  0x01, 0x10, 0x47, 0x45, 0x33, 0x31, 0x6a, 0x79, 0x63, 0x63, 0x95, 0x20,
  0x1a, 0x1a, 0x20, 0x95, 0x3c, 0x41, 0x72, 0x97, 0x57, 0x57, 0x97, 0x72,
  0x41, 0x41, 0x72, 0x97, 0x57, 0x57, 0x97, 0x72, 0x41, 0x4b, 0x55, 0x9a,
  0x67, 0x67, 0x9a, 0x55, 0x55, 0x9a, 0x67, 0x67, 0x9a, 0x55, 0x7b, 0x01,
  0xb6, 0x4f, 0x3b, 0x32, 0x49, 0x0a, 0xa7, 0xa3, 0xa3, 0xf4, 0x1b, 0x1d,
  0x1e, 0x1b, 0x00, 0x03, 0x00, 0x1e, 0xff, 0xc4, 0x03, 0x60, 0x03, 0x06,
  0x00, 0x13, 0x00, 0x23, 0x00, 0x35, 0x00, 0x56, 0xb1, 0x06, 0x64, 0x44,
  0x40, 0x4b, 0x00, 0x01, 0x00, 0x03, 0x05, 0x01, 0x03, 0x69, 0x00, 0x05,
  0x00, 0x06, 0x07, 0x05, 0x06, 0x67, 0x00, 0x07, 0x0a, 0x01, 0x04, 0x02,
  0x07, 0x04, 0x67, 0x09, 0x01, 0x02, 0x00, 0x00, 0x02, 0x59, 0x09, 0x01,
  0x02, 0x02, 0x00, 0x61, 0x08, 0x01, 0x00, 0x02, 0x00, 0x51, 0x25, 0x24,
  0x15, 0x14, 0x01, 0x00, 0x34, 0x32, 0x2e, 0x2c, 0x2b, 0x29, 0x24, 0x35,
  0x25, 0x35, 0x1d, 0x1b, 0x14, 0x23, 0x15, 0x23, 0x0b, 0x09, 0x00, 0x13,
  0x01, 0x13, 0x0b, 0x07, 0x16, 0x2b, 0xb1, 0x06, 0x00, 0x44, 0x05, 0x22,
  0x2e, 0x02, 0x35, 0x34, 0x3e, 0x02, 0x33, 0x32, 0x1e, 0x02, 0x15, 0x14,
  0x0e, 0x02, 0x27, 0x32, 0x36, 0x36, 0x35, 0x34, 0x26, 0x26, 0x23, 0x22,
  0x06, 0x06, 0x15, 0x14, 0x16, 0x16, 0x37, 0x22, 0x26, 0x35, 0x34, 0x36,
  0x33, 0x33, 0x15, 0x23, 0x22, 0x06, 0x15, 0x14, 0x16, 0x33, 0x33, 0x15,
  0x01, 0xbf, 0x5a, 0x99, 0x70, 0x3e, 0x3e, 0x70, 0x99, 0x5a, 0x5a, 0x99,
  0x70, 0x3e, 0x3e, 0x70, 0x99, 0x5a, 0x67, 0x95, 0x52, 0x52, 0x95, 0x67,
  0x66, 0x96, 0x52, 0x52, 0x96, 0x6e, 0x6c, 0x78, 0x78, 0x6c, 0xa4, 0x9b,
  0x42, 0x41, 0x41, 0x42, 0x9b, 0x3c, 0x41, 0x72, 0x97, 0x57, 0x57, 0x97,
  0x72, 0x41, 0x41, 0x72, 0x97, 0x57, 0x57, 0x97, 0x72, 0x41, 0x4b, 0x55,
  0x9a, 0x67, 0x67, 0x9a, 0x55, 0x55, 0x9a, 0x67, 0x67, 0x9a, 0x55, 0x7b,
  0x77, 0x64, 0x63, 0x78, 0x51, 0x48, 0x42, 0x42, 0x49, 0x50, 0x00, 0x02,
  0x00, 0x3c, 0x01, 0x38, 0x04, 0xa2, 0x02, 0xc9, 0x00, 0x0e, 0x00, 0x1a,
  0x00, 0x93, 0x40, 0x0d, 0x03, 0x01, 0x05, 0x00, 0x0d, 0x0c, 0x09, 0x08,
  0x04, 0x06, 0x05, 0x02, 0x4c, 0x4b, 0xb0, 0x09, 0x50, 0x58, 0x40, 0x2c,
  0x08, 0x01, 0x06, 0x05, 0x03, 0x05, 0x06, 0x72, 0x00, 0x03, 0x02, 0x05,
  0x03, 0x02, 0x7e, 0x0c, 0x0a, 0x0b, 0x04, 0x04, 0x02, 0x02, 0x84, 0x07,
  0x01, 0x02, 0x00, 0x05, 0x05, 0x00, 0x57, 0x07, 0x01, 0x02, 0x00, 0x00,
  0x05, 0x5f, 0x09, 0x01, 0x05, 0x00, 0x05, 0x4f, 0x1b, 0x40, 0x2d, 0x08,
  0x01, 0x06, 0x05, 0x03, 0x05, 0x06, 0x03, 0x80, 0x00, 0x03, 0x02, 0x05,
  0x03, 0x02, 0x7e, 0x0c, 0x0a, 0x0b, 0x04, 0x04, 0x02, 0x02, 0x84, 0x07,
  0x01, 0x02, 0x00, 0x05, 0x05, 0x00, 0x57, 0x07, 0x01, 0x02, 0x00, 0x00,
  0x05, 0x5f, 0x09, 0x01, 0x05, 0x00, 0x05, 0x4f, 0x59, 0x40, 0x1d, 0x0f,
  0x0f, 0x00, 0x00, 0x0f, 0x1a, 0x0f, 0x1a, 0x19, 0x18, 0x17, 0x16, 0x15,
  0x14, 0x13, 0x12, 0x11, 0x10, 0x00, 0x0e, 0x00, 0x0e, 0x13, 0x11, 0x12,
  0x11, 0x0d, 0x06, 0x1a, 0x2b, 0x01, 0x11, 0x33, 0x17, 0x37, 0x33, 0x11,
  0x23, 0x11, 0x07, 0x15, 0x23, 0x35, 0x27, 0x11, 0x21, 0x11, 0x23, 0x15,
  0x23, 0x35, 0x21, 0x15, 0x23, 0x35, 0x23, 0x11, 0x02, 0x87, 0x64, 0xaa,
  0xa9, 0x64, 0x64, 0x78, 0x63, 0x78, 0xfe, 0x29, 0x74, 0x64, 0x02, 0x14,
  0x64, 0x74, 0x01, 0x38, 0x01, 0x91, 0x50, 0x50, 0xfe, 0x6f, 0x01, 0x32,
  0x39, 0xb0, 0xb0, 0x39, 0xfe, 0xce, 0x01, 0x3f, 0x9b, 0xed, 0xed, 0x9b,
  0xfe, 0xc1, 0x00, 0x02, 0x00, 0x28, 0x00, 0x00, 0x02, 0x6e, 0x02, 0x46,
  0x00, 0x0b, 0x00, 0x0f, 0x00, 0x38, 0x40, 0x35, 0x03, 0x01, 0x01, 0x04,
  0x01, 0x00, 0x05, 0x01, 0x00, 0x67, 0x00, 0x02, 0x08, 0x01, 0x05, 0x06,
  0x02, 0x05, 0x67, 0x00, 0x06, 0x06, 0x07, 0x5f, 0x09, 0x01, 0x07, 0x07,
  0x12, 0x07, 0x4e, 0x0c, 0x0c, 0x00, 0x00, 0x0c, 0x0f, 0x0c, 0x0f, 0x0e,
  0x0d, 0x00, 0x0b, 0x00, 0x0b, 0x11, 0x11, 0x11, 0x11, 0x11, 0x0a, 0x07,
  0x1b, 0x2b, 0x25, 0x35, 0x23, 0x35, 0x33, 0x35, 0x33, 0x15, 0x33, 0x15,
  0x23, 0x15, 0x05, 0x35, 0x21, 0x15, 0x01, 0x0d, 0xe5, 0xe5, 0x7d, 0xe4,
  0xe4, 0xfe, 0x9e, 0x02, 0x46, 0xa0, 0xa4, 0x73, 0x8f, 0x8f, 0x73, 0xa4,
  0xa0, 0x73, 0x73, 0x00, 0x00, 0x01, 0x00, 0x00, 0x00, 0x00, 0x03, 0x95,
  0x02, 0xcb, 0x00, 0x18, 0x00, 0x43, 0x40, 0x40, 0x0a, 0x01, 0x01, 0x02,
  0x11, 0x03, 0x02, 0x00, 0x01, 0x02, 0x4c, 0x05, 0x01, 0x02, 0x06, 0x01,
  0x01, 0x00, 0x02, 0x01, 0x68, 0x07, 0x01, 0x00, 0x0b, 0x0a, 0x02, 0x08,
  0x09, 0x00, 0x08, 0x67, 0x04, 0x01, 0x03, 0x03, 0x13, 0x4d, 0x00, 0x09,
  0x09, 0x12, 0x09, 0x4e, 0x00, 0x00, 0x00, 0x18, 0x00, 0x18, 0x17, 0x16,
  0x11, 0x12, 0x11, 0x11, 0x12, 0x11, 0x11, 0x12, 0x11, 0x0c, 0x07, 0x1f,
  0x2b, 0x37, 0x35, 0x21, 0x35, 0x27, 0x23, 0x35, 0x33, 0x03, 0x33, 0x01,
  0x01, 0x33, 0x03, 0x33, 0x15, 0x23, 0x07, 0x15, 0x21, 0x15, 0x21, 0x15,
  0x23, 0x35, 0x62, 0x01, 0x19, 0x43, 0xd6, 0x7c, 0xde, 0xc6, 0x01, 0x05,
  0x01, 0x04, 0xc6, 0xdd, 0x8e, 0xe8, 0x42, 0x01, 0x2a, 0xfe, 0xd6, 0xa1,
  0x7e, 0x6e, 0x13, 0x51, 0x6e, 0x01, 0x0d, 0xfe, 0xbc, 0x01, 0x44, 0xfe,
  0xf3, 0x6e, 0x50, 0x14, 0x6e, 0x7e, 0x7e, 0x00, 0xff, 0xff, 0x00, 0x3c,
  0x00, 0x00, 0x03, 0x5c, 0x00, 0x8f, 0x00, 0x26, 0x00, 0x11, 0x00, 0x00,
  0x00, 0x27, 0x00, 0x11, 0x01, 0x40, 0x00, 0x00, 0x00, 0x07, 0x00, 0x11,
  0x02, 0x80, 0x00, 0x00, 0x00, 0x01, 0x00, 0x00, 0x00, 0xc7, 0x02, 0x6a,
  0x01, 0x3b, 0x00, 0x03, 0x00, 0x1e, 0x40, 0x1b, 0x00, 0x00, 0x01, 0x01,
  0x00, 0x57, 0x00, 0x00, 0x00, 0x01, 0x5f, 0x02, 0x01, 0x01, 0x00, 0x01,
  0x4f, 0x00, 0x00, 0x00, 0x03, 0x00, 0x03, 0x11, 0x03, 0x07, 0x17, 0x2b,
  0x35, 0x35, 0x21, 0x15, 0x02, 0x6a, 0xc7, 0x74, 0x74, 0x00, 0x00, 0x01,
  0x00, 0x00, 0x00, 0xc7, 0x03, 0x46, 0x01, 0x3b, 0x00, 0x03, 0x00, 0x1e,
  0x40, 0x1b, 0x00, 0x00, 0x01, 0x01, 0x00, 0x57, 0x00, 0x00, 0x00, 0x01,
  0x5f, 0x02, 0x01, 0x01, 0x00, 0x01, 0x4f, 0x00, 0x00, 0x00, 0x03, 0x00,
  0x03, 0x11, 0x03, 0x07, 0x17, 0x2b, 0x35, 0x35, 0x21, 0x15, 0x03, 0x46,
  0xc7, 0x74, 0x74, 0x00, 0xff, 0xff, 0x00, 0x3c, 0x01, 0xa3, 0x01, 0xc4,
  0x02, 0xc9, 0x00, 0x2f, 0x00, 0x70, 0x01, 0x06, 0x04, 0x6c, 0xc0, 0x00,
  0x01, 0x0f, 0x00, 0x70, 0x01, 0xec, 0x04, 0x6c, 0xc0, 0x00, 0x00, 0x12,
  0xb1, 0x00, 0x01, 0xb8, 0x04, 0x6c, 0xb0, 0x35, 0x2b, 0xb1, 0x01, 0x01,
  0xb8, 0x04, 0x6c, 0xb0, 0x35, 0x2b, 0x00, 0x00, 0xff, 0xff, 0x00, 0x28,
  0x01, 0xa3, 0x01, 0xb0, 0x02, 0xc9, 0x00, 0x27, 0x00, 0x70, 0x00, 0xe6,
  0x00, 0x00, 0x00, 0x06, 0x00, 0x70, 0x00, 0x00, 0x00, 0x01, 0x00, 0x3c,
  0x01, 0xa3, 0x00, 0xde, 0x02, 0xc9, 0x00, 0x05, 0x00, 0x1c, 0x40, 0x19,
  0x00, 0x01, 0x03, 0x01, 0x02, 0x01, 0x02, 0x64, 0x00, 0x00, 0x00, 0x13,
  0x00, 0x4e, 0x00, 0x00, 0x00, 0x05, 0x00, 0x05, 0x11, 0x11, 0x04, 0x07,
  0x18, 0x2b, 0x13, 0x11, 0x33, 0x15, 0x33, 0x15, 0x3c, 0x5b, 0x47, 0x01,
  0xa3, 0x01, 0x26, 0x97, 0x8f, 0x00, 0x00, 0x01, 0x00, 0x28, 0x01, 0xa3,
  0x00, 0xca, 0x02, 0xc9, 0x00, 0x05, 0x00, 0x3c, 0x4b, 0xb0, 0x09, 0x50,
  0x58, 0x40, 0x12, 0x03, 0x01, 0x02, 0x00, 0x00, 0x02, 0x71, 0x00, 0x00,
  0x00, 0x01, 0x5f, 0x00, 0x01, 0x01, 0x13, 0x00, 0x4e, 0x1b, 0x40, 0x11,
  0x03, 0x01, 0x02, 0x00, 0x02, 0x86, 0x00, 0x00, 0x00, 0x01, 0x5f, 0x00,
  0x01, 0x01, 0x13, 0x00, 0x4e, 0x59, 0x40, 0x0b, 0x00, 0x00, 0x00, 0x05,
  0x00, 0x05, 0x11, 0x11, 0x04, 0x07, 0x18, 0x2b, 0x13, 0x35, 0x23, 0x35,
  0x33, 0x11, 0x6f, 0x47, 0xa2, 0x01, 0xa3, 0x97, 0x8f, 0xfe, 0xda, 0x00,
  0x00, 0x03, 0x00, 0x28, 0x00, 0x01, 0x02, 0x6e, 0x02, 0x46, 0x00, 0x0b,
  0x00, 0x0f, 0x00, 0x1b, 0x00, 0x3c, 0x40, 0x39, 0x00, 0x01, 0x06, 0x01,
  0x00, 0x02, 0x01, 0x00, 0x69, 0x00, 0x02, 0x07, 0x01, 0x03, 0x05, 0x02,
  0x03, 0x67, 0x00, 0x05, 0x05, 0x04, 0x61, 0x08, 0x01, 0x04, 0x04, 0x12,
  0x04, 0x4e, 0x11, 0x10, 0x0c, 0x0c, 0x01, 0x00, 0x17, 0x15, 0x10, 0x1b,
  0x11, 0x1b, 0x0c, 0x0f, 0x0c, 0x0f, 0x0e, 0x0d, 0x07, 0x05, 0x00, 0x0b,
  0x01, 0x0b, 0x09, 0x07, 0x16, 0x2b, 0x01, 0x22, 0x26, 0x35, 0x34, 0x36,
  0x33, 0x32, 0x16, 0x15, 0x14, 0x06, 0x05, 0x35, 0x21, 0x15, 0x05, 0x22,
  0x26, 0x35, 0x34, 0x36, 0x33, 0x32, 0x16, 0x15, 0x14, 0x06, 0x01, 0x4b,
  0x28, 0x39, 0x39, 0x28, 0x29, 0x38, 0x38, 0xfe, 0xb4, 0x02, 0x46, 0xfe,
  0xdd, 0x28, 0x39, 0x39, 0x28, 0x29, 0x38, 0x38, 0x01, 0x84, 0x39, 0x28,
  0x29, 0x38, 0x38, 0x29, 0x28, 0x39, 0x9a, 0x73, 0x73, 0xe9, 0x39, 0x28,
  0x29, 0x38, 0x38, 0x29, 0x28, 0x39, 0x00, 0x02, 0x00, 0x0a, 0x00, 0x00,
  0x05, 0x7d, 0x02, 0xcb, 0x00, 0x0f, 0x00, 0x13, 0x00, 0x3f, 0x40, 0x3c,
  0x00, 0x02, 0x00, 0x03, 0x08, 0x02, 0x03, 0x67, 0x00, 0x08, 0x00, 0x06,
  0x04, 0x08, 0x06, 0x67, 0x09, 0x01, 0x01, 0x01, 0x00, 0x5f, 0x00, 0x00,
  0x00, 0x13, 0x4d, 0x00, 0x04, 0x04, 0x05, 0x5f, 0x0a, 0x07, 0x02, 0x05,
  0x05, 0x12, 0x05, 0x4e, 0x00, 0x00, 0x13, 0x12, 0x11, 0x10, 0x00, 0x0f,
  0x00, 0x0f, 0x11, 0x11, 0x11, 0x11, 0x11, 0x11, 0x11, 0x0b, 0x07, 0x1d,
  0x2b, 0x33, 0x01, 0x21, 0x15, 0x21, 0x15, 0x21, 0x15, 0x21, 0x15, 0x21,
  0x15, 0x21, 0x35, 0x21, 0x07, 0x13, 0x21, 0x11, 0x23, 0x0a, 0x01, 0xa6,
  0x03, 0xcd, 0xfd, 0xc2, 0x02, 0x04, 0xfd, 0xfc, 0x02, 0x3e, 0xfd, 0x22,
  0xfe, 0x77, 0x5c, 0xab, 0x01, 0x3a, 0x81, 0x02, 0xcb, 0x82, 0x9e, 0x82,
  0xa7, 0x82, 0x97, 0x97, 0x01, 0x19, 0x01, 0x30, 0xff, 0xff, 0x00, 0x0a,
  0x00, 0x00, 0x03, 0x85, 0x03, 0x84, 0x02, 0x26, 0x00, 0x24, 0x00, 0x00,
  0x00, 0x47, 0x00, 0xc4, 0x03, 0x4e, 0x00, 0x00, 0xc0, 0x00, 0x40, 0x00,
  0xff, 0xff, 0x00, 0x0a, 0x00, 0x00, 0x03, 0x85, 0x03, 0x84, 0x02, 0x26,
  0x00, 0x24, 0x00, 0x00, 0x00, 0x06, 0x00, 0xaf, 0x58, 0x00, 0x00, 0x00,
  0xff, 0xff, 0x00, 0x0a, 0x00, 0x00, 0x03, 0x85, 0x03, 0x71, 0x02, 0x26,
  0x00, 0x24, 0x00, 0x00, 0x00, 0x27, 0x00, 0xb7, 0x00, 0x84, 0x00, 0x00,
  0x00, 0x07, 0x00, 0xb7, 0x01, 0xce, 0x00, 0x00, 0xff, 0xff, 0x00, 0x0a,
  0x00, 0x00, 0x03, 0x85, 0x03, 0x84, 0x02, 0x26, 0x00, 0x24, 0x00, 0x00,
  0x00, 0x06, 0x00, 0xc4, 0x40, 0x00, 0x00, 0x00, 0xff, 0xff, 0x00, 0x0a,
  0x00, 0x00, 0x03, 0x85, 0x03, 0xc0, 0x02, 0x26, 0x00, 0x24, 0x00, 0x00,
  0x00, 0x07, 0x00, 0xe8, 0x00, 0xc3, 0x00, 0x00, 0xff, 0xff, 0x00, 0x0a,
  0x00, 0x00, 0x03, 0x85, 0x03, 0x93, 0x02, 0x26, 0x00, 0x24, 0x00, 0x00,
  0x00, 0x06, 0x00, 0xf1, 0x7b, 0x00, 0x00, 0x00, 0xff, 0xff, 0x00, 0x1e,
  0xff, 0x1f, 0x03, 0x28, 0x02, 0xd1, 0x02, 0x26, 0x00, 0x26, 0x00, 0x00,
  0x00, 0x07, 0x00, 0xac, 0x01, 0x56, 0x00, 0x00, 0xff, 0xff, 0x00, 0x46,
  0x00, 0x00, 0x03, 0x56, 0x03, 0x84, 0x02, 0x26, 0x00, 0x28, 0x00, 0x00,
  0x00, 0x47, 0x00, 0xc4, 0x03, 0x54, 0x00, 0x00, 0xc0, 0x00, 0x40, 0x00,
  0xff, 0xff, 0x00, 0x46, 0x00, 0x00, 0x03, 0x56, 0x03, 0x84, 0x02, 0x26,
  0x00, 0x28, 0x00, 0x00, 0x00, 0x06, 0x00, 0xaf, 0x5e, 0x00, 0x00, 0x00,
  0xff, 0xff, 0x00, 0x46, 0x00, 0x00, 0x03, 0x56, 0x03, 0x71, 0x02, 0x26,
  0x00, 0x28, 0x00, 0x00, 0x00, 0x27, 0x00, 0xb7, 0x00, 0x8a, 0x00, 0x00,
  0x00, 0x07, 0x00, 0xb7, 0x01, 0xd4, 0x00, 0x00, 0xff, 0xff, 0x00, 0x46,
  0x00, 0x00, 0x03, 0x56, 0x03, 0x84, 0x02, 0x26, 0x00, 0x28, 0x00, 0x00,
  0x00, 0x06, 0x00, 0xc4, 0x46, 0x00, 0x00, 0x00, 0x00, 0x02, 0x00, 0x05,
  0x00, 0x00, 0x03, 0xc1, 0x02, 0xcc, 0x00, 0x0d, 0x00, 0x1a, 0x00, 0x37,
  0x40, 0x34, 0x07, 0x01, 0x01, 0x04, 0x01, 0x00, 0x05, 0x01, 0x00, 0x67,
  0x00, 0x06, 0x06, 0x02, 0x5f, 0x00, 0x02, 0x02, 0x13, 0x4d, 0x00, 0x05,
  0x05, 0x03, 0x5f, 0x08, 0x01, 0x03, 0x03, 0x12, 0x03, 0x4e, 0x00, 0x00,
  0x1a, 0x19, 0x18, 0x16, 0x12, 0x10, 0x0f, 0x0e, 0x00, 0x0d, 0x00, 0x0c,
  0x31, 0x11, 0x11, 0x09, 0x07, 0x19, 0x2b, 0x33, 0x11, 0x23, 0x35, 0x33,
  0x11, 0x33, 0x25, 0x32, 0x16, 0x15, 0x14, 0x06, 0x23, 0x03, 0x23, 0x15,
  0x21, 0x32, 0x36, 0x35, 0x34, 0x26, 0x23, 0x21, 0x15, 0x33, 0x73, 0x6e,
  0x6e, 0x76, 0x01, 0x40, 0xc2, 0xd6, 0xd6, 0xc2, 0x2a, 0xec, 0x01, 0x0b,
  0x7e, 0x82, 0x82, 0x7e, 0xfe, 0xf5, 0xec, 0x01, 0x30, 0x73, 0x01, 0x28,
  0x01, 0xb6, 0xb0, 0xb0, 0xb6, 0x01, 0x30, 0xae, 0x6e, 0x76, 0x77, 0x6d,
  0xa7, 0x00, 0x00, 0x01, 0x00, 0x1e, 0xff, 0xfb, 0x03, 0x59, 0x02, 0xd0,
  0x00, 0x15, 0x00, 0x34, 0x40, 0x31, 0x00, 0x05, 0x00, 0x04, 0x03, 0x05,
  0x04, 0x67, 0x00, 0x02, 0x02, 0x01, 0x5f, 0x00, 0x01, 0x01, 0x11, 0x4d,
  0x00, 0x03, 0x03, 0x00, 0x5f, 0x06, 0x01, 0x00, 0x00, 0x12, 0x00, 0x4e,
  0x01, 0x00, 0x14, 0x13, 0x12, 0x11, 0x10, 0x0e, 0x0a, 0x08, 0x07, 0x05,
  0x00, 0x15, 0x01, 0x15, 0x07, 0x07, 0x16, 0x2b, 0x05, 0x22, 0x26, 0x35,
  0x34, 0x36, 0x33, 0x21, 0x15, 0x21, 0x22, 0x06, 0x15, 0x14, 0x16, 0x33,
  0x21, 0x35, 0x23, 0x35, 0x21, 0x11, 0x01, 0xa2, 0xb7, 0xcd, 0xd1, 0xc7,
  0x01, 0x7c, 0xfe, 0x8f, 0x83, 0x7d, 0x79, 0x76, 0x01, 0x09, 0xbb, 0x01,
  0x5b, 0x05, 0xb7, 0xb4, 0xb3, 0xb7, 0x82, 0x6e, 0x7a, 0x7a, 0x6f, 0x95,
  0x82, 0xfe, 0x67, 0x00, 0x00, 0x01, 0x00, 0x46, 0x00, 0x00, 0x03, 0xa0,
  0x02, 0xca, 0x00, 0x26, 0x00, 0x37, 0x40, 0x34, 0x0b, 0x01, 0x03, 0x04,
  0x01, 0x4c, 0x00, 0x04, 0x00, 0x03, 0x02, 0x04, 0x03, 0x67, 0x00, 0x05,
  0x05, 0x00, 0x5f, 0x00, 0x00, 0x00, 0x13, 0x4d, 0x00, 0x02, 0x02, 0x01,
  0x5f, 0x07, 0x06, 0x02, 0x01, 0x01, 0x12, 0x01, 0x4e, 0x00, 0x00, 0x00,
  0x26, 0x00, 0x26, 0x32, 0x21, 0x24, 0x21, 0x2a, 0x33, 0x08, 0x07, 0x1c,
  0x2b, 0x33, 0x11, 0x34, 0x36, 0x33, 0x21, 0x32, 0x16, 0x15, 0x14, 0x06,
  0x07, 0x16, 0x16, 0x15, 0x14, 0x06, 0x23, 0x21, 0x35, 0x21, 0x32, 0x36,
  0x35, 0x34, 0x26, 0x23, 0x21, 0x35, 0x21, 0x32, 0x35, 0x34, 0x23, 0x21,
  0x22, 0x06, 0x15, 0x11, 0x46, 0x73, 0x67, 0x01, 0x71, 0x6e, 0x79, 0x26,
  0x2c, 0x3e, 0x3c, 0x79, 0x6e, 0xfe, 0x78, 0x01, 0x77, 0x2e, 0x28, 0x28,
  0x2e, 0xfe, 0xc4, 0x01, 0x0f, 0x5b, 0x5b, 0xfe, 0xb8, 0x27, 0x26, 0x02,
  0x07, 0x5c, 0x67, 0x67, 0x5c, 0x2f, 0x5b, 0x13, 0x10, 0x57, 0x3a, 0x5b,
  0x6e, 0x81, 0x2d, 0x26, 0x2a, 0x2d, 0x7d, 0x57, 0x4b, 0x2b, 0x31, 0xfe,
  0x12, 0x00, 0xff, 0xff, 0x00, 0x44, 0x00, 0x00, 0x01, 0xe0, 0x03, 0x84,
  0x02, 0x26, 0x00, 0x2c, 0x00, 0x00, 0x00, 0x47, 0x00, 0xc4, 0x02, 0x1c,
  0x00, 0x00, 0xc0, 0x00, 0x40, 0x00, 0xff, 0xff, 0xff, 0x62, 0x00, 0x00,
  0x01, 0xc9, 0x03, 0x84, 0x02, 0x26, 0x00, 0x2c, 0x00, 0x00, 0x00, 0x07,
  0x00, 0xaf, 0xff, 0x26, 0x00, 0x00, 0xff, 0xff, 0xff, 0x8e, 0x00, 0x00,
  0x01, 0x9d, 0x03, 0x71, 0x02, 0x26, 0x00, 0x2c, 0x00, 0x00, 0x00, 0x27,
  0x00, 0xb7, 0xff, 0x52, 0x00, 0x00, 0x00, 0x07, 0x00, 0xb7, 0x00, 0x9c,
  0x00, 0x00, 0xff, 0xff, 0xff, 0x4a, 0x00, 0x00, 0x00, 0xe6, 0x03, 0x84,
  0x02, 0x26, 0x00, 0x2c, 0x00, 0x00, 0x00, 0x07, 0x00, 0xc4, 0xff, 0x0e,
  0x00, 0x00, 0x00, 0x01, 0x00, 0x46, 0x00, 0x00, 0x03, 0xf6, 0x02, 0xcb,
  0x00, 0x0e, 0x00, 0x2d, 0x40, 0x2a, 0x03, 0x01, 0x02, 0x03, 0x01, 0x4c,
  0x05, 0x01, 0x03, 0x03, 0x00, 0x5f, 0x01, 0x01, 0x00, 0x00, 0x13, 0x4d,
  0x07, 0x06, 0x04, 0x03, 0x02, 0x02, 0x12, 0x02, 0x4e, 0x00, 0x00, 0x00,
  0x0e, 0x00, 0x0e, 0x11, 0x11, 0x11, 0x11, 0x12, 0x11, 0x08, 0x07, 0x1c,
  0x2b, 0x33, 0x13, 0x21, 0x13, 0x13, 0x21, 0x11, 0x23, 0x13, 0x23, 0x03,
  0x23, 0x03, 0x23, 0x11, 0x46, 0x05, 0x01, 0x00, 0xd1, 0xda, 0x01, 0x00,
  0xa0, 0x0a, 0x0c, 0xd7, 0xc3, 0xcd, 0x0c, 0x02, 0xcb, 0xfd, 0xc2, 0x02,
  0x3e, 0xfd, 0x35, 0x02, 0x4e, 0xfd, 0xb2, 0x02, 0x4e, 0xfd, 0xb2, 0x00,
  0xff, 0xff, 0x00, 0x46, 0x00, 0x00, 0x03, 0x82, 0x03, 0x93, 0x02, 0x26,
  0x00, 0x31, 0x00, 0x00, 0x00, 0x07, 0x00, 0xf1, 0x00, 0x97, 0x00, 0x00,
  0x00, 0x02, 0x00, 0x1e, 0xff, 0xfb, 0x04, 0x02, 0x02, 0xd0, 0x00, 0x0d,
  0x00, 0x1b, 0x00, 0x2d, 0x40, 0x2a, 0x00, 0x03, 0x03, 0x01, 0x5f, 0x00,
  0x01, 0x01, 0x11, 0x4d, 0x05, 0x01, 0x02, 0x02, 0x00, 0x5f, 0x04, 0x01,
  0x00, 0x00, 0x12, 0x00, 0x4e, 0x10, 0x0e, 0x01, 0x00, 0x17, 0x14, 0x0e,
  0x1b, 0x10, 0x1b, 0x08, 0x05, 0x00, 0x0d, 0x01, 0x0c, 0x06, 0x07, 0x16,
  0x2b, 0x05, 0x22, 0x26, 0x35, 0x34, 0x36, 0x33, 0x33, 0x32, 0x16, 0x15,
  0x14, 0x06, 0x23, 0x27, 0x33, 0x32, 0x36, 0x35, 0x34, 0x26, 0x23, 0x23,
  0x22, 0x06, 0x15, 0x14, 0x16, 0x01, 0xaf, 0xbf, 0xd2, 0xd2, 0xc6, 0xb4,
  0xc6, 0xd2, 0xd2, 0xc1, 0xab, 0x9b, 0x83, 0x7d, 0x7d, 0x83, 0x9e, 0x82,
  0x7e, 0x7e, 0x05, 0xb7, 0xb4, 0xb3, 0xb7, 0xb7, 0xb3, 0xb4, 0xb7, 0x82,
  0x6f, 0x7a, 0x7a, 0x6e, 0x6e, 0x7a, 0x7a, 0x6f, 0x00, 0x02, 0x00, 0x1e,
  0x00, 0x00, 0x05, 0x78, 0x02, 0xcb, 0x00, 0x10, 0x00, 0x19, 0x00, 0x3f,
  0x40, 0x3c, 0x00, 0x03, 0x00, 0x04, 0x05, 0x03, 0x04, 0x67, 0x07, 0x01,
  0x02, 0x02, 0x01, 0x5f, 0x00, 0x01, 0x01, 0x13, 0x4d, 0x09, 0x06, 0x02,
  0x05, 0x05, 0x00, 0x5f, 0x08, 0x01, 0x00, 0x00, 0x12, 0x00, 0x4e, 0x12,
  0x11, 0x01, 0x00, 0x15, 0x13, 0x11, 0x19, 0x12, 0x19, 0x0f, 0x0e, 0x0d,
  0x0c, 0x0b, 0x0a, 0x09, 0x08, 0x07, 0x05, 0x00, 0x10, 0x01, 0x10, 0x0a,
  0x07, 0x16, 0x2b, 0x21, 0x22, 0x26, 0x35, 0x34, 0x36, 0x33, 0x21, 0x15,
  0x21, 0x15, 0x21, 0x15, 0x21, 0x15, 0x21, 0x15, 0x25, 0x33, 0x11, 0x23,
  0x22, 0x06, 0x15, 0x14, 0x16, 0x01, 0xb6, 0xc6, 0xd2, 0xd2, 0xc6, 0x03,
  0xc2, 0xfd, 0xc2, 0x02, 0x04, 0xfd, 0xfc, 0x02, 0x3e, 0xfc, 0x49, 0xd9,
  0xd9, 0x82, 0x7e, 0x7e, 0xb4, 0xb2, 0xb1, 0xb4, 0x82, 0x9e, 0x82, 0xa7,
  0x82, 0x82, 0x01, 0xc7, 0x6c, 0x77, 0x78, 0x6c, 0xff, 0xff, 0x00, 0x1e,
  0xff, 0xfb, 0x04, 0x02, 0x03, 0x84, 0x02, 0x26, 0x00, 0x32, 0x00, 0x00,
  0x00, 0x47, 0x00, 0xc4, 0x03, 0x96, 0x00, 0x00, 0xc0, 0x00, 0x40, 0x00,
  0xff, 0xff, 0x00, 0x1e, 0xff, 0xfb, 0x04, 0x02, 0x03, 0x84, 0x02, 0x26,
  0x00, 0x32, 0x00, 0x00, 0x00, 0x07, 0x00, 0xaf, 0x00, 0xa0, 0x00, 0x00,
  0xff, 0xff, 0x00, 0x1e, 0xff, 0xfb, 0x04, 0x02, 0x03, 0x71, 0x02, 0x26,
  0x00, 0x32, 0x00, 0x00, 0x00, 0x27, 0x00, 0xb7, 0x00, 0xcc, 0x00, 0x00,
  0x00, 0x07, 0x00, 0xb7, 0x02, 0x16, 0x00, 0x00, 0xff, 0xff, 0x00, 0x1e,
  0xff, 0xfb, 0x04, 0x02, 0x03, 0x84, 0x02, 0x26, 0x00, 0x32, 0x00, 0x00,
  0x00, 0x07, 0x00, 0xc4, 0x00, 0x88, 0x00, 0x00, 0x00, 0x03, 0x00, 0x1e,
  0xff, 0xc6, 0x04, 0x02, 0x03, 0x06, 0x00, 0x16, 0x00, 0x1f, 0x00, 0x28,
  0x00, 0x4a, 0x40, 0x47, 0x0d, 0x0a, 0x02, 0x04, 0x00, 0x27, 0x26, 0x19,
  0x03, 0x05, 0x04, 0x15, 0x01, 0x02, 0x02, 0x05, 0x03, 0x4c, 0x00, 0x01,
  0x00, 0x01, 0x85, 0x06, 0x01, 0x03, 0x02, 0x03, 0x86, 0x00, 0x04, 0x04,
  0x00, 0x5f, 0x00, 0x00, 0x00, 0x11, 0x4d, 0x07, 0x01, 0x05, 0x05, 0x02,
  0x5f, 0x00, 0x02, 0x02, 0x12, 0x02, 0x4e, 0x22, 0x20, 0x00, 0x00, 0x20,
  0x28, 0x22, 0x28, 0x1e, 0x1b, 0x00, 0x16, 0x00, 0x16, 0x35, 0x12, 0x36,
  0x08, 0x07, 0x19, 0x2b, 0x17, 0x37, 0x26, 0x26, 0x35, 0x34, 0x36, 0x33,
  0x33, 0x32, 0x17, 0x37, 0x33, 0x07, 0x16, 0x15, 0x14, 0x06, 0x23, 0x23,
  0x22, 0x27, 0x07, 0x03, 0x14, 0x17, 0x01, 0x26, 0x23, 0x23, 0x22, 0x06,
  0x01, 0x33, 0x32, 0x36, 0x35, 0x34, 0x27, 0x01, 0x16, 0x3a, 0x6e, 0x43,
  0x47, 0xd2, 0xc6, 0xb4, 0x51, 0x41, 0x40, 0xa9, 0x6e, 0x8b, 0xd2, 0xc1,
  0xc0, 0x4d, 0x40, 0x3f, 0x22, 0x4c, 0x01, 0x83, 0x17, 0x1a, 0x9e, 0x82,
  0x7e, 0x01, 0x03, 0x9b, 0x83, 0x7d, 0x4d, 0xfe, 0x7d, 0x19, 0x3a, 0x77,
  0x2d, 0x94, 0x68, 0xb3, 0xb7, 0x0f, 0x45, 0x77, 0x5b, 0xce, 0xb4, 0xb7,
  0x0f, 0x44, 0x01, 0xa0, 0x85, 0x37, 0x01, 0xa2, 0x02, 0x6e, 0xfe, 0x9d,
  0x6f, 0x7a, 0x85, 0x37, 0xfe, 0x5d, 0x02, 0x00, 0xff, 0xff, 0x00, 0x1e,
  0xff, 0xfb, 0x04, 0x02, 0x03, 0x93, 0x02, 0x26, 0x00, 0x32, 0x00, 0x00,
  0x00, 0x07, 0x00, 0xf1, 0x00, 0xc3, 0x00, 0x00, 0x00, 0x01, 0x00, 0x2d,
  0x00, 0x00, 0x03, 0x75, 0x02, 0xcb, 0x00, 0x07, 0x00, 0x21, 0x40, 0x1e,
  0x02, 0x01, 0x00, 0x00, 0x01, 0x5f, 0x00, 0x01, 0x01, 0x13, 0x4d, 0x04,
  0x01, 0x03, 0x03, 0x12, 0x03, 0x4e, 0x00, 0x00, 0x00, 0x07, 0x00, 0x07,
  0x11, 0x11, 0x11, 0x05, 0x07, 0x19, 0x2b, 0x21, 0x11, 0x21, 0x35, 0x21,
  0x15, 0x21, 0x11, 0x01, 0x81, 0xfe, 0xac, 0x03, 0x48, 0xfe, 0xac, 0x02,
  0x49, 0x82, 0x82, 0xfd, 0xb7, 0x00, 0x00, 0x02, 0x00, 0x46, 0x00, 0x00,
  0x03, 0x87, 0x02, 0xcb, 0x00, 0x0c, 0x00, 0x15, 0x00, 0x34, 0x40, 0x31,
  0x00, 0x01, 0x07, 0x01, 0x04, 0x05, 0x01, 0x04, 0x67, 0x00, 0x05, 0x00,
  0x02, 0x03, 0x05, 0x02, 0x67, 0x00, 0x00, 0x00, 0x13, 0x4d, 0x06, 0x01,
  0x03, 0x03, 0x12, 0x03, 0x4e, 0x0e, 0x0d, 0x00, 0x00, 0x11, 0x0f, 0x0d,
  0x15, 0x0e, 0x15, 0x00, 0x0c, 0x00, 0x0c, 0x24, 0x21, 0x11, 0x08, 0x07,
  0x19, 0x2b, 0x33, 0x11, 0x33, 0x15, 0x21, 0x32, 0x16, 0x15, 0x14, 0x06,
  0x23, 0x21, 0x15, 0x01, 0x21, 0x15, 0x05, 0x32, 0x36, 0x35, 0x34, 0x26,
  0x46, 0xa0, 0x01, 0xb7, 0x6f, 0x7b, 0x7b, 0x6f, 0xfe, 0x49, 0x01, 0xa4,
  0xfe, 0x5c, 0x01, 0xa4, 0x2c, 0x2f, 0x2f, 0x02, 0xcb, 0x6e, 0x70, 0x72,
  0x72, 0x70, 0x99, 0x01, 0xdb, 0xbf, 0x01, 0x2c, 0x34, 0x35, 0x2b, 0x00,
  0xff, 0xff, 0x00, 0x46, 0xff, 0xfb, 0x03, 0x7f, 0x03, 0x84, 0x02, 0x26,
  0x00, 0x38, 0x00, 0x00, 0x00, 0x47, 0x00, 0xc4, 0x03, 0x69, 0x00, 0x00,
  0xc0, 0x00, 0x40, 0x00, 0xff, 0xff, 0x00, 0x46, 0xff, 0xfb, 0x03, 0x7f,
  0x03, 0x84, 0x02, 0x26, 0x00, 0x38, 0x00, 0x00, 0x00, 0x06, 0x00, 0xaf,
  0x73, 0x00, 0x00, 0x00, 0xff, 0xff, 0x00, 0x46, 0xff, 0xfb, 0x03, 0x7f,
  0x03, 0x71, 0x02, 0x26, 0x00, 0x38, 0x00, 0x00, 0x00, 0x27, 0x00, 0xb7,
  0x00, 0x9f, 0x00, 0x00, 0x00, 0x07, 0x00, 0xb7, 0x01, 0xe9, 0x00, 0x00,
  0xff, 0xff, 0x00, 0x46, 0xff, 0xfb, 0x03, 0x7f, 0x03, 0x84, 0x02, 0x26,
  0x00, 0x38, 0x00, 0x00, 0x00, 0x06, 0x00, 0xc4, 0x5b, 0x00, 0x00, 0x00,
  0x00, 0x01, 0x00, 0x32, 0x00, 0x00, 0x04, 0x5a, 0x02, 0xcb, 0x00, 0x0e,
  0x00, 0x2d, 0x40, 0x2a, 0x0d, 0x01, 0x01, 0x00, 0x01, 0x4c, 0x04, 0x02,
  0x02, 0x00, 0x00, 0x13, 0x4d, 0x03, 0x01, 0x01, 0x01, 0x05, 0x60, 0x07,
  0x06, 0x02, 0x05, 0x05, 0x12, 0x05, 0x4e, 0x00, 0x00, 0x00, 0x0e, 0x00,
  0x0e, 0x11, 0x11, 0x11, 0x11, 0x11, 0x11, 0x08, 0x07, 0x1c, 0x2b, 0x33,
  0x03, 0x33, 0x13, 0x33, 0x13, 0x33, 0x13, 0x33, 0x13, 0x33, 0x03, 0x21,
  0x03, 0x03, 0xaa, 0x78, 0xa0, 0x62, 0x0d, 0xa6, 0xc3, 0xa6, 0x0d, 0x62,
  0x9b, 0x73, 0xff, 0x00, 0x9e, 0x9f, 0x02, 0xcb, 0xfd, 0xb2, 0x02, 0x4e,
  0xfd, 0xb2, 0x02, 0x4e, 0xfd, 0x35, 0x02, 0x30, 0xfd, 0xd0, 0xff, 0xff,
  0x00, 0x32, 0x00, 0x00, 0x04, 0x15, 0x03, 0x84, 0x02, 0x26, 0x00, 0x3a,
  0x00, 0x00, 0x00, 0x47, 0x00, 0xc4, 0x03, 0xaa, 0x00, 0x00, 0xc0, 0x00,
  0x40, 0x00, 0xff, 0xff, 0x00, 0x32, 0x00, 0x00, 0x04, 0x15, 0x03, 0x84,
  0x02, 0x26, 0x00, 0x3a, 0x00, 0x00, 0x00, 0x07, 0x00, 0xaf, 0x00, 0xb4,
  0x00, 0x00, 0xff, 0xff, 0x00, 0x32, 0x00, 0x00, 0x04, 0x15, 0x03, 0x71,
  0x02, 0x26, 0x00, 0x3a, 0x00, 0x00, 0x00, 0x27, 0x00, 0xb7, 0x00, 0xe0,
  0x00, 0x00, 0x00, 0x07, 0x00, 0xb7, 0x02, 0x2a, 0x00, 0x00, 0xff, 0xff,
  0x00, 0x32, 0x00, 0x00, 0x04, 0x15, 0x03, 0x84, 0x02, 0x26, 0x00, 0x3a,
  0x00, 0x00, 0x00, 0x07, 0x00, 0xc4, 0x00, 0x9c, 0x00, 0x00, 0xff, 0xff,
  0x00, 0x00, 0x00, 0x00, 0x03, 0x95, 0x03, 0x84, 0x02, 0x26, 0x00, 0x3c,
  0x00, 0x00, 0x00, 0x47, 0x00, 0xc4, 0x03, 0x51, 0x00, 0x00, 0xc0, 0x00,
  0x40, 0x00, 0xff, 0xff, 0x00, 0x00, 0x00, 0x00, 0x03, 0x95, 0x03, 0x84,
  0x02, 0x26, 0x00, 0x3c, 0x00, 0x00, 0x00, 0x06, 0x00, 0xaf, 0x5b, 0x00,
  0x00, 0x00, 0xff, 0xff, 0x00, 0x00, 0x00, 0x00, 0x03, 0x95, 0x03, 0x71,
  0x02, 0x26, 0x00, 0x3c, 0x00, 0x00, 0x00, 0x27, 0x00, 0xb7, 0x00, 0x87,
  0x00, 0x00, 0x00, 0x07, 0x00, 0xb7, 0x01, 0xd1, 0x00, 0x00, 0xff, 0xff,
  0x00, 0x00, 0x00, 0x00, 0x03, 0x95, 0x03, 0x84, 0x02, 0x26, 0x00, 0x3c,
  0x00, 0x00, 0x00, 0x06, 0x00, 0xc4, 0x43, 0x00, 0x00, 0x00, 0xff, 0xff,
  0x00, 0x19, 0x00, 0x00, 0x02, 0xd1, 0x02, 0xda, 0x02, 0x26, 0x00, 0x44,
  0x00, 0x00, 0x00, 0x47, 0x00, 0xc3, 0x02, 0xe7, 0x00, 0x00, 0xc0, 0x00,
  0x40, 0x00, 0xff, 0xff, 0x00, 0x19, 0x00, 0x00, 0x02, 0xd1, 0x02, 0xda,
  0x02, 0x26, 0x00, 0x44, 0x00, 0x00, 0x00, 0x06, 0x00, 0xae, 0x47, 0x00,
  0x00, 0x00, 0xff, 0xff, 0x00, 0x3c, 0x02, 0x44, 0x01, 0xa1, 0x02, 0xda,
  0x00, 0x47, 0x00, 0xc3, 0x01, 0xdd, 0x00, 0x00, 0xc0, 0x00, 0x40, 0x00,
  0x00, 0x00, 0xff, 0xff, 0x00, 0x3c, 0x02, 0x44, 0x01, 0xa1, 0x02, 0xda,
  0x00, 0x47, 0x00, 0xc3, 0x01, 0xdd, 0x00, 0x00, 0xc0, 0x00, 0x40, 0x00,
  0x00, 0x00, 0xff, 0xff, 0x00, 0x3c, 0x02, 0xee, 0x01, 0xd8, 0x03, 0x84,
  0x00, 0x47, 0x00, 0xc4, 0x02, 0x14, 0x00, 0x00, 0xc0, 0x00, 0x40, 0x00,
  0x00, 0x00, 0xff, 0xff, 0x00, 0x19, 0x00, 0x00, 0x02, 0xd1, 0x02, 0xc7,
  0x02, 0x26, 0x00, 0x44, 0x00, 0x00, 0x00, 0x26, 0x00, 0xb6, 0x6e, 0xfe,
  0x01, 0x07, 0x00, 0xb6, 0x01, 0xa4, 0xff, 0xfe, 0x00, 0x12, 0xb1, 0x02,
  0x01, 0xb8, 0xff, 0xfe, 0xb0, 0x35, 0x2b, 0xb1, 0x03, 0x01, 0xb8, 0xff,
  0xfe, 0xb0, 0x35, 0x2b, 0x00, 0x00, 0x00, 0x03, 0x00, 0x19, 0x00, 0x00,
  0x05, 0x19, 0x02, 0x03, 0x00, 0x25, 0x00, 0x2f, 0x00, 0x39, 0x00, 0x5a,
  0x40, 0x57, 0x0f, 0x01, 0x02, 0x03, 0x22, 0x01, 0x00, 0x06, 0x02, 0x4c,
  0x09, 0x01, 0x01, 0x0b, 0x01, 0x05, 0x06, 0x01, 0x05, 0x67, 0x0d, 0x08,
  0x02, 0x02, 0x02, 0x03, 0x5f, 0x04, 0x01, 0x03, 0x03, 0x14, 0x4d, 0x0e,
  0x0a, 0x02, 0x06, 0x06, 0x00, 0x5f, 0x07, 0x0c, 0x02, 0x00, 0x00, 0x12,
  0x00, 0x4e, 0x32, 0x30, 0x27, 0x26, 0x01, 0x00, 0x36, 0x34, 0x30, 0x39,
  0x32, 0x39, 0x2b, 0x29, 0x26, 0x2f, 0x27, 0x2e, 0x20, 0x1e, 0x1d, 0x1b,
  0x19, 0x17, 0x14, 0x11, 0x0d, 0x0b, 0x0a, 0x08, 0x06, 0x04, 0x00, 0x25,
  0x01, 0x24, 0x0f, 0x07, 0x16, 0x2b, 0x33, 0x22, 0x26, 0x35, 0x34, 0x33,
  0x21, 0x26, 0x26, 0x23, 0x21, 0x35, 0x21, 0x32, 0x16, 0x17, 0x36, 0x36,
  0x33, 0x33, 0x32, 0x16, 0x15, 0x14, 0x23, 0x21, 0x16, 0x16, 0x33, 0x21,
  0x15, 0x21, 0x22, 0x26, 0x27, 0x06, 0x06, 0x23, 0x01, 0x22, 0x06, 0x07,
  0x21, 0x32, 0x36, 0x35, 0x34, 0x23, 0x01, 0x33, 0x32, 0x36, 0x37, 0x21,
  0x22, 0x06, 0x15, 0x14, 0xce, 0x58, 0x5d, 0xb5, 0x01, 0x7e, 0x0a, 0x40,
  0x3a, 0xfe, 0x93, 0x01, 0x6d, 0x44, 0x6a, 0x24, 0x24, 0x69, 0x43, 0xfa,
  0x58, 0x5d, 0xb5, 0xfe, 0x82, 0x0b, 0x3f, 0x3a, 0x01, 0x95, 0xfe, 0x6b,
  0x44, 0x6a, 0x24, 0x24, 0x69, 0x43, 0x01, 0xa2, 0x3a, 0x40, 0x0a, 0x01,
  0x77, 0x14, 0x17, 0x2b, 0xfc, 0x78, 0xf3, 0x3a, 0x40, 0x0a, 0xfe, 0x89,
  0x13, 0x18, 0x50, 0x4b, 0xa0, 0x2d, 0x28, 0x73, 0x25, 0x31, 0x30, 0x26,
  0x50, 0x4b, 0xa0, 0x2d, 0x28, 0x73, 0x25, 0x31, 0x30, 0x26, 0x01, 0x90,
  0x28, 0x2d, 0x1a, 0x16, 0x25, 0xfe, 0xe3, 0x28, 0x2d, 0x19, 0x17, 0x25,
  0xff, 0xff, 0x00, 0x19, 0x00, 0x00, 0x02, 0xd1, 0x02, 0xda, 0x02, 0x26,
  0x00, 0x44, 0x00, 0x00, 0x00, 0x06, 0x00, 0xc3, 0x36, 0x00, 0x00, 0x00,
  0xff, 0xff, 0x00, 0x19, 0x00, 0x00, 0x02, 0xd1, 0x02, 0xee, 0x02, 0x26,
  0x00, 0x44, 0x00, 0x00, 0x00, 0x07, 0x00, 0xe7, 0x00, 0xa8, 0x00, 0x00,
  0xff, 0xff, 0x00, 0x19, 0x00, 0x00, 0x02, 0xd1, 0x02, 0xda, 0x02, 0x26,
  0x00, 0x44, 0x00, 0x00, 0x00, 0x06, 0x00, 0xf0, 0x4c, 0x00, 0x00, 0x00,
  0x00, 0x01, 0x00, 0x50, 0x00, 0x00, 0x02, 0xc5, 0x02, 0x03, 0x00, 0x11,
  0x00, 0x25, 0x40, 0x22, 0x00, 0x01, 0x01, 0x02, 0x5f, 0x00, 0x02, 0x02,
  0x14, 0x4d, 0x00, 0x00, 0x00, 0x03, 0x5f, 0x04, 0x01, 0x03, 0x03, 0x12,
  0x03, 0x4e, 0x00, 0x00, 0x00, 0x11, 0x00, 0x10, 0x21, 0x24, 0x21, 0x05,
  0x07, 0x19, 0x2b, 0x33, 0x35, 0x21, 0x32, 0x36, 0x35, 0x34, 0x26, 0x23,
  0x21, 0x35, 0x21, 0x32, 0x16, 0x15, 0x14, 0x06, 0x23, 0x50, 0x01, 0x59,
  0x41, 0x45, 0x45, 0x41, 0xfe, 0xb1, 0x01, 0x4f, 0x86, 0x96, 0x96, 0x86,
  0x73, 0x47, 0x47, 0x48, 0x47, 0x73, 0x84, 0x7e, 0x7d, 0x84, 0x00, 0x02,
  0x00, 0x46, 0xff, 0x3f, 0x00, 0xbe, 0x02, 0xe7, 0x00, 0x03, 0x00, 0x07,
  0x00, 0x4e, 0x4b, 0xb0, 0x16, 0x50, 0x58, 0x40, 0x14, 0x00, 0x02, 0x05,
  0x01, 0x03, 0x02, 0x03, 0x63, 0x04, 0x01, 0x01, 0x01, 0x00, 0x5f, 0x00,
  0x00, 0x00, 0x11, 0x01, 0x4e, 0x1b, 0x40, 0x1a, 0x00, 0x00, 0x04, 0x01,
  0x01, 0x02, 0x00, 0x01, 0x67, 0x00, 0x02, 0x03, 0x03, 0x02, 0x57, 0x00,
  0x02, 0x02, 0x03, 0x5f, 0x05, 0x01, 0x03, 0x02, 0x03, 0x4f, 0x59, 0x40,
  0x12, 0x04, 0x04, 0x00, 0x00, 0x04, 0x07, 0x04, 0x07, 0x06, 0x05, 0x00,
  0x03, 0x00, 0x03, 0x11, 0x06, 0x07, 0x17, 0x2b, 0x13, 0x11, 0x33, 0x11,
  0x03, 0x11, 0x33, 0x11, 0x46, 0x78, 0x78, 0x78, 0x01, 0x3e, 0x01, 0xa9,
  0xfe, 0x57, 0xfe, 0x01, 0x01, 0xa9, 0xfe, 0x57, 0xff, 0xff, 0x00, 0x23,
  0xff, 0x1f, 0x02, 0x98, 0x02, 0x08, 0x02, 0x26, 0x00, 0x46, 0x00, 0x00,
  0x00, 0x07, 0x00, 0xac, 0x00, 0xea, 0x00, 0x00, 0xff, 0xff, 0x00, 0x3c,
  0xff, 0x1f, 0x01, 0x26, 0x00, 0x12, 0x00, 0x06, 0x00, 0xac, 0x00, 0x00,
  0x00, 0x01, 0x00, 0x3c, 0xff, 0x1f, 0x01, 0x26, 0x00, 0x12, 0x00, 0x12,
  0x00, 0x36, 0xb1, 0x06, 0x64, 0x44, 0x40, 0x2b, 0x0a, 0x09, 0x08, 0x03,
  0x02, 0x4a, 0x00, 0x02, 0x00, 0x01, 0x00, 0x02, 0x01, 0x67, 0x00, 0x00,
  0x03, 0x03, 0x00, 0x57, 0x00, 0x00, 0x00, 0x03, 0x5f, 0x04, 0x01, 0x03,
  0x00, 0x03, 0x4f, 0x00, 0x00, 0x00, 0x12, 0x00, 0x11, 0x24, 0x22, 0x21,
  0x05, 0x07, 0x19, 0x2b, 0xb1, 0x06, 0x00, 0x44, 0x17, 0x35, 0x33, 0x32,
  0x35, 0x34, 0x23, 0x23, 0x35, 0x37, 0x17, 0x07, 0x33, 0x32, 0x16, 0x15,
  0x14, 0x06, 0x23, 0x3c, 0x7f, 0x17, 0x17, 0x68, 0x3d, 0x40, 0x2d, 0x30,
  0x27, 0x2c, 0x2c, 0x27, 0xe1, 0x44, 0x15, 0x16, 0x3e, 0x46, 0x12, 0x34,
  0x29, 0x2e, 0x2b, 0x2b, 0xff, 0xff, 0x00, 0x3c, 0x02, 0x44, 0x02, 0x53,
  0x02, 0xda, 0x00, 0x06, 0x00, 0xae, 0x00, 0x00, 0x00, 0x01, 0x00, 0x3c,
  0x02, 0x44, 0x02, 0x53, 0x02, 0xda, 0x00, 0x08, 0x00, 0x27, 0xb1, 0x06,
  0x64, 0x44, 0x40, 0x1c, 0x07, 0x01, 0x01, 0x00, 0x01, 0x4c, 0x00, 0x00,
  0x01, 0x00, 0x85, 0x03, 0x02, 0x02, 0x01, 0x01, 0x76, 0x00, 0x00, 0x00,
  0x08, 0x00, 0x08, 0x12, 0x21, 0x04, 0x07, 0x18, 0x2b, 0xb1, 0x06, 0x00,
  0x44, 0x13, 0x37, 0x27, 0x33, 0x07, 0x17, 0x23, 0x27, 0x07, 0x3c, 0xb3,
  0x01, 0xb3, 0x01, 0xb3, 0x91, 0x7a, 0x7b, 0x02, 0x44, 0x95, 0x01, 0x01,
  0x95, 0x57, 0x57, 0x00, 0x00, 0x01, 0x00, 0x3c, 0x02, 0xee, 0x02, 0xa3,
  0x03, 0x84, 0x00, 0x06, 0x00, 0x1f, 0x40, 0x1c, 0x05, 0x01, 0x01, 0x00,
  0x01, 0x4c, 0x00, 0x00, 0x01, 0x00, 0x85, 0x03, 0x02, 0x02, 0x01, 0x01,
  0x76, 0x00, 0x00, 0x00, 0x06, 0x00, 0x06, 0x11, 0x11, 0x04, 0x07, 0x18,
  0x2b, 0x13, 0x37, 0x33, 0x17, 0x23, 0x27, 0x07, 0x3c, 0xd2, 0xc3, 0xd2,
  0x9b, 0x97, 0x90, 0x02, 0xee, 0x96, 0x96, 0x5b, 0x5b, 0x00, 0x00, 0x02,
  0x00, 0x1e, 0x00, 0x19, 0x02, 0xb9, 0x02, 0xb0, 0x00, 0x20, 0x00, 0x2c,
  0x00, 0x47, 0x40, 0x44, 0x12, 0x0f, 0x09, 0x06, 0x04, 0x03, 0x00, 0x20,
  0x1a, 0x17, 0x02, 0x04, 0x01, 0x02, 0x02, 0x4c, 0x11, 0x10, 0x08, 0x07,
  0x04, 0x00, 0x4a, 0x19, 0x18, 0x01, 0x03, 0x01, 0x49, 0x00, 0x00, 0x00,
  0x03, 0x02, 0x00, 0x03, 0x69, 0x04, 0x01, 0x02, 0x01, 0x01, 0x02, 0x59,
  0x04, 0x01, 0x02, 0x02, 0x01, 0x61, 0x00, 0x01, 0x02, 0x01, 0x51, 0x22,
  0x21, 0x28, 0x26, 0x21, 0x2c, 0x22, 0x2c, 0x2f, 0x2b, 0x05, 0x07, 0x18,
  0x2b, 0x37, 0x27, 0x37, 0x26, 0x35, 0x34, 0x37, 0x27, 0x37, 0x17, 0x36,
  0x36, 0x33, 0x32, 0x16, 0x17, 0x37, 0x17, 0x07, 0x16, 0x15, 0x14, 0x06,
  0x07, 0x17, 0x07, 0x27, 0x06, 0x06, 0x23, 0x22, 0x26, 0x27, 0x37, 0x32,
  0x36, 0x35, 0x34, 0x26, 0x23, 0x22, 0x06, 0x15, 0x14, 0x16, 0x6f, 0x51,
  0x89, 0x1f, 0x1f, 0x89, 0x51, 0x89, 0x19, 0x3b, 0x20, 0x20, 0x3a, 0x1a,
  0x88, 0x51, 0x89, 0x1f, 0x10, 0x0f, 0x89, 0x51, 0x88, 0x1a, 0x3a, 0x20,
  0x20, 0x3b, 0x19, 0x74, 0x28, 0x38, 0x38, 0x28, 0x28, 0x39, 0x39, 0x19,
  0x51, 0x88, 0x35, 0x3e, 0x3d, 0x35, 0x88, 0x51, 0x88, 0x0f, 0x11, 0x11,
  0x0f, 0x88, 0x51, 0x88, 0x35, 0x3d, 0x1f, 0x3a, 0x1a, 0x88, 0x51, 0x88,
  0x0f, 0x11, 0x11, 0x0f, 0x63, 0x39, 0x28, 0x28, 0x38, 0x38, 0x28, 0x28,
  0x39, 0x00, 0x00, 0x02, 0x00, 0x28, 0x01, 0x58, 0x01, 0xa0, 0x02, 0xd0,
  0x00, 0x0f, 0x00, 0x1b, 0x00, 0x39, 0xb1, 0x06, 0x64, 0x44, 0x40, 0x2e,
  0x00, 0x01, 0x00, 0x03, 0x02, 0x01, 0x03, 0x69, 0x05, 0x01, 0x02, 0x00,
  0x00, 0x02, 0x59, 0x05, 0x01, 0x02, 0x02, 0x00, 0x61, 0x04, 0x01, 0x00,
  0x02, 0x00, 0x51, 0x11, 0x10, 0x01, 0x00, 0x17, 0x15, 0x10, 0x1b, 0x11,
  0x1b, 0x09, 0x07, 0x00, 0x0f, 0x01, 0x0f, 0x06, 0x07, 0x16, 0x2b, 0xb1,
  0x06, 0x00, 0x44, 0x13, 0x22, 0x26, 0x26, 0x35, 0x34, 0x36, 0x36, 0x33,
  0x32, 0x16, 0x16, 0x15, 0x14, 0x06, 0x06, 0x27, 0x32, 0x36, 0x35, 0x34,
  0x26, 0x23, 0x22, 0x06, 0x15, 0x14, 0x16, 0xe4, 0x34, 0x55, 0x33, 0x33,
  0x55, 0x34, 0x34, 0x55, 0x33, 0x33, 0x55, 0x34, 0x21, 0x2f, 0x2f, 0x21,
  0x21, 0x2f, 0x2f, 0x01, 0x58, 0x2e, 0x55, 0x39, 0x39, 0x55, 0x2e, 0x2e,
  0x55, 0x39, 0x39, 0x55, 0x2e, 0x6c, 0x2c, 0x24, 0x24, 0x2c, 0x2c, 0x24,
  0x24, 0x2c, 0xff, 0xff, 0x00, 0x3c, 0x02, 0x56, 0x02, 0x05, 0x02, 0xc7,
  0x00, 0x26, 0x00, 0xb6, 0x00, 0xfe, 0x01, 0x07, 0x00, 0xb6, 0x01, 0x36,
  0xff, 0xfe, 0x00, 0x12, 0xb1, 0x00, 0x01, 0xb8, 0xff, 0xfe, 0xb0, 0x35,
  0x2b, 0xb1, 0x01, 0x01, 0xb8, 0xff, 0xfe, 0xb0, 0x35, 0x2b, 0xff, 0xff,
  0x00, 0x3c, 0x02, 0x56, 0x02, 0x05, 0x02, 0xc7, 0x02, 0x26, 0x00, 0xb6,
  0x00, 0xfe, 0x01, 0x07, 0x00, 0xb6, 0x01, 0x36, 0xff, 0xfe, 0x00, 0x12,
  0xb1, 0x00, 0x01, 0xb8, 0xff, 0xfe, 0xb0, 0x35, 0x2b, 0xb1, 0x01, 0x01,
  0xb8, 0xff, 0xfe, 0xb0, 0x35, 0x2b, 0xff, 0xff, 0x00, 0x3c, 0x03, 0x00,
  0x02, 0x4b, 0x03, 0x71, 0x02, 0x26, 0x00, 0xb7, 0x00, 0x00, 0x00, 0x07,
  0x00, 0xb7, 0x01, 0x4a, 0x00, 0x00, 0x00, 0x01, 0x00, 0x05, 0x00, 0x00,
  0x01, 0xed, 0x02, 0xcb, 0x00, 0x03, 0x00, 0x17, 0x40, 0x14, 0x00, 0x00,
  0x01, 0x00, 0x85, 0x02, 0x01, 0x01, 0x01, 0x76, 0x00, 0x00, 0x00, 0x03,
  0x00, 0x03, 0x11, 0x03, 0x06, 0x17, 0x2b, 0x33, 0x01, 0x33, 0x01, 0x05,
  0x01, 0x67, 0x81, 0xfe, 0x99, 0x02, 0xcb, 0xfd, 0x35, 0x00, 0x00, 0x01,
  0x00, 0x3c, 0x02, 0x58, 0x00, 0xcf, 0x02, 0xc9, 0x00, 0x03, 0x00, 0x26,
  0xb1, 0x06, 0x64, 0x44, 0x40, 0x1b, 0x00, 0x00, 0x01, 0x01, 0x00, 0x57,
  0x00, 0x00, 0x00, 0x01, 0x5f, 0x02, 0x01, 0x01, 0x00, 0x01, 0x4f, 0x00,
  0x00, 0x00, 0x03, 0x00, 0x03, 0x11, 0x03, 0x07, 0x17, 0x2b, 0xb1, 0x06,
  0x00, 0x44, 0x13, 0x35, 0x33, 0x15, 0x3c, 0x93, 0x02, 0x58, 0x71, 0x71,
  0x00, 0x01, 0x00, 0x3c, 0x03, 0x00, 0x01, 0x01, 0x03, 0x71, 0x00, 0x03,
  0x00, 0x1e, 0x40, 0x1b, 0x00, 0x00, 0x01, 0x01, 0x00, 0x57, 0x00, 0x00,
  0x00, 0x01, 0x5f, 0x02, 0x01, 0x01, 0x00, 0x01, 0x4f, 0x00, 0x00, 0x00,
  0x03, 0x00, 0x03, 0x11, 0x03, 0x07, 0x17, 0x2b, 0x13, 0x35, 0x33, 0x15,
  0x3c, 0xc5, 0x03, 0x00, 0x71, 0x71, 0x00, 0x02, 0x00, 0x23, 0xff, 0xfb,
  0x02, 0xf8, 0x02, 0x08, 0x00, 0x12, 0x00, 0x18, 0x00, 0x39, 0x40, 0x36,
  0x00, 0x05, 0x00, 0x02, 0x03, 0x05, 0x02, 0x67, 0x07, 0x01, 0x04, 0x04,
  0x01, 0x5f, 0x00, 0x01, 0x01, 0x14, 0x4d, 0x00, 0x03, 0x03, 0x00, 0x5f,
  0x06, 0x01, 0x00, 0x00, 0x12, 0x00, 0x4e, 0x14, 0x13, 0x01, 0x00, 0x16,
  0x15, 0x13, 0x18, 0x14, 0x17, 0x11, 0x0f, 0x0e, 0x0d, 0x08, 0x05, 0x00,
  0x12, 0x01, 0x12, 0x08, 0x07, 0x16, 0x2b, 0x05, 0x22, 0x26, 0x35, 0x34,
  0x36, 0x33, 0x33, 0x32, 0x16, 0x15, 0x14, 0x06, 0x07, 0x21, 0x16, 0x33,
  0x21, 0x15, 0x01, 0x22, 0x07, 0x21, 0x26, 0x23, 0x01, 0x3f, 0x86, 0x96,
  0x96, 0x86, 0x9e, 0x86, 0x95, 0x02, 0x02, 0xfd, 0xc1, 0x16, 0x6f, 0x01,
  0xa4, 0xfe, 0x5c, 0x6d, 0x18, 0x01, 0xb0, 0x18, 0x6c, 0x05, 0x85, 0x81,
  0x82, 0x85, 0x86, 0x7e, 0x0c, 0x1d, 0x0f, 0x61, 0x70, 0x01, 0x9d, 0x5e,
  0x5e, 0x00, 0xff, 0xff, 0x00, 0x23, 0xff, 0xfb, 0x02, 0xee, 0x02, 0xda,
  0x02, 0x26, 0x00, 0x48, 0x00, 0x00, 0x00, 0x47, 0x00, 0xc3, 0x02, 0xf4,
  0x00, 0x00, 0xc0, 0x00, 0x40, 0x00, 0xff, 0xff, 0x00, 0x23, 0xff, 0xfb,
  0x02, 0xee, 0x02, 0xda, 0x02, 0x26, 0x00, 0x48, 0x00, 0x00, 0x00, 0x06,
  0x00, 0xae, 0x54, 0x00, 0x00, 0x00, 0xff, 0xff, 0x00, 0x23, 0xff, 0xfb,
  0x02, 0xee, 0x02, 0xc7, 0x02, 0x26, 0x00, 0x48, 0x00, 0x00, 0x00, 0x26,
  0x00, 0xb6, 0x7b, 0xfe, 0x01, 0x07, 0x00, 0xb6, 0x01, 0xb1, 0xff, 0xfe,
  0x00, 0x12, 0xb1, 0x02, 0x01, 0xb8, 0xff, 0xfe, 0xb0, 0x35, 0x2b, 0xb1,
  0x03, 0x01, 0xb8, 0xff, 0xfe, 0xb0, 0x35, 0x2b, 0x00, 0x00, 0xff, 0xff,
  0x00, 0x23, 0xff, 0xfb, 0x02, 0xee, 0x02, 0xda, 0x02, 0x26, 0x00, 0x48,
  0x00, 0x00, 0x00, 0x06, 0x00, 0xc3, 0x43, 0x00, 0x00, 0x00, 0x00, 0x02,
  0x00, 0x23, 0xff, 0xfb, 0x03, 0x1a, 0x02, 0xfd, 0x00, 0x1e, 0x00, 0x2c,
  0x00, 0x3e, 0x40, 0x3b, 0x09, 0x01, 0x03, 0x01, 0x01, 0x4c, 0x18, 0x17,
  0x16, 0x15, 0x12, 0x11, 0x10, 0x0f, 0x0e, 0x0d, 0x0a, 0x01, 0x4a, 0x00,
  0x01, 0x00, 0x03, 0x02, 0x01, 0x03, 0x67, 0x05, 0x01, 0x02, 0x02, 0x00,
  0x5f, 0x04, 0x01, 0x00, 0x00, 0x12, 0x00, 0x4e, 0x21, 0x1f, 0x01, 0x00,
  0x28, 0x25, 0x1f, 0x2c, 0x21, 0x2c, 0x08, 0x05, 0x00, 0x1e, 0x01, 0x1d,
  0x06, 0x07, 0x16, 0x2b, 0x05, 0x22, 0x26, 0x35, 0x34, 0x36, 0x33, 0x33,
  0x32, 0x17, 0x2e, 0x02, 0x27, 0x07, 0x35, 0x37, 0x27, 0x35, 0x05, 0x16,
  0x17, 0x37, 0x15, 0x07, 0x16, 0x16, 0x15, 0x14, 0x06, 0x23, 0x27, 0x33,
  0x32, 0x36, 0x35, 0x34, 0x26, 0x23, 0x23, 0x22, 0x06, 0x15, 0x14, 0x16,
  0x01, 0x3f, 0x85, 0x97, 0x97, 0x85, 0xb9, 0x5e, 0x32, 0x0d, 0x35, 0x5c,
  0x48, 0xb5, 0x3c, 0xa4, 0x01, 0x3a, 0x08, 0x08, 0xa2, 0x33, 0x70, 0x6c,
  0x93, 0x8f, 0xb9, 0xbf, 0x40, 0x46, 0x47, 0x41, 0xbd, 0x3f, 0x47, 0x46,
  0x05, 0x6e, 0x70, 0x70, 0x6f, 0x27, 0x29, 0x38, 0x29, 0x13, 0x5d, 0x5f,
  0x1f, 0x2c, 0x82, 0x54, 0x02, 0x02, 0x53, 0x5f, 0x1a, 0x30, 0x99, 0x82,
  0x9a, 0x9f, 0x73, 0x38, 0x33, 0x33, 0x39, 0x31, 0x3b, 0x3a, 0x31, 0x00,
  0x00, 0x01, 0x00, 0x00, 0xff, 0xfb, 0x03, 0x16, 0x02, 0xd1, 0x00, 0x24,
  0x00, 0x43, 0x40, 0x40, 0x05, 0x01, 0x02, 0x06, 0x01, 0x01, 0x00, 0x02,
  0x01, 0x67, 0x07, 0x01, 0x00, 0x0c, 0x0b, 0x02, 0x08, 0x09, 0x00, 0x08,
  0x67, 0x00, 0x04, 0x04, 0x03, 0x5f, 0x00, 0x03, 0x03, 0x11, 0x4d, 0x00,
  0x09, 0x09, 0x0a, 0x5f, 0x00, 0x0a, 0x0a, 0x12, 0x0a, 0x4e, 0x00, 0x00,
  0x00, 0x24, 0x00, 0x24, 0x22, 0x20, 0x1f, 0x1d, 0x11, 0x14, 0x11, 0x12,
  0x21, 0x22, 0x11, 0x14, 0x11, 0x0d, 0x07, 0x1f, 0x2b, 0x35, 0x35, 0x33,
  0x26, 0x35, 0x34, 0x35, 0x23, 0x35, 0x33, 0x36, 0x36, 0x17, 0x05, 0x15,
  0x23, 0x22, 0x06, 0x07, 0x21, 0x15, 0x21, 0x14, 0x15, 0x14, 0x17, 0x21,
  0x15, 0x21, 0x16, 0x33, 0x21, 0x15, 0x21, 0x22, 0x26, 0x27, 0x72, 0x02,
  0x70, 0x81, 0x21, 0xc7, 0x9f, 0x01, 0x04, 0xf9, 0x59, 0x72, 0x1b, 0x01,
  0x53, 0xfe, 0x93, 0x03, 0x01, 0x6a, 0xfe, 0xc3, 0x3c, 0x94, 0x01, 0x03,
  0xfe, 0xf2, 0x93, 0xc0, 0x29, 0xc4, 0x6e, 0x19, 0x1b, 0x09, 0x09, 0x6e,
  0x75, 0x76, 0x01, 0x02, 0x80, 0x32, 0x36, 0x6e, 0x09, 0x09, 0x1c, 0x18,
  0x6e, 0x47, 0x82, 0x65, 0x64, 0x00, 0xff, 0xff, 0x00, 0x1e, 0xff, 0x6a,
  0x00, 0xbe, 0x02, 0x33, 0x01, 0x0f, 0x00, 0x04, 0x01, 0x04, 0x02, 0x33,
  0xc0, 0x00, 0x00, 0x09, 0xb1, 0x00, 0x02, 0xb8, 0x02, 0x33, 0xb0, 0x35,
  0x2b, 0x00, 0x00, 0x01, 0x00, 0x0a, 0x01, 0x24, 0x02, 0x1e, 0x02, 0xca,
  0x00, 0x0e, 0x00, 0x33, 0x40, 0x30, 0x01, 0x01, 0x04, 0x01, 0x01, 0x4c,
  0x03, 0x01, 0x01, 0x07, 0x06, 0x02, 0x04, 0x05, 0x01, 0x04, 0x67, 0x00,
  0x00, 0x00, 0x21, 0x4d, 0x00, 0x02, 0x02, 0x05, 0x5f, 0x00, 0x05, 0x05,
  0x22, 0x05, 0x4e, 0x00, 0x00, 0x00, 0x0e, 0x00, 0x0e, 0x11, 0x11, 0x11,
  0x11, 0x11, 0x12, 0x08, 0x08, 0x1c, 0x2b, 0x13, 0x35, 0x13, 0x33, 0x03,
  0x33, 0x35, 0x33, 0x15, 0x33, 0x15, 0x23, 0x15, 0x23, 0x35, 0x0a, 0xdf,
  0x7e, 0xda, 0xcd, 0x66, 0x5e, 0x5e, 0x66, 0x01, 0x71, 0x4e, 0x01, 0x0b,
  0xfe, 0xfe, 0x57, 0x57, 0x57, 0x4d, 0x4d, 0x00, 0x00, 0x02, 0x00, 0x00,
  0x00, 0x00, 0x03, 0x8b, 0x02, 0xcb, 0x00, 0x03, 0x00, 0x07, 0x00, 0x31,
  0x40, 0x2e, 0x04, 0x01, 0x01, 0x00, 0x02, 0x00, 0x01, 0x02, 0x80, 0x00,
  0x02, 0x03, 0x00, 0x02, 0x03, 0x7e, 0x00, 0x00, 0x00, 0x13, 0x4d, 0x05,
  0x01, 0x03, 0x03, 0x12, 0x03, 0x4e, 0x04, 0x04, 0x00, 0x00, 0x04, 0x07,
  0x04, 0x07, 0x06, 0x05, 0x00, 0x03, 0x00, 0x03, 0x11, 0x06, 0x07, 0x17,
  0x2b, 0x01, 0x37, 0x33, 0x07, 0x01, 0x37, 0x33, 0x07, 0x02, 0x2a, 0xca,
  0x97, 0xca, 0xfd, 0x3f, 0xca, 0x97, 0xca, 0x02, 0x0d, 0xbe, 0xbe, 0xfd,
  0xf3, 0xbe, 0xbe, 0x00, 0x00, 0x01, 0x00, 0x46, 0x00, 0x00, 0x03, 0x30,
  0x02, 0xca, 0x00, 0x28, 0x00, 0x37, 0x40, 0x34, 0x0b, 0x01, 0x03, 0x04,
  0x01, 0x4c, 0x00, 0x04, 0x00, 0x03, 0x02, 0x04, 0x03, 0x67, 0x00, 0x05,
  0x05, 0x00, 0x5f, 0x00, 0x00, 0x00, 0x13, 0x4d, 0x00, 0x02, 0x02, 0x01,
  0x5f, 0x07, 0x06, 0x02, 0x01, 0x01, 0x12, 0x01, 0x4e, 0x00, 0x00, 0x00,
  0x28, 0x00, 0x28, 0x34, 0x21, 0x24, 0x21, 0x2a, 0x33, 0x08, 0x07, 0x1c,
  0x2b, 0x33, 0x11, 0x34, 0x36, 0x33, 0x21, 0x32, 0x16, 0x15, 0x14, 0x06,
  0x07, 0x16, 0x16, 0x15, 0x14, 0x06, 0x23, 0x21, 0x35, 0x21, 0x32, 0x36,
  0x35, 0x34, 0x26, 0x23, 0x23, 0x35, 0x33, 0x32, 0x36, 0x35, 0x34, 0x26,
  0x23, 0x21, 0x22, 0x06, 0x15, 0x11, 0x46, 0x73, 0x67, 0x01, 0x21, 0x68,
  0x73, 0x25, 0x2b, 0x3a, 0x2a, 0x73, 0x68, 0xfe, 0xd7, 0x01, 0x18, 0x2e,
  0x28, 0x28, 0x2e, 0xe2, 0xcd, 0x2f, 0x28, 0x28, 0x2f, 0xfe, 0xf5, 0x27,
  0x26, 0x02, 0x07, 0x5c, 0x67, 0x67, 0x5c, 0x31, 0x58, 0x16, 0x16, 0x56,
  0x33, 0x5b, 0x6e, 0x73, 0x34, 0x2d, 0x2c, 0x2f, 0x73, 0x30, 0x2d, 0x2d,
  0x2b, 0x2d, 0x32, 0xfe, 0x08, 0x00, 0x00, 0x01, 0x00, 0x3c, 0x02, 0x44,
  0x01, 0xa1, 0x02, 0xda, 0x00, 0x03, 0x00, 0x1f, 0xb1, 0x06, 0x64, 0x44,
  0x40, 0x14, 0x00, 0x00, 0x01, 0x00, 0x85, 0x02, 0x01, 0x01, 0x01, 0x76,
  0x00, 0x00, 0x00, 0x03, 0x00, 0x03, 0x11, 0x03, 0x07, 0x17, 0x2b, 0xb1,
  0x06, 0x00, 0x44, 0x01, 0x27, 0x33, 0x17, 0x01, 0x10, 0xd4, 0xb1, 0xb4,
  0x02, 0x44, 0x96, 0x96, 0x00, 0x01, 0x00, 0x3c, 0x02, 0xee, 0x01, 0xd8,
  0x03, 0x84, 0x00, 0x03, 0x00, 0x17, 0x40, 0x14, 0x00, 0x00, 0x01, 0x00,
  0x85, 0x02, 0x01, 0x01, 0x01, 0x76, 0x00, 0x00, 0x00, 0x03, 0x00, 0x03,
  0x11, 0x03, 0x07, 0x17, 0x2b, 0x01, 0x27, 0x33, 0x17, 0x01, 0x38, 0xfc,
  0xc5, 0xd7, 0x02, 0xee, 0x96, 0x96, 0xff, 0xff, 0x00, 0x28, 0x00, 0x00,
  0x02, 0x69, 0x02, 0x46, 0x00, 0x26, 0x00, 0xc7, 0x00, 0x00, 0x00, 0x07,
  0x00, 0xc7, 0x01, 0x2c, 0x00, 0x00, 0xff, 0xff, 0x00, 0x28, 0x00, 0x00,
  0x02, 0x69, 0x02, 0x46, 0x00, 0x67, 0x00, 0xc7, 0x02, 0x91, 0x00, 0x00,
  0xc0, 0x00, 0x40, 0x00, 0x00, 0x47, 0x00, 0xc7, 0x01, 0x65, 0x00, 0x00,
  0xc0, 0x00, 0x40, 0x00, 0x00, 0x00, 0x00, 0x01, 0x00, 0x28, 0x00, 0x00,
  0x01, 0x3d, 0x02, 0x46, 0x00, 0x06, 0x00, 0x06, 0xb3, 0x03, 0x00, 0x01,
  0x32, 0x2b, 0x21, 0x25, 0x35, 0x25, 0x15, 0x07, 0x17, 0x01, 0x3d, 0xfe,
  0xeb, 0x01, 0x15, 0xa0, 0xa0, 0xea, 0x73, 0xe9, 0x9d, 0x86, 0x86, 0x00,
  0xff, 0xff, 0x00, 0x28, 0x00, 0x00, 0x01, 0x3d, 0x02, 0x46, 0x00, 0x47,
  0x00, 0xc7, 0x01, 0x65, 0x00, 0x00, 0xc0, 0x00, 0x40, 0x00, 0x00, 0x00,
  0xff, 0xff, 0x00, 0x37, 0x00, 0x00, 0x01, 0x9c, 0x02, 0xda, 0x02, 0x26,
  0x00, 0xcc, 0x00, 0x00, 0x00, 0x47, 0x00, 0xc3, 0x01, 0xd8, 0x00, 0x00,
  0xc0, 0x00, 0x40, 0x00, 0xff, 0xff, 0xff, 0x74, 0x00, 0x00, 0x01, 0x8b,
  0x02, 0xda, 0x02, 0x26, 0x00, 0xcc, 0x00, 0x00, 0x00, 0x07, 0x00, 0xae,
  0xff, 0x38, 0x00, 0x00, 0xff, 0xff, 0xff, 0x9b, 0x00, 0x00, 0x01, 0x64,
  0x02, 0xc7, 0x02, 0x26, 0x00, 0xcc, 0x00, 0x00, 0x00, 0x27, 0x00, 0xb6,
  0xff, 0x5f, 0xff, 0xfe, 0x01, 0x07, 0x00, 0xb6, 0x00, 0x95, 0xff, 0xfe,
  0x00, 0x12, 0xb1, 0x01, 0x01, 0xb8, 0xff, 0xfe, 0xb0, 0x35, 0x2b, 0xb1,
  0x02, 0x01, 0xb8, 0xff, 0xfe, 0xb0, 0x35, 0x2b, 0x00, 0x01, 0x00, 0x37,
  0x00, 0x00, 0x00, 0xc8, 0x02, 0x03, 0x00, 0x03, 0x00, 0x19, 0x40, 0x16,
  0x00, 0x00, 0x00, 0x14, 0x4d, 0x02, 0x01, 0x01, 0x01, 0x12, 0x01, 0x4e,
  0x00, 0x00, 0x00, 0x03, 0x00, 0x03, 0x11, 0x03, 0x07, 0x17, 0x2b, 0x33,
  0x11, 0x33, 0x11, 0x37, 0x91, 0x02, 0x03, 0xfd, 0xfd, 0x00, 0xff, 0xff,
  0xff, 0x63, 0x00, 0x00, 0x00, 0xc8, 0x02, 0xda, 0x02, 0x26, 0x00, 0xcc,
  0x00, 0x00, 0x00, 0x07, 0x00, 0xc3, 0xff, 0x27, 0x00, 0x00, 0x00, 0x01,
  0x00, 0x33, 0xff, 0x1f, 0x00, 0xc4, 0x02, 0x03, 0x00, 0x03, 0x00, 0x19,
  0x40, 0x16, 0x00, 0x00, 0x00, 0x14, 0x4d, 0x02, 0x01, 0x01, 0x01, 0x16,
  0x01, 0x4e, 0x00, 0x00, 0x00, 0x03, 0x00, 0x03, 0x11, 0x03, 0x07, 0x17,
  0x2b, 0x17, 0x11, 0x33, 0x11, 0x33, 0x91, 0xe1, 0x02, 0xe4, 0xfd, 0x1c,
  0x00, 0x01, 0x00, 0x28, 0x00, 0x00, 0x02, 0x6e, 0x01, 0x5d, 0x00, 0x05,
  0x00, 0x1d, 0x40, 0x1a, 0x00, 0x00, 0x03, 0x01, 0x02, 0x01, 0x00, 0x02,
  0x67, 0x00, 0x01, 0x01, 0x12, 0x01, 0x4e, 0x00, 0x00, 0x00, 0x05, 0x00,
  0x05, 0x11, 0x11, 0x04, 0x07, 0x18, 0x2b, 0x37, 0x35, 0x21, 0x11, 0x23,
  0x35, 0x28, 0x02, 0x46, 0x7d, 0xea, 0x73, 0xfe, 0xa3, 0xea, 0x00, 0x01,
  0x00, 0x28, 0x02, 0x44, 0x01, 0xf7, 0x02, 0xad, 0x00, 0x03, 0x00, 0x26,
  0xb1, 0x06, 0x64, 0x44, 0x40, 0x1b, 0x00, 0x00, 0x01, 0x01, 0x00, 0x57,
  0x00, 0x00, 0x00, 0x01, 0x5f, 0x02, 0x01, 0x01, 0x00, 0x01, 0x4f, 0x00,
  0x00, 0x00, 0x03, 0x00, 0x03, 0x11, 0x03, 0x07, 0x17, 0x2b, 0xb1, 0x06,
  0x00, 0x44, 0x13, 0x35, 0x21, 0x15, 0x28, 0x01, 0xcf, 0x02, 0x44, 0x69,
  0x69, 0x00, 0x00, 0x01, 0x00, 0x37, 0xff, 0x1f, 0x02, 0xa1, 0x02, 0x03,
  0x00, 0x12, 0x00, 0x31, 0x40, 0x2e, 0x02, 0x01, 0x00, 0x03, 0x01, 0x4c,
  0x04, 0x01, 0x02, 0x02, 0x14, 0x4d, 0x00, 0x03, 0x03, 0x00, 0x60, 0x05,
  0x01, 0x00, 0x00, 0x12, 0x4d, 0x00, 0x01, 0x01, 0x16, 0x01, 0x4e, 0x01,
  0x00, 0x0e, 0x0d, 0x0b, 0x08, 0x06, 0x05, 0x04, 0x03, 0x00, 0x12, 0x01,
  0x11, 0x06, 0x07, 0x16, 0x2b, 0x33, 0x22, 0x27, 0x15, 0x23, 0x11, 0x33,
  0x11, 0x14, 0x33, 0x33, 0x32, 0x35, 0x11, 0x33, 0x11, 0x14, 0x06, 0x23,
  0xe0, 0x0c, 0x0c, 0x91, 0x91, 0x3c, 0xd0, 0x3c, 0x91, 0x51, 0x58, 0x01,
  0xe2, 0x02, 0xe4, 0xfe, 0xac, 0x3c, 0x3c, 0x01, 0x54, 0xfe, 0x9b, 0x46,
  0x58, 0x00, 0x00, 0x01, 0x00, 0x28, 0x00, 0xea, 0x02, 0x6e, 0x01, 0x5d,
  0x00, 0x03, 0x00, 0x1e, 0x40, 0x1b, 0x00, 0x00, 0x01, 0x01, 0x00, 0x57,
  0x00, 0x00, 0x00, 0x01, 0x5f, 0x02, 0x01, 0x01, 0x00, 0x01, 0x4f, 0x00,
  0x00, 0x00, 0x03, 0x00, 0x03, 0x11, 0x03, 0x06, 0x17, 0x2b, 0x37, 0x35,
  0x21, 0x15, 0x28, 0x02, 0x46, 0xea, 0x73, 0x73, 0xff, 0xff, 0x00, 0x28,
  0x00, 0x29, 0x02, 0x1c, 0x02, 0x1d, 0x01, 0x87, 0x00, 0x0e, 0x01, 0x05,
  0xff, 0x6b, 0x2d, 0x41, 0x2d, 0x41, 0xd2, 0xbf, 0x2d, 0x41, 0x00, 0x09,
  0xb1, 0x00, 0x01, 0xb8, 0xff, 0x6b, 0xb0, 0x35, 0x2b, 0x00, 0x00, 0x00,
  0xff, 0xff, 0x00, 0x37, 0x00, 0x00, 0x02, 0xa1, 0x02, 0xda, 0x02, 0x26,
  0x00, 0x51, 0x00, 0x00, 0x00, 0x06, 0x00, 0xf0, 0x29, 0x00, 0x00, 0x00,
  0xff, 0xff, 0x00, 0x23, 0xff, 0xfb, 0x03, 0x14, 0x02, 0xda, 0x02, 0x26,
  0x00, 0x52, 0x00, 0x00, 0x00, 0x47, 0x00, 0xc3, 0x02, 0xf4, 0x00, 0x00,
  0xc0, 0x00, 0x40, 0x00, 0xff, 0xff, 0x00, 0x23, 0xff, 0xfb, 0x03, 0x14,
  0x02, 0xda, 0x02, 0x26, 0x00, 0x52, 0x00, 0x00, 0x00, 0x06, 0x00, 0xae,
  0x54, 0x00, 0x00, 0x00, 0xff, 0xff, 0x00, 0x23, 0xff, 0xfb, 0x03, 0x14,
  0x02, 0xc7, 0x02, 0x26, 0x00, 0x52, 0x00, 0x00, 0x00, 0x26, 0x00, 0xb6,
  0x7b, 0xfe, 0x01, 0x07, 0x00, 0xb6, 0x01, 0xb1, 0xff, 0xfe, 0x00, 0x12,
  0xb1, 0x02, 0x01, 0xb8, 0xff, 0xfe, 0xb0, 0x35, 0x2b, 0xb1, 0x03, 0x01,
  0xb8, 0xff, 0xfe, 0xb0, 0x35, 0x2b, 0x00, 0x00, 0x00, 0x03, 0x00, 0x23,
  0xff, 0xfb, 0x05, 0x49, 0x02, 0x08, 0x00, 0x1f, 0x00, 0x28, 0x00, 0x36,
  0x00, 0x54, 0x40, 0x51, 0x0a, 0x01, 0x06, 0x01, 0x1c, 0x01, 0x00, 0x04,
  0x02, 0x4c, 0x00, 0x07, 0x00, 0x03, 0x04, 0x07, 0x03, 0x67, 0x09, 0x0b,
  0x02, 0x06, 0x06, 0x01, 0x5f, 0x02, 0x01, 0x01, 0x01, 0x14, 0x4d, 0x0c,
  0x08, 0x02, 0x04, 0x04, 0x00, 0x5f, 0x05, 0x0a, 0x02, 0x00, 0x00, 0x12,
  0x00, 0x4e, 0x2b, 0x29, 0x21, 0x20, 0x01, 0x00, 0x32, 0x2f, 0x29, 0x36,
  0x2b, 0x36, 0x24, 0x22, 0x20, 0x28, 0x21, 0x27, 0x1a, 0x18, 0x17, 0x15,
  0x14, 0x12, 0x0f, 0x0c, 0x08, 0x05, 0x00, 0x1f, 0x01, 0x1e, 0x0d, 0x07,
  0x16, 0x2b, 0x05, 0x22, 0x26, 0x35, 0x34, 0x36, 0x33, 0x33, 0x32, 0x16,
  0x17, 0x36, 0x36, 0x33, 0x33, 0x32, 0x16, 0x15, 0x14, 0x23, 0x21, 0x16,
  0x33, 0x21, 0x15, 0x21, 0x22, 0x26, 0x27, 0x06, 0x06, 0x23, 0x01, 0x22,
  0x07, 0x21, 0x32, 0x36, 0x35, 0x34, 0x23, 0x01, 0x33, 0x32, 0x36, 0x35,
  0x34, 0x26, 0x23, 0x23, 0x22, 0x06, 0x15, 0x14, 0x16, 0x01, 0x3f, 0x86,
  0x96, 0x96, 0x86, 0xb9, 0x43, 0x69, 0x25, 0x25, 0x69, 0x43, 0xfa, 0x58,
  0x5d, 0xb5, 0xfe, 0x86, 0x15, 0x6b, 0x01, 0x95, 0xfe, 0x6b, 0x43, 0x6a,
  0x24, 0x24, 0x6a, 0x43, 0x01, 0xa2, 0x67, 0x18, 0x01, 0x72, 0x14, 0x17,
  0x2b, 0xfc, 0xb2, 0xb9, 0x41, 0x45, 0x45, 0x41, 0xb9, 0x41, 0x45, 0x45,
  0x05, 0x85, 0x81, 0x82, 0x85, 0x25, 0x2b, 0x2b, 0x25, 0x53, 0x4d, 0x9d,
  0x5d, 0x73, 0x25, 0x2a, 0x2a, 0x25, 0x01, 0x9a, 0x57, 0x18, 0x15, 0x2a,
  0xfe, 0xd9, 0x48, 0x4b, 0x4c, 0x48, 0x48, 0x4c, 0x4b, 0x48, 0xff, 0xff,
  0x00, 0x23, 0xff, 0xfb, 0x03, 0x14, 0x02, 0xda, 0x02, 0x26, 0x00, 0x52,
  0x00, 0x00, 0x00, 0x06, 0x00, 0xc3, 0x43, 0x00, 0x00, 0x00, 0xff, 0xff,
  0x00, 0x46, 0x00, 0x00, 0x03, 0xff, 0x02, 0xcb, 0x00, 0x26, 0x00, 0xc1,
  0x4b, 0x00, 0x00, 0x27, 0x00, 0xf2, 0x02, 0x09, 0xfe, 0xdc, 0x01, 0x06,
  0x00, 0xdc, 0x19, 0x00, 0x00, 0x09, 0xb1, 0x02, 0x01, 0xb8, 0xfe, 0xdc,
  0xb0, 0x35, 0x2b, 0x00, 0x00, 0x00, 0xff, 0xff, 0x00, 0x46, 0x00, 0x00,
  0x03, 0xff, 0x02, 0xcb, 0x00, 0x26, 0x00, 0xc1, 0x4b, 0x00, 0x00, 0x27,
  0x00, 0xc0, 0x01, 0xe1, 0xfe, 0xdc, 0x01, 0x06, 0x00, 0xdc, 0x19, 0x00,
  0x00, 0x09, 0xb1, 0x02, 0x01, 0xb8, 0xfe, 0xdc, 0xb0, 0x35, 0x2b, 0x00,
  0x00, 0x00, 0x00, 0x01, 0x00, 0x2d, 0x01, 0x24, 0x01, 0xd3, 0x02, 0xcb,
  0x00, 0x09, 0x00, 0x27, 0x40, 0x24, 0x00, 0x01, 0x01, 0x02, 0x5f, 0x00,
  0x02, 0x02, 0x21, 0x4d, 0x03, 0x01, 0x00, 0x00, 0x04, 0x5f, 0x05, 0x01,
  0x04, 0x04, 0x22, 0x04, 0x4e, 0x00, 0x00, 0x00, 0x09, 0x00, 0x09, 0x11,
  0x11, 0x11, 0x11, 0x06, 0x08, 0x1a, 0x2b, 0x13, 0x35, 0x33, 0x35, 0x23,
  0x35, 0x21, 0x11, 0x33, 0x15, 0x2d, 0xa0, 0x9c, 0x01, 0x02, 0xa0, 0x01,
  0x24, 0x56, 0xfa, 0x57, 0xfe, 0xaf, 0x56, 0x00, 0x00, 0x02, 0x00, 0x28,
  0x01, 0x24, 0x02, 0x63, 0x02, 0xcb, 0x00, 0x10, 0x00, 0x17, 0x00, 0x39,
  0x40, 0x36, 0x00, 0x01, 0x00, 0x05, 0x04, 0x01, 0x05, 0x67, 0x00, 0x02,
  0x02, 0x03, 0x5f, 0x00, 0x03, 0x03, 0x21, 0x4d, 0x07, 0x01, 0x04, 0x04,
  0x00, 0x5f, 0x06, 0x01, 0x00, 0x00, 0x22, 0x00, 0x4e, 0x12, 0x11, 0x01,
  0x00, 0x15, 0x13, 0x11, 0x17, 0x12, 0x17, 0x0d, 0x0b, 0x0a, 0x08, 0x07,
  0x05, 0x00, 0x10, 0x01, 0x10, 0x08, 0x08, 0x16, 0x2b, 0x13, 0x22, 0x26,
  0x35, 0x34, 0x36, 0x33, 0x21, 0x34, 0x23, 0x21, 0x35, 0x21, 0x32, 0x16,
  0x15, 0x11, 0x25, 0x21, 0x35, 0x21, 0x22, 0x15, 0x14, 0xb1, 0x42, 0x47,
  0x47, 0x42, 0x01, 0x32, 0x32, 0xfe, 0xae, 0x01, 0x7c, 0x4a, 0x3e, 0xfe,
  0x6d, 0x01, 0x13, 0xfe, 0xed, 0x21, 0x01, 0x24, 0x44, 0x40, 0x41, 0x48,
  0x31, 0x69, 0x44, 0x3d, 0xfe, 0xda, 0x69, 0x3b, 0x20, 0x1b, 0x00, 0x02,
  0x00, 0x28, 0x01, 0x20, 0x02, 0x87, 0x02, 0xd0, 0x00, 0x0d, 0x00, 0x1b,
  0x00, 0x2d, 0x40, 0x2a, 0x00, 0x03, 0x03, 0x01, 0x5f, 0x00, 0x01, 0x01,
  0x21, 0x4d, 0x05, 0x01, 0x02, 0x02, 0x00, 0x5f, 0x04, 0x01, 0x00, 0x00,
  0x22, 0x00, 0x4e, 0x10, 0x0e, 0x01, 0x00, 0x17, 0x14, 0x0e, 0x1b, 0x10,
  0x1b, 0x08, 0x05, 0x00, 0x0d, 0x01, 0x0c, 0x06, 0x08, 0x16, 0x2b, 0x01,
  0x22, 0x26, 0x35, 0x34, 0x36, 0x33, 0x33, 0x32, 0x16, 0x15, 0x14, 0x06,
  0x23, 0x27, 0x33, 0x32, 0x36, 0x35, 0x34, 0x26, 0x23, 0x23, 0x22, 0x06,
  0x15, 0x14, 0x16, 0x01, 0x0d, 0x6c, 0x79, 0x79, 0x6c, 0x95, 0x6c, 0x79,
  0x79, 0x6c, 0x95, 0x95, 0x2f, 0x31, 0x31, 0x2f, 0x95, 0x2e, 0x32, 0x32,
  0x01, 0x20, 0x6e, 0x6a, 0x6b, 0x6d, 0x6d, 0x6b, 0x6a, 0x6e, 0x69, 0x36,
  0x39, 0x39, 0x36, 0x36, 0x39, 0x39, 0x36, 0x00, 0x00, 0x03, 0x00, 0x23,
  0xff, 0xc6, 0x03, 0x15, 0x02, 0x3e, 0x00, 0x17, 0x00, 0x1e, 0x00, 0x25,
  0x00, 0x44, 0x40, 0x41, 0x0d, 0x0a, 0x02, 0x04, 0x00, 0x21, 0x1a, 0x02,
  0x05, 0x04, 0x16, 0x01, 0x02, 0x02, 0x05, 0x03, 0x4c, 0x00, 0x01, 0x00,
  0x01, 0x85, 0x06, 0x01, 0x03, 0x02, 0x03, 0x86, 0x00, 0x04, 0x04, 0x00,
  0x5f, 0x00, 0x00, 0x00, 0x14, 0x4d, 0x00, 0x05, 0x05, 0x02, 0x60, 0x00,
  0x02, 0x02, 0x12, 0x02, 0x4e, 0x00, 0x00, 0x24, 0x22, 0x1d, 0x1b, 0x00,
  0x17, 0x00, 0x17, 0x36, 0x12, 0x36, 0x07, 0x07, 0x19, 0x2b, 0x17, 0x37,
  0x26, 0x26, 0x35, 0x34, 0x36, 0x33, 0x33, 0x32, 0x17, 0x37, 0x33, 0x07,
  0x16, 0x16, 0x15, 0x14, 0x06, 0x23, 0x23, 0x22, 0x27, 0x07, 0x03, 0x14,
  0x17, 0x13, 0x23, 0x22, 0x06, 0x05, 0x34, 0x27, 0x03, 0x33, 0x32, 0x36,
  0x23, 0x60, 0x2e, 0x31, 0x96, 0x86, 0xb9, 0x20, 0x1d, 0x36, 0xa9, 0x60,
  0x2f, 0x31, 0x96, 0x86, 0xb9, 0x21, 0x1e, 0x35, 0x12, 0x24, 0xf2, 0x90,
  0x41, 0x45, 0x01, 0xc5, 0x25, 0xf2, 0x91, 0x41, 0x45, 0x3a, 0x68, 0x20,
  0x6a, 0x49, 0x82, 0x85, 0x04, 0x3a, 0x68, 0x20, 0x6b, 0x4a, 0x81, 0x85,
  0x04, 0x39, 0x01, 0x3b, 0x4c, 0x25, 0x01, 0x05, 0x48, 0x4c, 0x4e, 0x25,
  0xfe, 0xfa, 0x48, 0x00, 0xff, 0xff, 0x00, 0x23, 0xff, 0xfb, 0x03, 0x14,
  0x02, 0xda, 0x02, 0x26, 0x00, 0x52, 0x00, 0x00, 0x00, 0x06, 0x00, 0xf0,
  0x59, 0x00, 0x00, 0x00, 0x00, 0x02, 0x00, 0x1e, 0xff, 0x1f, 0x02, 0xff,
  0x02, 0xcb, 0x00, 0x0a, 0x00, 0x0e, 0x00, 0x2c, 0x40, 0x29, 0x05, 0x01,
  0x00, 0x00, 0x01, 0x5f, 0x03, 0x01, 0x01, 0x01, 0x13, 0x4d, 0x06, 0x04,
  0x02, 0x02, 0x02, 0x16, 0x02, 0x4e, 0x0b, 0x0b, 0x01, 0x00, 0x0b, 0x0e,
  0x0b, 0x0e, 0x0d, 0x0c, 0x09, 0x08, 0x07, 0x05, 0x00, 0x0a, 0x01, 0x0a,
  0x07, 0x07, 0x16, 0x2b, 0x01, 0x22, 0x26, 0x35, 0x34, 0x36, 0x33, 0x21,
  0x11, 0x23, 0x11, 0x13, 0x11, 0x33, 0x11, 0x01, 0x08, 0x6f, 0x7b, 0x7b,
  0x6f, 0x01, 0x11, 0x91, 0xe6, 0x91, 0x01, 0x07, 0x70, 0x72, 0x72, 0x70,
  0xfc, 0x54, 0x01, 0xe8, 0xfe, 0x18, 0x03, 0xac, 0xfc, 0x54, 0xff, 0xff,
  0x00, 0x3c, 0x00, 0xdc, 0x00, 0xdc, 0x01, 0x6b, 0x03, 0x07, 0x00, 0x11,
  0x00, 0x00, 0x00, 0xdc, 0x00, 0x08, 0xb1, 0x00, 0x01, 0xb0, 0xdc, 0xb0,
  0x35, 0x2b, 0xff, 0xff, 0x00, 0x32, 0xff, 0x6a, 0x02, 0x99, 0x02, 0x33,
  0x01, 0x0f, 0x00, 0x22, 0x02, 0xdf, 0x02, 0x33, 0xc0, 0x00, 0x00, 0x09,
  0xb1, 0x00, 0x02, 0xb8, 0x02, 0x33, 0xb0, 0x35, 0x2b, 0x00, 0xff, 0xff,
  0x00, 0x28, 0xff, 0x69, 0x01, 0xb0, 0x00, 0x8f, 0x00, 0x26, 0x00, 0x0f,
  0xec, 0x00, 0x00, 0x07, 0x00, 0x0f, 0x00, 0xd2, 0x00, 0x00, 0xff, 0xff,
  0x00, 0x28, 0xff, 0x69, 0x00, 0xca, 0x00, 0x8f, 0x00, 0x06, 0x00, 0x0f,
  0xec, 0x00, 0xff, 0xff, 0x00, 0x3c, 0x02, 0x30, 0x01, 0x92, 0x02, 0xee,
  0x00, 0x06, 0x00, 0xe7, 0x00, 0x00, 0x00, 0x02, 0x00, 0x3c, 0x02, 0x30,
  0x01, 0x92, 0x02, 0xee, 0x00, 0x0d, 0x00, 0x1b, 0x00, 0x39, 0xb1, 0x06,
  0x64, 0x44, 0x40, 0x2e, 0x00, 0x01, 0x00, 0x03, 0x02, 0x01, 0x03, 0x69,
  0x05, 0x01, 0x02, 0x00, 0x00, 0x02, 0x59, 0x05, 0x01, 0x02, 0x02, 0x00,
  0x5f, 0x04, 0x01, 0x00, 0x02, 0x00, 0x4f, 0x10, 0x0e, 0x01, 0x00, 0x17,
  0x14, 0x0e, 0x1b, 0x10, 0x1b, 0x08, 0x05, 0x00, 0x0d, 0x01, 0x0c, 0x06,
  0x07, 0x16, 0x2b, 0xb1, 0x06, 0x00, 0x44, 0x13, 0x22, 0x26, 0x35, 0x34,
  0x36, 0x33, 0x33, 0x32, 0x16, 0x15, 0x14, 0x06, 0x23, 0x27, 0x33, 0x32,
  0x36, 0x35, 0x34, 0x26, 0x23, 0x23, 0x22, 0x06, 0x15, 0x14, 0x16, 0xab,
  0x37, 0x38, 0x38, 0x37, 0x78, 0x39, 0x36, 0x36, 0x39, 0x53, 0x2e, 0x17,
  0x11, 0x11, 0x17, 0x2e, 0x16, 0x12, 0x12, 0x02, 0x30, 0x34, 0x2c, 0x2b,
  0x33, 0x33, 0x2b, 0x2c, 0x34, 0x40, 0x12, 0x0e, 0x0d, 0x11, 0x11, 0x0d,
  0x0e, 0x12, 0x00, 0x02, 0x00, 0x3c, 0x02, 0xee, 0x01, 0xce, 0x03, 0xc0,
  0x00, 0x0d, 0x00, 0x1b, 0x00, 0x31, 0x40, 0x2e, 0x00, 0x01, 0x00, 0x03,
  0x02, 0x01, 0x03, 0x67, 0x05, 0x01, 0x02, 0x00, 0x00, 0x02, 0x57, 0x05,
  0x01, 0x02, 0x02, 0x00, 0x5f, 0x04, 0x01, 0x00, 0x02, 0x00, 0x4f, 0x10,
  0x0e, 0x01, 0x00, 0x17, 0x14, 0x0e, 0x1b, 0x10, 0x1b, 0x08, 0x05, 0x00,
  0x0d, 0x01, 0x0c, 0x06, 0x07, 0x16, 0x2b, 0x13, 0x22, 0x26, 0x35, 0x34,
  0x36, 0x33, 0x33, 0x32, 0x16, 0x15, 0x14, 0x06, 0x23, 0x27, 0x33, 0x32,
  0x36, 0x35, 0x34, 0x26, 0x23, 0x23, 0x22, 0x06, 0x15, 0x14, 0x16, 0xab,
  0x37, 0x38, 0x38, 0x37, 0xb4, 0x39, 0x36, 0x36, 0x39, 0x8f, 0x6a, 0x17,
  0x11, 0x11, 0x17, 0x6a, 0x16, 0x12, 0x12, 0x02, 0xee, 0x39, 0x31, 0x2f,
  0x39, 0x39, 0x2f, 0x31, 0x39, 0x4a, 0x12, 0x0e, 0x0d, 0x11, 0x11, 0x0d,
  0x0e, 0x12, 0x00, 0x02, 0x00, 0x1e, 0xff, 0x1f, 0x03, 0x69, 0x02, 0xd0,
  0x00, 0x2b, 0x00, 0x39, 0x00, 0x4a, 0x40, 0x47, 0x0f, 0x01, 0x07, 0x04,
  0x25, 0x01, 0x01, 0x06, 0x02, 0x4c, 0x00, 0x04, 0x00, 0x07, 0x06, 0x04,
  0x07, 0x67, 0x09, 0x01, 0x06, 0x00, 0x01, 0x00, 0x06, 0x01, 0x67, 0x00,
  0x03, 0x03, 0x02, 0x5f, 0x00, 0x02, 0x02, 0x11, 0x4d, 0x00, 0x00, 0x00,
  0x05, 0x5f, 0x08, 0x01, 0x05, 0x05, 0x16, 0x05, 0x4e, 0x2e, 0x2c, 0x00,
  0x00, 0x35, 0x32, 0x2c, 0x39, 0x2e, 0x39, 0x00, 0x2b, 0x00, 0x2a, 0x34,
  0x21, 0x2a, 0x34, 0x21, 0x0a, 0x07, 0x1b, 0x2b, 0x17, 0x35, 0x21, 0x32,
  0x36, 0x35, 0x34, 0x26, 0x23, 0x21, 0x22, 0x26, 0x35, 0x34, 0x36, 0x37,
  0x26, 0x26, 0x35, 0x34, 0x36, 0x33, 0x21, 0x15, 0x21, 0x22, 0x06, 0x15,
  0x14, 0x16, 0x33, 0x21, 0x32, 0x16, 0x15, 0x14, 0x06, 0x07, 0x16, 0x16,
  0x15, 0x14, 0x06, 0x23, 0x01, 0x21, 0x32, 0x36, 0x35, 0x34, 0x26, 0x23,
  0x21, 0x22, 0x06, 0x15, 0x14, 0x16, 0x2f, 0x02, 0x3f, 0x2c, 0x2f, 0x2f,
  0x2c, 0xfe, 0xa4, 0x67, 0x79, 0x1b, 0x22, 0x2c, 0x25, 0x7b, 0x6f, 0x02,
  0x46, 0xfd, 0xcb, 0x2b, 0x30, 0x30, 0x2b, 0x01, 0x5c, 0x68, 0x78, 0x1b,
  0x22, 0x2b, 0x26, 0x7b, 0x6f, 0xfe, 0x9f, 0x01, 0x4b, 0x24, 0x28, 0x28,
  0x24, 0xfe, 0xb5, 0x24, 0x28, 0x28, 0xe1, 0x81, 0x27, 0x26, 0x29, 0x24,
  0x5c, 0x5c, 0x28, 0x47, 0x15, 0x13, 0x4c, 0x32, 0x63, 0x66, 0x81, 0x22,
  0x26, 0x23, 0x25, 0x5c, 0x5c, 0x28, 0x47, 0x15, 0x14, 0x4d, 0x35, 0x63,
  0x6b, 0x01, 0x9c, 0x22, 0x20, 0x20, 0x22, 0x22, 0x20, 0x20, 0x22, 0x00,
  0xff, 0xff, 0x00, 0x28, 0x00, 0xea, 0x01, 0x5a, 0x01, 0x5d, 0x02, 0x06,
  0x00, 0x10, 0x00, 0x00, 0x00, 0x01, 0x00, 0x1e, 0xff, 0xfb, 0x02, 0xd6,
  0x02, 0xd0, 0x00, 0x26, 0x00, 0x35, 0x40, 0x32, 0x01, 0x01, 0x05, 0x04,
  0x01, 0x4c, 0x00, 0x02, 0x00, 0x03, 0x04, 0x02, 0x03, 0x67, 0x00, 0x01,
  0x01, 0x00, 0x5f, 0x00, 0x00, 0x00, 0x11, 0x4d, 0x00, 0x04, 0x04, 0x05,
  0x5f, 0x06, 0x01, 0x05, 0x05, 0x12, 0x05, 0x4e, 0x00, 0x00, 0x00, 0x26,
  0x00, 0x26, 0x14, 0x11, 0x19, 0x21, 0x2f, 0x07, 0x07, 0x1b, 0x2b, 0x17,
  0x37, 0x37, 0x3e, 0x02, 0x35, 0x34, 0x26, 0x27, 0x27, 0x26, 0x26, 0x35,
  0x34, 0x36, 0x33, 0x21, 0x15, 0x21, 0x22, 0x06, 0x15, 0x14, 0x16, 0x17,
  0x17, 0x16, 0x16, 0x17, 0x33, 0x15, 0x23, 0x06, 0x06, 0x07, 0x07, 0x21,
  0x15, 0x22, 0x01, 0xbd, 0x1f, 0x1d, 0x0a, 0x19, 0x2d, 0x1f, 0x57, 0x4c,
  0x6c, 0x60, 0x01, 0xad, 0xfe, 0x78, 0x2e, 0x23, 0x1a, 0x28, 0x28, 0x3a,
  0x41, 0x10, 0x98, 0x89, 0x08, 0x2e, 0x2c, 0x36, 0x01, 0xac, 0x05, 0x74,
  0x7a, 0x14, 0x17, 0x11, 0x0b, 0x0f, 0x14, 0x14, 0x0e, 0x27, 0x4e, 0x3d,
  0x50, 0x59, 0x81, 0x0f, 0x17, 0x10, 0x1b, 0x12, 0x12, 0x1a, 0x2a, 0x14,
  0x6e, 0x1e, 0x34, 0x1f, 0x26, 0x82, 0xff, 0xff, 0x00, 0x37, 0xff, 0x1f,
  0x02, 0xc5, 0x02, 0xcb, 0x02, 0x26, 0x00, 0x53, 0x00, 0x00, 0x00, 0x06,
  0x00, 0x4f, 0x00, 0x00, 0x00, 0x00, 0xff, 0xff, 0x00, 0x3c, 0x00, 0x00,
  0x04, 0x36, 0x02, 0xcb, 0x00, 0x27, 0x00, 0xc1, 0x00, 0x82, 0x00, 0x00,
  0x00, 0x27, 0x00, 0xc0, 0x02, 0x18, 0xfe, 0xdc, 0x01, 0x06, 0x00, 0xee,
  0x28, 0x00, 0x00, 0x09, 0xb1, 0x02, 0x01, 0xb8, 0xfe, 0xdc, 0xb0, 0x35,
  0x2b, 0x00, 0x00, 0x01, 0x00, 0x14, 0x01, 0x24, 0x01, 0xec, 0x02, 0xca,
  0x00, 0x1a, 0x00, 0x35, 0x40, 0x32, 0x15, 0x01, 0x01, 0x02, 0x01, 0x4c,
  0x00, 0x02, 0x00, 0x01, 0x00, 0x02, 0x01, 0x67, 0x00, 0x03, 0x03, 0x04,
  0x5f, 0x00, 0x04, 0x04, 0x21, 0x4d, 0x00, 0x00, 0x00, 0x05, 0x5f, 0x06,
  0x01, 0x05, 0x05, 0x22, 0x05, 0x4e, 0x00, 0x00, 0x00, 0x1a, 0x00, 0x19,
  0x21, 0x22, 0x21, 0x22, 0x21, 0x07, 0x08, 0x1b, 0x2b, 0x13, 0x35, 0x21,
  0x32, 0x35, 0x34, 0x23, 0x21, 0x35, 0x21, 0x32, 0x35, 0x34, 0x23, 0x21,
  0x35, 0x21, 0x32, 0x16, 0x15, 0x14, 0x07, 0x16, 0x15, 0x14, 0x06, 0x23,
  0x14, 0x01, 0x3c, 0x2c, 0x2c, 0xfe, 0xfc, 0x01, 0x03, 0x2d, 0x2d, 0xfe,
  0xc5, 0x01, 0x57, 0x3d, 0x44, 0x30, 0x30, 0x45, 0x3c, 0x01, 0x24, 0x57,
  0x2a, 0x28, 0x56, 0x26, 0x2a, 0x57, 0x3d, 0x36, 0x47, 0x18, 0x17, 0x46,
  0x37, 0x40, 0xff, 0xff, 0x00, 0x3c, 0x02, 0x30, 0x02, 0x49, 0x02, 0xda,
  0x00, 0x06, 0x00, 0xf0, 0x00, 0x00, 0x00, 0x01, 0x00, 0x3c, 0x02, 0x30,
  0x02, 0x49, 0x02, 0xda, 0x00, 0x1d, 0x00, 0x6d, 0xb1, 0x06, 0x64, 0x44,
  0x4b, 0xb0, 0x0c, 0x50, 0x58, 0x40, 0x1b, 0x00, 0x04, 0x01, 0x00, 0x04,
  0x59, 0x05, 0x01, 0x03, 0x00, 0x01, 0x00, 0x03, 0x01, 0x69, 0x00, 0x04,
  0x04, 0x00, 0x61, 0x02, 0x06, 0x02, 0x00, 0x04, 0x00, 0x51, 0x1b, 0x40,
  0x29, 0x00, 0x05, 0x03, 0x04, 0x03, 0x05, 0x04, 0x80, 0x00, 0x02, 0x01,
  0x00, 0x01, 0x02, 0x00, 0x80, 0x00, 0x04, 0x01, 0x00, 0x04, 0x59, 0x00,
  0x03, 0x00, 0x01, 0x02, 0x03, 0x01, 0x69, 0x00, 0x04, 0x04, 0x00, 0x61,
  0x06, 0x01, 0x00, 0x04, 0x00, 0x51, 0x59, 0x40, 0x13, 0x01, 0x00, 0x1a,
  0x19, 0x17, 0x15, 0x10, 0x0e, 0x0b, 0x0a, 0x08, 0x06, 0x00, 0x1d, 0x01,
  0x1d, 0x07, 0x07, 0x16, 0x2b, 0xb1, 0x06, 0x00, 0x44, 0x01, 0x22, 0x26,
  0x27, 0x27, 0x26, 0x26, 0x23, 0x22, 0x06, 0x07, 0x23, 0x3e, 0x02, 0x33,
  0x32, 0x16, 0x17, 0x17, 0x16, 0x16, 0x33, 0x32, 0x36, 0x37, 0x33, 0x0e,
  0x02, 0x01, 0xa6, 0x1c, 0x31, 0x1f, 0x24, 0x15, 0x18, 0x06, 0x10, 0x20,
  0x0d, 0x6a, 0x15, 0x33, 0x3b, 0x20, 0x1d, 0x31, 0x1e, 0x24, 0x15, 0x18,
  0x06, 0x10, 0x20, 0x0d, 0x6a, 0x14, 0x34, 0x3a, 0x02, 0x30, 0x13, 0x11,
  0x14, 0x0b, 0x06, 0x15, 0x20, 0x3e, 0x41, 0x17, 0x13, 0x11, 0x14, 0x0b,
  0x06, 0x16, 0x1f, 0x3e, 0x41, 0x17, 0x00, 0x01, 0x00, 0x3c, 0x02, 0xf3,
  0x02, 0x5d, 0x03, 0x93, 0x00, 0x1b, 0x00, 0x95, 0x4b, 0xb0, 0x11, 0x50,
  0x58, 0x40, 0x1b, 0x00, 0x04, 0x01, 0x00, 0x04, 0x59, 0x05, 0x01, 0x03,
  0x00, 0x01, 0x00, 0x03, 0x01, 0x69, 0x00, 0x04, 0x04, 0x00, 0x62, 0x02,
  0x06, 0x02, 0x00, 0x04, 0x00, 0x52, 0x1b, 0x4b, 0xb0, 0x1c, 0x50, 0x58,
  0x40, 0x27, 0x00, 0x05, 0x03, 0x04, 0x04, 0x05, 0x72, 0x00, 0x02, 0x01,
  0x00, 0x01, 0x02, 0x72, 0x00, 0x04, 0x01, 0x00, 0x04, 0x59, 0x00, 0x03,
  0x00, 0x01, 0x02, 0x03, 0x01, 0x69, 0x00, 0x04, 0x04, 0x00, 0x62, 0x06,
  0x01, 0x00, 0x04, 0x00, 0x52, 0x1b, 0x40, 0x29, 0x00, 0x05, 0x03, 0x04,
  0x03, 0x05, 0x04, 0x80, 0x00, 0x02, 0x01, 0x00, 0x01, 0x02, 0x00, 0x80,
  0x00, 0x04, 0x01, 0x00, 0x04, 0x59, 0x00, 0x03, 0x00, 0x01, 0x02, 0x03,
  0x01, 0x69, 0x00, 0x04, 0x04, 0x00, 0x62, 0x06, 0x01, 0x00, 0x04, 0x00,
  0x52, 0x59, 0x59, 0x40, 0x13, 0x01, 0x00, 0x19, 0x18, 0x16, 0x14, 0x0f,
  0x0d, 0x0b, 0x0a, 0x08, 0x06, 0x00, 0x1b, 0x01, 0x1b, 0x07, 0x07, 0x16,
  0x2b, 0x01, 0x22, 0x26, 0x27, 0x27, 0x26, 0x26, 0x23, 0x22, 0x06, 0x07,
  0x23, 0x36, 0x36, 0x33, 0x32, 0x16, 0x17, 0x17, 0x16, 0x16, 0x33, 0x32,
  0x36, 0x37, 0x33, 0x06, 0x06, 0x01, 0xc2, 0x14, 0x2a, 0x20, 0x49, 0x13,
  0x1a, 0x0c, 0x19, 0x1e, 0x08, 0x67, 0x14, 0x45, 0x42, 0x14, 0x2a, 0x20,
  0x49, 0x14, 0x19, 0x0c, 0x1a, 0x1d, 0x08, 0x67, 0x13, 0x46, 0x02, 0xf3,
  0x08, 0x0c, 0x1b, 0x08, 0x05, 0x16, 0x17, 0x4d, 0x44, 0x08, 0x0c, 0x1b,
  0x07, 0x06, 0x16, 0x17, 0x4d, 0x44, 0x00, 0x01, 0x00, 0x1e, 0x01, 0x24,
  0x01, 0xf6, 0x02, 0xca, 0x00, 0x1a, 0x00, 0x2f, 0x40, 0x2c, 0x00, 0x00,
  0x00, 0x03, 0x04, 0x00, 0x03, 0x67, 0x00, 0x01, 0x01, 0x02, 0x5f, 0x00,
  0x02, 0x02, 0x21, 0x4d, 0x00, 0x04, 0x04, 0x05, 0x5f, 0x06, 0x01, 0x05,
  0x05, 0x22, 0x05, 0x4e, 0x00, 0x00, 0x00, 0x1a, 0x00, 0x1a, 0x12, 0x34,
  0x21, 0x24, 0x33, 0x07, 0x08, 0x1b, 0x2b, 0x13, 0x35, 0x34, 0x36, 0x33,
  0x33, 0x32, 0x36, 0x35, 0x34, 0x26, 0x23, 0x21, 0x35, 0x21, 0x32, 0x16,
  0x15, 0x14, 0x06, 0x23, 0x23, 0x22, 0x15, 0x15, 0x21, 0x15, 0x1e, 0x42,
  0x40, 0xc2, 0x15, 0x19, 0x19, 0x15, 0xfe, 0xc6, 0x01, 0x4d, 0x3d, 0x44,
  0x44, 0x3d, 0xb4, 0x33, 0x01, 0x5d, 0x01, 0x24, 0x7d, 0x3e, 0x43, 0x18,
  0x13, 0x10, 0x16, 0x57, 0x42, 0x3b, 0x3d, 0x44, 0x31, 0x21, 0x56, 0x00,
  0xff, 0xff, 0x00, 0x32, 0x00, 0x00, 0x02, 0x9c, 0x02, 0xda, 0x02, 0x26,
  0x00, 0x58, 0x00, 0x00, 0x00, 0x47, 0x00, 0xc3, 0x02, 0xbf, 0x00, 0x00,
  0xc0, 0x00, 0x40, 0x00, 0xff, 0xff, 0x00, 0x32, 0x00, 0x00, 0x02, 0x9c,
  0x02, 0xda, 0x02, 0x26, 0x00, 0x58, 0x00, 0x00, 0x00, 0x06, 0x00, 0xae,
  0x1f, 0x00, 0x00, 0x00, 0xff, 0xff, 0x00, 0x32, 0x00, 0x00, 0x02, 0x9c,
  0x02, 0xc7, 0x02, 0x26, 0x00, 0x58, 0x00, 0x00, 0x00, 0x26, 0x00, 0xb6,
  0x46, 0xfe, 0x01, 0x07, 0x00, 0xb6, 0x01, 0x7c, 0xff, 0xfe, 0x00, 0x12,
  0xb1, 0x01, 0x01, 0xb8, 0xff, 0xfe, 0xb0, 0x35, 0x2b, 0xb1, 0x02, 0x01,
  0xb8, 0xff, 0xfe, 0xb0, 0x35, 0x2b, 0x00, 0x00, 0xff, 0xff, 0x00, 0x32,
  0x00, 0x00, 0x02, 0x9c, 0x02, 0xda, 0x02, 0x26, 0x00, 0x58, 0x00, 0x00,
  0x00, 0x06, 0x00, 0xc3, 0x0e, 0x00, 0x00, 0x00, 0xff, 0xff, 0x00, 0x1e,
  0x00, 0x00, 0x03, 0x4d, 0x02, 0xda, 0x02, 0x26, 0x00, 0x5a, 0x00, 0x00,
  0x00, 0x47, 0x00, 0xc3, 0x03, 0x0e, 0x00, 0x00, 0xc0, 0x00, 0x40, 0x00,
  0xff, 0xff, 0x00, 0x1e, 0x00, 0x00, 0x03, 0x4d, 0x02, 0xda, 0x02, 0x26,
  0x00, 0x5a, 0x00, 0x00, 0x00, 0x06, 0x00, 0xae, 0x6e, 0x00, 0x00, 0x00,
  0xff, 0xff, 0x00, 0x1e, 0x00, 0x00, 0x03, 0x4d, 0x02, 0xc7, 0x02, 0x26,
  0x00, 0x5a, 0x00, 0x00, 0x00, 0x27, 0x00, 0xb6, 0x00, 0x95, 0xff, 0xfe,
  0x01, 0x07, 0x00, 0xb6, 0x01, 0xcb, 0xff, 0xfe, 0x00, 0x12, 0xb1, 0x01,
  0x01, 0xb8, 0xff, 0xfe, 0xb0, 0x35, 0x2b, 0xb1, 0x02, 0x01, 0xb8, 0xff,
  0xfe, 0xb0, 0x35, 0x2b, 0xff, 0xff, 0x00, 0x1e, 0x00, 0x00, 0x03, 0x4d,
  0x02, 0xda, 0x02, 0x26, 0x00, 0x5a, 0x00, 0x00, 0x00, 0x06, 0x00, 0xc3,
  0x5d, 0x00, 0x00, 0x00, 0xff, 0xff, 0x00, 0x37, 0xff, 0x1f, 0x02, 0xa6,
  0x02, 0xda, 0x02, 0x26, 0x00, 0x5c, 0x00, 0x00, 0x00, 0x47, 0x00, 0xc3,
  0x02, 0xc9, 0x00, 0x00, 0xc0, 0x00, 0x40, 0x00, 0xff, 0xff, 0x00, 0x37,
  0xff, 0x1f, 0x02, 0xa6, 0x02, 0xda, 0x02, 0x26, 0x00, 0x5c, 0x00, 0x00,
  0x00, 0x06, 0x00, 0xae, 0x29, 0x00, 0x00, 0x00, 0xff, 0xff, 0x00, 0x37,
  0xff, 0x1f, 0x02, 0xa6, 0x02, 0xc7, 0x02, 0x26, 0x00, 0x5c, 0x00, 0x00,
  0x00, 0x26, 0x00, 0xb6, 0x50, 0xfe, 0x01, 0x07, 0x00, 0xb6, 0x01, 0x86,
  0xff, 0xfe, 0x00, 0x12, 0xb1, 0x01, 0x01, 0xb8, 0xff, 0xfe, 0xb0, 0x35,
  0x2b, 0xb1, 0x02, 0x01, 0xb8, 0xff, 0xfe, 0xb0, 0x35, 0x2b, 0x00, 0x00,
  0xff, 0xff, 0x00, 0x37, 0xff, 0x1f, 0x02, 0xa6, 0x02, 0xda, 0x02, 0x26,
  0x00, 0x5c, 0x00, 0x00, 0x00, 0x06, 0x00, 0xc3, 0x18, 0x00, 0x00, 0x00,
  0x00, 0x02, 0x00, 0x28, 0xff, 0xfb, 0x03, 0xda, 0x02, 0xd0, 0x00, 0x0d,
  0x00, 0x1b, 0x00, 0x2d, 0x40, 0x2a, 0x00, 0x03, 0x03, 0x01, 0x5f, 0x00,
  0x01, 0x01, 0x11, 0x4d, 0x05, 0x01, 0x02, 0x02, 0x00, 0x5f, 0x04, 0x01,
  0x00, 0x00, 0x12, 0x00, 0x4e, 0x10, 0x0e, 0x01, 0x00, 0x17, 0x14, 0x0e,
  0x1b, 0x10, 0x1b, 0x08, 0x05, 0x00, 0x0d, 0x01, 0x0c, 0x06, 0x07, 0x16,
  0x2b, 0x05, 0x22, 0x26, 0x35, 0x34, 0x36, 0x33, 0x33, 0x32, 0x16, 0x15,
  0x14, 0x06, 0x23, 0x27, 0x33, 0x32, 0x36, 0x35, 0x34, 0x26, 0x23, 0x23,
  0x22, 0x06, 0x15, 0x14, 0x16, 0x01, 0xc0, 0xc1, 0xd7, 0xd7, 0xc1, 0x82,
  0xc2, 0xd6, 0xd6, 0xc2, 0x77, 0x6c, 0x7e, 0x82, 0x82, 0x7e, 0x6c, 0x7e,
  0x82, 0x82, 0x05, 0xb7, 0xb4, 0xb3, 0xb7, 0xb7, 0xb3, 0xb4, 0xb7, 0x82,
  0x6f, 0x7a, 0x7a, 0x6e, 0x6e, 0x7a, 0x7a, 0x6f
};
unsigned int font_ttf_len = 36884;
