unsigned char font_ttf[] = {
  0x00, 0x01, 0x00, 0x00, 0x00, 0x0a, 0x00, 0x80, 0x00, 0x03, 0x00, 0x20,
  0x4f, 0x53, 0x2f, 0x32, 0xa2, 0xf1, 0x0e, 0x6b, 0x00, 0x00, 0x00, 0xac,
  0x00, 0x00, 0x00, 0x60, 0x63, 0x6d, 0x61, 0x70, 0x2f, 0x6b, 0xc2, 0x95,
  0x00, 0x00, 0x01, 0x0c, 0x00, 0x00, 0x02, 0xbc, 0x67, 0x6c, 0x79, 0x66,
  0x76, 0x01, 0x12, 0xf1, 0x00, 0x00, 0x03, 0xc8, 0x00, 0x00, 0x59, 0x30,
  0x68, 0x65, 0x61, 0x64, 0x2d, 0x8d, 0xcd, 0xd5, 0x00, 0x00, 0x5c, 0xf8,
  0x00, 0x00, 0x00, 0x36, 0x68, 0x68, 0x65, 0x61, 0x0e, 0x02, 0x09, 0x04,
  0x00, 0x00, 0x5d, 0x30, 0x00, 0x00, 0x00, 0x24, 0x68, 0x6d, 0x74, 0x78,
  0x7b, 0x00, 0x00, 0x00, 0x00, 0x00, 0x5d, 0x54, 0x00, 0x00, 0x04, 0x0c,
  0x6c, 0x6f, 0x63, 0x61, 0x57, 0x6d, 0x6d, 0xce, 0x00, 0x00, 0x61, 0x60,
  0x00, 0x00, 0x02, 0x08, 0x6d, 0x61, 0x78, 0x70, 0x01, 0x0e, 0x00, 0x2a,
  0x00, 0x00, 0x63, 0x68, 0x00, 0x00, 0x00, 0x20, 0x6e, 0x61, 0x6d, 0x65,
  0x56, 0x70, 0xd6, 0x7b, 0x00, 0x00, 0x63, 0x88, 0x00, 0x00, 0x05, 0x8d,
  0x70, 0x6f, 0x73, 0x74, 0x00, 0x03, 0x01, 0x03, 0x00, 0x00, 0x69, 0x18,
  0x00, 0x00, 0x00, 0x20, 0x00, 0x02, 0x05, 0x6a, 0x01, 0x90, 0x00, 0x05,
  0x00, 0x04, 0x04, 0x00, 0x04, 0x00, 0x00, 0x00, 0xff, 0x6e, 0x04, 0x00,
  0x04, 0x00, 0x00, 0x00, 0x04, 0x00, 0x00, 0x66, 0x01, 0x99, 0x00, 0x00,
  0x00, 0x00, 0x06, 0x00, 0x00, 0x00, 0x00, 0x00, 0x00, 0x00, 0xa0, 0x00,
  0x00, 0x3f, 0x00, 0x00, 0x40, 0x6a, 0x00, 0x00, 0x00, 0x20, 0x00, 0x00,
  0x00, 0x00, 0x50, 0x58, 0x46, 0x47, 0x00, 0x40, 0x00, 0x20, 0xff, 0xfd,
  0x06, 0x00, 0xff, 0x00, 0x01, 0x00, 0x06, 0x00, 0x01, 0x00, 0x00, 0x00,
  0x00, 0x01, 0x00, 0x00, 0x00, 0x00, 0x05, 0x00, 0x05, 0x00, 0x00, 0x00,
  0x00, 0x20, 0x00, 0x01, 0x00, 0x00, 0x00, 0x02, 0x00, 0x00, 0x00, 0x03,
  0x00, 0x00, 0x00, 0x14, 0x00, 0x03, 0x00, 0x01, 0x00, 0x00, 0x00, 0x14,
  0x00, 0x04, 0x02, 0xa8, 0x00, 0x00, 0x00, 0xa6, 0x00, 0x80, 0x00, 0x06,
  0x00, 0x26, 0x00, 0x7e, 0x00, 0xa7, 0x00, 0xa9, 0x00, 0xae, 0x00, 0xb1,
  0x00, 0xb7, 0x00, 0xbb, 0x00, 0xbf, 0x00, 0xc7, 0x00, 0xcb, 0x00, 0xd1,
  0x00, 0xd8, 0x00, 0xdc, 0x00, 0xdf, 0x00, 0xe7, 0x00, 0xeb, 0x00, 0xf1,
  0x00, 0xf8, 0x00, 0xfc, 0x00, 0xfe, 0x01, 0x01, 0x01, 0x05, 0x01, 0x0d,
  0x01, 0x13, 0x01, 0x19, 0x01, 0x23, 0x01, 0x27, 0x01, 0x2b, 0x01, 0x2f,
  0x01, 0x37, 0x01, 0x3e, 0x01, 0x42, 0x01, 0x46, 0x01, 0x4b, 0x01, 0x53,
  0x01, 0x61, 0x01, 0x67, 0x01, 0x6b, 0x01, 0x73, 0x01, 0x7e, 0x01, 0x86,
  0x01, 0x90, 0x01, 0x94, 0x01, 0x97, 0x01, 0x9d, 0x01, 0xb7, 0x01, 0xc3,
  0x01, 0xdd, 0x01, 0xeb, 0x02, 0x44, 0x02, 0x54, 0x02, 0x5b, 0x02, 0x63,
  0x02, 0x68, 0x02, 0x72, 0x02, 0x89, 0x02, 0x92, 0x02, 0x94, 0x02, 0xbd,
  0x1e, 0x9e, 0x20, 0x10, 0x20, 0x15, 0x20, 0x22, 0x20, 0x26, 0x20, 0x33,
  0x20, 0x3c, 0x20, 0x44, 0x20, 0xac, 0x21, 0x22, 0x21, 0x2e, 0x21, 0x93,
  0x22, 0x06, 0x22, 0x0f, 0x22, 0x12, 0x22, 0x15, 0x22, 0x1a, 0x22, 0x1f,
  0x22, 0x29, 0x22, 0x61, 0x26, 0x21, 0xa7, 0x8c, 0xff, 0xfd, 0xff, 0xff,
  0x00, 0x00, 0x00, 0x20, 0x00, 0xa0, 0x00, 0xa9, 0x00, 0xab, 0x00, 0xb0,
  0x00, 0xb4, 0x00, 0xbb, 0x00, 0xbf, 0x00, 0xc4, 0x00, 0xcb, 0x00, 0xd1,
  0x00, 0xd5, 0x00, 0xdc, 0x00, 0xde, 0x00, 0xe4, 0x00, 0xeb, 0x00, 0xf1,
  0x00, 0xf5, 0x00, 0xfc, 0x00, 0xfe, 0x01, 0x00, 0x01, 0x04, 0x01, 0x0c,
  0x01, 0x12, 0x01, 0x16, 0x01, 0x22, 0x01, 0x26, 0x01, 0x2a, 0x01, 0x2e,
  0x01, 0x36, 0x01, 0x3b, 0x01, 0x41, 0x01, 0x45, 0x01, 0x4a, 0x01, 0x52,
  0x01, 0x60, 0x01, 0x66, 0x01, 0x6a, 0x01, 0x72, 0x01, 0x7d, 0x01, 0x86,
  0x01, 0x8f, 0x01, 0x94, 0x01, 0x97, 0x01, 0x9d, 0x01, 0xb7, 0x01, 0xc0,
  0x01, 0xdd, 0x01, 0xea, 0x02, 0x44, 0x02, 0x54, 0x02, 0x5b, 0x02, 0x63,
  0x02, 0x68, 0x02, 0x72, 0x02, 0x89, 0x02, 0x92, 0x02, 0x94, 0x02, 0xb9,
  0x1e, 0x9e, 0x20, 0x10, 0x20, 0x12, 0x20, 0x18, 0x20, 0x26, 0x20, 0x32,
  0x20, 0x3c, 0x20, 0x44, 0x20, 0xac, 0x21, 0x22, 0x21, 0x2e, 0x21, 0x90,
  0x22, 0x06, 0x22, 0x0f, 0x22, 0x11, 0x22, 0x15, 0x22, 0x1a, 0x22, 0x1e,
  0x22, 0x29, 0x22, 0x60, 0x26, 0x21, 0xa7, 0x8b, 0xff, 0xfd, 0xff, 0xff,
  0xff, 0xe2, 0xff, 0xc1, 0xff, 0xc0, 0xff, 0xbf, 0xff, 0xbe, 0xff, 0xbc,
  0xff, 0xb9, 0xff, 0xb6, 0xff, 0xb2, 0xff, 0xaf, 0xff, 0xaa, 0xff, 0xa7,
  0xff, 0xa4, 0xff, 0xa3, 0xff, 0x9f, 0xff, 0x9c, 0xff, 0x97, 0xff, 0x94,
  0xff, 0x91, 0xff, 0x90, 0xff, 0x8f, 0xff, 0x8d, 0xff, 0x87, 0xff, 0x83,
  0xff, 0x81, 0xff, 0x79, 0xff, 0x77, 0xff, 0x75, 0xff, 0x73, 0xff, 0x6d,
  0xff, 0x6a, 0xff, 0x68, 0xff, 0x66, 0xff, 0x63, 0xff, 0x5d, 0xff, 0x51,
  0xff, 0x4d, 0xff, 0x4b, 0xff, 0x45, 0xff, 0x3c, 0xff, 0x35, 0xff, 0x2d,
  0xff, 0x2a, 0xff, 0x28, 0xff, 0x23, 0xff, 0x0a, 0xff, 0x02, 0xfe, 0xe9,
  0xfe, 0xdd, 0xfe, 0x85, 0xfe, 0x76, 0xfe, 0x70, 0xfe, 0x69, 0xfe, 0x65,
  0xfe, 0x5c, 0xfe, 0x46, 0xfe, 0x3e, 0xfe, 0x3d, 0xfe, 0x19, 0xe2, 0x39,
  0xe0, 0xc8, 0xe0, 0xc7, 0xe0, 0xc5, 0xe0, 0xc2, 0xe0, 0xb7, 0xe0, 0xaf,
  0xe0, 0xa8, 0xe0, 0x41, 0xdf, 0xcc, 0xdf, 0xc1, 0xdf, 0x60, 0xde, 0xee,
  0xde, 0xe6, 0xde, 0xe5, 0xde, 0xe3, 0xde, 0xdf, 0xde, 0xdc, 0xde, 0xd3,
  0xde, 0x9d, 0xda, 0xde, 0x59, 0x75, 0x01, 0x05, 0x00, 0x01, 0x00, 0x00,
  0x00, 0x00, 0x00, 0x00, 0x00, 0x00, 0x00, 0x00, 0x00, 0x00, 0x00, 0x00,
  0x00, 0x00, 0x00, 0x00, 0x00, 0x00, 0x00, 0x00, 0x00, 0x00, 0x00, 0x00,
  0x00, 0x00, 0x00, 0x00, 0x00, 0x00, 0x00, 0x00, 0x00, 0x00, 0x00, 0x00,
  0x00, 0x00, 0x00, 0x00, 0x00, 0x00, 0x00, 0x00, 0x00, 0x00, 0x00, 0x00,
  0x00, 0x00, 0x00, 0x00, 0x00, 0x00, 0x00, 0x00, 0x00, 0x00, 0x00, 0x00,
  0x00, 0x00, 0x00, 0x00, 0x00, 0x00, 0x00, 0x00, 0x00, 0x00, 0x00, 0x00,
  0x00, 0x00, 0x00, 0x00, 0x00, 0x00, 0x00, 0x00, 0x00, 0x00, 0x00, 0x00,
  0x00, 0x00, 0x00, 0x00, 0x00, 0x00, 0x00, 0x00, 0x00, 0x00, 0x00, 0x00,
  0x00, 0x00, 0x00, 0x00, 0x00, 0x00, 0x00, 0x00, 0x00, 0x00, 0x00, 0x00,
  0x00, 0x00, 0x00, 0x00, 0x00, 0x00, 0x00, 0x00, 0x00, 0x00, 0x00, 0x00,
  0x00, 0x00, 0x00, 0x00, 0x00, 0x00, 0x00, 0x00, 0x00, 0x00, 0x00, 0x00,
  0x00, 0x00, 0x00, 0x00, 0x00, 0x00, 0x00, 0x00, 0x00, 0x00, 0x00, 0x00,
  0x00, 0x00, 0x00, 0x00, 0x00, 0x00, 0x00, 0x00, 0x00, 0x00, 0x00, 0x00,
  0x00, 0x00, 0x00, 0x00, 0x00, 0x00, 0x00, 0x00, 0x00, 0x02, 0x00, 0x00,
  0x00, 0x00, 0x02, 0x00, 0x05, 0x00, 0x00, 0x05, 0x00, 0x0f, 0x00, 0x00,
  0x31, 0x29, 0x01, 0x11, 0x29, 0x01, 0x11, 0x29, 0x01, 0x19, 0x02, 0x29,
  0x01, 0x19, 0x01, 0x01, 0x00, 0x01, 0x00, 0xff, 0x00, 0xff, 0x00, 0x01,
  0x00, 0x01, 0x00, 0xff, 0x00, 0xff, 0x00, 0x01, 0x00, 0x01, 0x00, 0x01,
  0x00, 0x01, 0x00, 0x01, 0x00, 0xff, 0x00, 0xff, 0x00, 0x00, 0x00, 0x00,
  0x00, 0x02, 0x00, 0x00, 0x03, 0x00, 0x03, 0x00, 0x05, 0x00, 0x00, 0x05,
  0x00, 0x0b, 0x00, 0x00, 0x11, 0x21, 0x19, 0x01, 0x21, 0x11, 0x01, 0x21,
  0x19, 0x01, 0x21, 0x11, 0x01, 0x00, 0xff, 0x00, 0x02, 0x00, 0x01, 0x00,
  0xff, 0x00, 0x03, 0x00, 0x01, 0x00, 0x01, 0x00, 0xff, 0x00, 0xff, 0x00,
  0x01, 0x00, 0x01, 0x00, 0xff, 0x00, 0x00, 0x00, 0x00, 0x02, 0x00, 0x00,
  0x00, 0x00, 0x05, 0x00, 0x05, 0x00, 0x00, 0x1b, 0x00, 0x1f, 0x00, 0x00,
  0x11, 0x21, 0x11, 0x21, 0x11, 0x21, 0x11, 0x21, 0x11, 0x21, 0x11, 0x21,
  0x11, 0x21, 0x11, 0x21, 0x11, 0x21, 0x11, 0x21, 0x11, 0x21, 0x11, 0x21,
  0x11, 0x21, 0x11, 0x29, 0x01, 0x11, 0x21, 0x11, 0x01, 0x00, 0x01, 0x00,
  0x01, 0x00, 0x01, 0x00, 0x01, 0x00, 0xff, 0x00, 0x01, 0x00, 0xff, 0x00,
  0xff, 0x00, 0xff, 0x00, 0xff, 0x00, 0xff, 0x00, 0x01, 0x00, 0xff, 0x00,
  0x02, 0x00, 0x01, 0x00, 0x01, 0x00, 0xff, 0x00, 0x01, 0x00, 0xff, 0x00,
  0x01, 0x00, 0x01, 0x00, 0x01, 0x00, 0x01, 0x00, 0x01, 0x00, 0xff, 0x00,
  0x01, 0x00, 0xff, 0x00, 0xff, 0x00, 0xff, 0x00, 0x01, 0x00, 0xff, 0x00,
  0x00, 0x01, 0x00, 0x00, 0xff, 0x00, 0x05, 0x00, 0x06, 0x00, 0x00, 0x23,
  0x00, 0x00, 0x31, 0x29, 0x01, 0x11, 0x21, 0x11, 0x21, 0x11, 0x21, 0x19,
  0x01, 0x29, 0x02, 0x11, 0x29, 0x02, 0x11, 0x29, 0x01, 0x11, 0x21, 0x11,
  0x21, 0x11, 0x21, 0x19, 0x01, 0x29, 0x02, 0x11, 0x29, 0x02, 0x01, 0x00,
  0x01, 0x00, 0x01, 0x00, 0x01, 0x00, 0x01, 0x00, 0xff, 0x00, 0xff, 0x00,
  0xff, 0x00, 0x01, 0x00, 0x01, 0x00, 0x01, 0x00, 0xff, 0x00, 0xff, 0x00,
  0xff, 0x00, 0xff, 0x00, 0xff, 0x00, 0x01, 0x00, 0x01, 0x00, 0x01, 0x00,
  0xff, 0x00, 0xff, 0x00, 0xff, 0x00, 0xff, 0x00, 0x01, 0x00, 0x01, 0x00,
  0x01, 0x00, 0x01, 0x00, 0x01, 0x00, 0x01, 0x00, 0x01, 0x00, 0xff, 0x00,
  0xff, 0x00, 0xff, 0x00, 0xff, 0x00, 0xff, 0x00, 0x00, 0x07, 0x00, 0x00,
  0x00, 0x00, 0x05, 0x00, 0x05, 0x00, 0x00, 0x03, 0x00, 0x0b, 0x00, 0x0f,
  0x00, 0x13, 0x00, 0x1b, 0x00, 0x1f, 0x00, 0x23, 0x00, 0x00, 0x31, 0x21,
  0x11, 0x21, 0x11, 0x29, 0x01, 0x19, 0x01, 0x29, 0x01, 0x11, 0x01, 0x21,
  0x11, 0x29, 0x02, 0x11, 0x21, 0x01, 0x29, 0x01, 0x19, 0x01, 0x29, 0x01,
  0x19, 0x01, 0x21, 0x11, 0x29, 0x02, 0x11, 0x21, 0x01, 0x00, 0xff, 0x00,
  0x01, 0x00, 0x01, 0x00, 0xff, 0x00, 0xff, 0x00, 0x01, 0x00, 0x01, 0x00,
  0xff, 0x00, 0x01, 0x00, 0x01, 0x00, 0xff, 0x00, 0x01, 0x00, 0x01, 0x00,
  0x01, 0x00, 0xff, 0x00, 0xff, 0x00, 0x01, 0x00, 0xff, 0x00, 0x01, 0x00,
  0x01, 0x00, 0xff, 0x00, 0x01, 0x00, 0x02, 0x00, 0x01, 0x00, 0x01, 0x00,
  0xff, 0x00, 0xfd, 0x00, 0x01, 0x00, 0x01, 0x00, 0xfd, 0x00, 0x01, 0x00,
  0x01, 0x00, 0xff, 0x00, 0x02, 0x00, 0x01, 0x00, 0x01, 0x00, 0x00, 0x00,
  0x00, 0x02, 0x00, 0x00, 0x00, 0x00, 0x06, 0x00, 0x05, 0x00, 0x00, 0x1f,
  0x00, 0x23, 0x00, 0x00, 0x11, 0x21, 0x11, 0x29, 0x01, 0x11, 0x21, 0x11,
  0x21, 0x11, 0x21, 0x11, 0x29, 0x01, 0x11, 0x21, 0x11, 0x21, 0x11, 0x21,
  0x11, 0x21, 0x11, 0x29, 0x02, 0x11, 0x21, 0x11, 0x21, 0x11, 0x21, 0x01,
  0x11, 0x21, 0x11, 0x01, 0x00, 0x01, 0x00, 0x01, 0x00, 0xff, 0x00, 0x01,
  0x00, 0x01, 0x00, 0x01, 0x00, 0x01, 0x00, 0xff, 0x00, 0xff, 0x00, 0x01,
  0x00, 0xff, 0x00, 0xff, 0x00, 0xff, 0x00, 0xff, 0x00, 0xff, 0x00, 0x01,
  0x00, 0xff, 0x00, 0x02, 0x00, 0x01, 0x00, 0x01, 0x00, 0xff, 0x00, 0x01,
  0x00, 0x01, 0x00, 0xff, 0x00, 0xff, 0x00, 0x01, 0x00, 0x01, 0x00, 0x01,
  0x00, 0x01, 0x00, 0x01, 0x00, 0xff, 0x00, 0xff, 0x00, 0xff, 0x00, 0x01,
  0x00, 0x01, 0x00, 0xff, 0x00, 0x00, 0x00, 0x00, 0x00, 0x01, 0x00, 0x00,
  0x03, 0x00, 0x01, 0x00, 0x05, 0x00, 0x00, 0x05, 0x00, 0x00, 0x11, 0x21,
  0x19, 0x01, 0x21, 0x11, 0x01, 0x00, 0xff, 0x00, 0x03, 0x00, 0x01, 0x00,
  0x01, 0x00, 0xff, 0x00, 0x00, 0x01, 0x00, 0x00, 0x00, 0x00, 0x03, 0x00,
  0x05, 0x00, 0x00, 0x11, 0x00, 0x00, 0x11, 0x21, 0x11, 0x29, 0x01, 0x11,
  0x21, 0x19, 0x02, 0x21, 0x11, 0x29, 0x01, 0x11, 0x21, 0x19, 0x01, 0x01,
  0x00, 0x01, 0x00, 0x01, 0x00, 0xff, 0x00, 0x01, 0x00, 0xff, 0x00, 0xff,
  0x00, 0xff, 0x00, 0x01, 0x00, 0xff, 0x00, 0x01, 0x00, 0x01, 0x00, 0x01,
  0x00, 0x01, 0x00, 0x01, 0x00, 0xff, 0x00, 0xff, 0x00, 0xff, 0x00, 0x00,
  0x00, 0x01, 0x00, 0x00, 0x00, 0x00, 0x03, 0x00, 0x05, 0x00, 0x00, 0x11,
  0x00, 0x00, 0x31, 0x29, 0x01, 0x11, 0x21, 0x19, 0x02, 0x21, 0x11, 0x29,
  0x01, 0x11, 0x21, 0x19, 0x02, 0x21, 0x01, 0x00, 0x01, 0x00, 0x01, 0x00,
  0xff, 0x00, 0xff, 0x00, 0xff, 0x00, 0x01, 0x00, 0xff, 0x00, 0x01, 0x00,
  0x01, 0x00, 0x01, 0x00, 0x01, 0x00, 0x01, 0x00, 0xff, 0x00, 0xff, 0x00,
  0xff, 0x00, 0xff, 0x00, 0x00, 0x03, 0x00, 0x00, 0x01, 0x00, 0x03, 0x00,
  0x05, 0x00, 0x00, 0x03, 0x00, 0x0f, 0x00, 0x13, 0x00, 0x00, 0x11, 0x21,
  0x11, 0x21, 0x11, 0x21, 0x11, 0x21, 0x11, 0x21, 0x11, 0x21, 0x11, 0x21,
  0x11, 0x21, 0x01, 0x21, 0x11, 0x21, 0x01, 0x00, 0xff, 0x00, 0x01, 0x00,
  0x01, 0x00, 0x01, 0x00, 0xff, 0x00, 0xff, 0x00, 0xff, 0x00, 0x02, 0x00,
  0x01, 0x00, 0xff, 0x00, 0x01, 0x00, 0x01, 0x00, 0x01, 0x00, 0xff, 0x00,
  0x01, 0x00, 0x01, 0x00, 0x01, 0x00, 0xff, 0x00, 0xfd, 0x00, 0x01, 0x00,
  0x00, 0x01, 0x00, 0x00, 0x01, 0x00, 0x03, 0x00, 0x04, 0x00, 0x00, 0x0b,
  0x00, 0x00, 0x11, 0x21, 0x11, 0x21, 0x11, 0x21, 0x11, 0x21, 0x11, 0x21,
  0x11, 0x21, 0x01, 0x00, 0x01, 0x00, 0x01, 0x00, 0xff, 0x00, 0xff, 0x00,
  0xff, 0x00, 0x02, 0x00, 0xff, 0x00, 0x01, 0x00, 0x01, 0x00, 0x01, 0x00,
  0xff, 0x00, 0x00, 0x00, 0x00, 0x01, 0x00, 0x00, 0xff, 0x00, 0x02, 0x00,
  0x02, 0x00, 0x00, 0x09, 0x00, 0x00, 0x11, 0x21, 0x11, 0x21, 0x19, 0x01,
  0x21, 0x11, 0x21, 0x11, 0x01, 0x00, 0x01, 0x00, 0xff, 0x00, 0xff, 0x00,
  0xff, 0x00, 0x01, 0x00, 0x01, 0x00, 0x01, 0x00, 0xff, 0x00, 0xff, 0x00,
  0x00, 0x01, 0x00, 0x00, 0x02, 0x00, 0x03, 0x00, 0x03, 0x00, 0x00, 0x07,
  0x00, 0x00, 0x11, 0x29, 0x02, 0x11, 0x29, 0x02, 0x01, 0x00, 0x01, 0x00,
  0x01, 0x00, 0xff, 0x00, 0xff, 0x00, 0xff, 0x00, 0x02, 0x00, 0x01, 0x00,
  0x00, 0x01, 0x00, 0x00, 0x00, 0x00, 0x02, 0x00, 0x02, 0x00, 0x00, 0x07,
  0x00, 0x00, 0x31, 0x29, 0x01, 0x19, 0x01, 0x29, 0x01, 0x11, 0x01, 0x00,
  0x01, 0x00, 0xff, 0x00, 0xff, 0x00, 0x01, 0x00, 0x01, 0x00, 0xff, 0x00,
  0x00, 0x01, 0x00, 0x00, 0x00, 0x00, 0x04, 0x00, 0x05, 0x00, 0x00, 0x11,
  0x00, 0x00, 0x31, 0x29, 0x01, 0x19, 0x01, 0x21, 0x11, 0x21, 0x19, 0x01,
  0x29, 0x01, 0x19, 0x01, 0x21, 0x11, 0x21, 0x11, 0x01, 0x00, 0x01, 0x00,
  0x01, 0x00, 0x01, 0x00, 0xff, 0x00, 0xff, 0x00, 0xff, 0x00, 0xff, 0x00,
  0x01, 0x00, 0x01, 0x00, 0x01, 0x00, 0x01, 0x00, 0x01, 0x00, 0xff, 0x00,
  0xff, 0x00, 0xff, 0x00, 0xff, 0x00, 0x00, 0x00, 0x00, 0x02, 0x00, 0x00,
  0x00, 0x00, 0x05, 0x00, 0x05, 0x00, 0x00, 0x13, 0x00, 0x1b, 0x00, 0x00,
  0x11, 0x21, 0x11, 0x29, 0x02, 0x11, 0x21, 0x19, 0x02, 0x21, 0x11, 0x29,
  0x02, 0x11, 0x21, 0x19, 0x01, 0x01, 0x19, 0x02, 0x21, 0x19, 0x02, 0x01,
  0x00, 0x01, 0x00, 0x01, 0x00, 0x01, 0x00, 0x01, 0x00, 0xff, 0x00, 0xff,
  0x00, 0xff, 0x00, 0xff, 0x00, 0xff, 0x00, 0x02, 0x00, 0x01, 0x00, 0x01,
  0x00, 0xff, 0x00, 0x01, 0x00, 0x01, 0x00, 0x01, 0x00, 0x01, 0x00, 0x01,
  0x00, 0xff, 0x00, 0xff, 0x00, 0xff, 0x00, 0xff, 0x00, 0x01, 0x00, 0x01,
  0x00, 0x01, 0x00, 0xff, 0x00, 0xff, 0x00, 0xff, 0x00, 0x00, 0x00, 0x00,
  0x00, 0x01, 0x00, 0x00, 0x00, 0x00, 0x04, 0x00, 0x05, 0x00, 0x00, 0x13,
  0x00, 0x00, 0x31, 0x29, 0x03, 0x11, 0x21, 0x19, 0x03, 0x29, 0x02, 0x11,
  0x21, 0x19, 0x02, 0x21, 0x01, 0x00, 0x01, 0x00, 0x01, 0x00, 0x01, 0x00,
  0xff, 0x00, 0xff, 0x00, 0xff, 0x00, 0xff, 0x00, 0x01, 0x00, 0xff, 0x00,
  0x01, 0x00, 0x01, 0x00, 0x01, 0x00, 0x01, 0x00, 0x01, 0x00, 0xff, 0x00,
  0xff, 0x00, 0xff, 0x00, 0xff, 0x00, 0x00, 0x00, 0x00, 0x01, 0x00, 0x00,
  0x00, 0x00, 0x05, 0x00, 0x05, 0x00, 0x00, 0x1f, 0x00, 0x00, 0x31, 0x29,
  0x04, 0x11, 0x29, 0x01, 0x11, 0x21, 0x11, 0x21, 0x11, 0x21, 0x11, 0x29,
  0x02, 0x11, 0x21, 0x11, 0x29, 0x01, 0x11, 0x21, 0x11, 0x21, 0x11, 0x21,
  0x11, 0x21, 0x01, 0x00, 0x01, 0x00, 0x01, 0x00, 0x01, 0x00, 0x01, 0x00,
  0xff, 0x00, 0xff, 0x00, 0x01, 0x00, 0x01, 0x00, 0xff, 0x00, 0xff, 0x00,
  0xff, 0x00, 0xff, 0x00, 0xff, 0x00, 0x01, 0x00, 0x01, 0x00, 0x01, 0x00,
  0xff, 0x00, 0xff, 0x00, 0xff, 0x00, 0x01, 0x00, 0x01, 0x00, 0x01, 0x00,
  0x01, 0x00, 0x01, 0x00, 0xff, 0x00, 0xff, 0x00, 0x01, 0x00, 0xff, 0x00,
  0xff, 0x00, 0xff, 0x00, 0x00, 0x01, 0x00, 0x00, 0x00, 0x00, 0x04, 0x00,
  0x05, 0x00, 0x00, 0x19, 0x00, 0x00, 0x31, 0x29, 0x03, 0x19, 0x01, 0x21,
  0x11, 0x21, 0x19, 0x01, 0x29, 0x03, 0x11, 0x29, 0x01, 0x11, 0x21, 0x11,
  0x21, 0x11, 0x29, 0x01, 0x01, 0x00, 0x01, 0x00, 0x01, 0x00, 0x01, 0x00,
  0xff, 0x00, 0x01, 0x00, 0xff, 0x00, 0xff, 0x00, 0xff, 0x00, 0xff, 0x00,
  0x01, 0x00, 0x01, 0x00, 0xff, 0x00, 0x01, 0x00, 0xff, 0x00, 0xff, 0x00,
  0x01, 0x00, 0x01, 0x00, 0x01, 0x00, 0x01, 0x00, 0x01, 0x00, 0xff, 0x00,
  0xff, 0x00, 0xff, 0x00, 0xff, 0x00, 0x00, 0x00, 0x00, 0x01, 0x00, 0x00,
  0x00, 0x00, 0x05, 0x00, 0x05, 0x00, 0x00, 0x17, 0x00, 0x00, 0x11, 0x29,
  0x01, 0x11, 0x29, 0x01, 0x11, 0x21, 0x11, 0x21, 0x19, 0x02, 0x29, 0x01,
  0x11, 0x21, 0x11, 0x21, 0x11, 0x21, 0x11, 0x21, 0x11, 0x01, 0x00, 0x01,
  0x00, 0x01, 0x00, 0x01, 0x00, 0x01, 0x00, 0xff, 0x00, 0xff, 0x00, 0xff,
  0x00, 0xff, 0x00, 0x01, 0x00, 0xff, 0x00, 0xff, 0x00, 0x01, 0x00, 0xff,
  0x00, 0x01, 0x00, 0x01, 0x00, 0x01, 0x00, 0x01, 0x00, 0x01, 0x00, 0xff,
  0x00, 0xff, 0x00, 0xff, 0x00, 0x01, 0x00, 0xff, 0x00, 0x00, 0x00, 0x00,
  0x00, 0x01, 0x00, 0x00, 0x00, 0x00, 0x05, 0x00, 0x05, 0x00, 0x00, 0x1f,
  0x00, 0x00, 0x31, 0x29, 0x03, 0x11, 0x21, 0x19, 0x01, 0x29, 0x02, 0x11,
  0x29, 0x02, 0x11, 0x29, 0x04, 0x19, 0x02, 0x29, 0x02, 0x11, 0x29, 0x02,
  0x01, 0x00, 0x01, 0x00, 0x01, 0x00, 0x01, 0x00, 0x01, 0x00, 0xff, 0x00,
  0xff, 0x00, 0xff, 0x00, 0x01, 0x00, 0x01, 0x00, 0x01, 0x00, 0xff, 0x00,
  0xff, 0x00, 0xff, 0x00, 0xff, 0x00, 0xff, 0x00, 0x01, 0x00, 0x01, 0x00,
  0x01, 0x00, 0xff, 0x00, 0xff, 0x00, 0xff, 0x00, 0x01, 0x00, 0x01, 0x00,
  0x01, 0x00, 0x01, 0x00, 0x01, 0x00, 0xff, 0x00, 0xff, 0x00, 0xff, 0x00,
  0xff, 0x00, 0x00, 0x00, 0x00, 0x02, 0x00, 0x00, 0x00, 0x00, 0x05, 0x00,
  0x05, 0x00, 0x00, 0x19, 0x00, 0x1d, 0x00, 0x00, 0x31, 0x29, 0x04, 0x19,
  0x02, 0x29, 0x02, 0x11, 0x29, 0x02, 0x11, 0x29, 0x03, 0x11, 0x21, 0x19,
  0x02, 0x21, 0x11, 0x21, 0x11, 0x01, 0x00, 0x01, 0x00, 0x01, 0x00, 0x01,
  0x00, 0x01, 0x00, 0xff, 0x00, 0xff, 0x00, 0xff, 0x00, 0x01, 0x00, 0x01,
  0x00, 0x01, 0x00, 0xff, 0x00, 0xff, 0x00, 0xff, 0x00, 0xff, 0x00, 0xff,
  0x00, 0x02, 0x00, 0x01, 0x00, 0x01, 0x00, 0x01, 0x00, 0x01, 0x00, 0x01,
  0x00, 0x01, 0x00, 0xff, 0x00, 0xff, 0x00, 0xff, 0x00, 0xff, 0x00, 0x01,
  0x00, 0xff, 0x00, 0x00, 0x00, 0x01, 0x00, 0x00, 0x00, 0x00, 0x05, 0x00,
  0x05, 0x00, 0x00, 0x19, 0x00, 0x00, 0x31, 0x29, 0x01, 0x11, 0x21, 0x11,
  0x21, 0x11, 0x21, 0x19, 0x01, 0x29, 0x04, 0x11, 0x29, 0x02, 0x11, 0x21,
  0x11, 0x21, 0x11, 0x21, 0x01, 0x00, 0x01, 0x00, 0x01, 0x00, 0x01, 0x00,
  0x01, 0x00, 0xff, 0x00, 0xff, 0x00, 0xff, 0x00, 0xff, 0x00, 0xff, 0x00,
  0x01, 0x00, 0x01, 0x00, 0x01, 0x00, 0xff, 0x00, 0xff, 0x00, 0xff, 0x00,
  0x01, 0x00, 0x01, 0x00, 0x01, 0x00, 0x01, 0x00, 0x01, 0x00, 0xff, 0x00,
  0xff, 0x00, 0xff, 0x00, 0xff, 0x00, 0x00, 0x00, 0x00, 0x03, 0x00, 0x00,
  0x00, 0x00, 0x05, 0x00, 0x05, 0x00, 0x00, 0x17, 0x00, 0x1b, 0x00, 0x1f,
  0x00, 0x00, 0x31, 0x29, 0x04, 0x19, 0x01, 0x21, 0x11, 0x21, 0x19, 0x01,
  0x29, 0x04, 0x19, 0x01, 0x21, 0x11, 0x21, 0x11, 0x21, 0x11, 0x21, 0x11,
  0x01, 0x11, 0x21, 0x11, 0x01, 0x00, 0x01, 0x00, 0x01, 0x00, 0x01, 0x00,
  0x01, 0x00, 0xff, 0x00, 0x01, 0x00, 0xff, 0x00, 0xff, 0x00, 0xff, 0x00,
  0xff, 0x00, 0xff, 0x00, 0x01, 0x00, 0xff, 0x00, 0x02, 0x00, 0x01, 0x00,
  0xff, 0x00, 0x01, 0x00, 0x01, 0x00, 0x01, 0x00, 0x01, 0x00, 0x01, 0x00,
  0x01, 0x00, 0xff, 0x00, 0xff, 0x00, 0xff, 0x00, 0xff, 0x00, 0x01, 0x00,
  0xff, 0x00, 0x02, 0x00, 0x01, 0x00, 0xff, 0x00, 0x00, 0x02, 0x00, 0x00,
  0x00, 0x00, 0x05, 0x00, 0x05, 0x00, 0x00, 0x19, 0x00, 0x1d, 0x00, 0x00,
  0x31, 0x29, 0x03, 0x11, 0x21, 0x19, 0x03, 0x29, 0x04, 0x19, 0x02, 0x29,
  0x02, 0x11, 0x29, 0x02, 0x01, 0x11, 0x21, 0x11, 0x01, 0x00, 0x01, 0x00,
  0x01, 0x00, 0x01, 0x00, 0x01, 0x00, 0xff, 0x00, 0xff, 0x00, 0xff, 0x00,
  0xff, 0x00, 0xff, 0x00, 0x01, 0x00, 0x01, 0x00, 0x01, 0x00, 0xff, 0x00,
  0xff, 0x00, 0xff, 0x00, 0x02, 0x00, 0x01, 0x00, 0x01, 0x00, 0x01, 0x00,
  0x01, 0x00, 0x01, 0x00, 0x01, 0x00, 0xff, 0x00, 0xff, 0x00, 0xff, 0x00,
  0xff, 0x00, 0x02, 0x00, 0x01, 0x00, 0xff, 0x00, 0x00, 0x02, 0x00, 0x00,
  0x00, 0x00, 0x02, 0x00, 0x05, 0x00, 0x00, 0x07, 0x00, 0x0f, 0x00, 0x00,
  0x31, 0x29, 0x01, 0x19, 0x01, 0x29, 0x01, 0x19, 0x01, 0x29, 0x01, 0x19,
  0x01, 0x29, 0x01, 0x11, 0x01, 0x00, 0x01, 0x00, 0xff, 0x00, 0xff, 0x00,
  0x01, 0x00, 0x01, 0x00, 0xff, 0x00, 0xff, 0x00, 0x01, 0x00, 0x01, 0x00,
  0xff, 0x00, 0x02, 0x00, 0x01, 0x00, 0x01, 0x00, 0xff, 0x00, 0x00, 0x00,
  0x00, 0x02, 0x00, 0x00, 0xff, 0x00, 0x02, 0x00, 0x05, 0x00, 0x00, 0x09,
  0x00, 0x11, 0x00, 0x00, 0x11, 0x21, 0x11, 0x21, 0x19, 0x01, 0x21, 0x11,
  0x21, 0x19, 0x01, 0x29, 0x01, 0x19, 0x01, 0x29, 0x01, 0x11, 0x01, 0x00,
  0x01, 0x00, 0xff, 0x00, 0xff, 0x00, 0x01, 0x00, 0x01, 0x00, 0xff, 0x00,
  0xff, 0x00, 0xff, 0x00, 0x01, 0x00, 0x01, 0x00, 0x01, 0x00, 0xff, 0x00,
  0xff, 0x00, 0x03, 0x00, 0x01, 0x00, 0x01, 0x00, 0xff, 0x00, 0x00, 0x00,
  0x00, 0x05, 0x00, 0x00, 0x00, 0x00, 0x03, 0x00, 0x05, 0x00, 0x00, 0x03,
  0x00, 0x07, 0x00, 0x0b, 0x00, 0x0f, 0x00, 0x13, 0x00, 0x00, 0x11, 0x21,
  0x11, 0x21, 0x01, 0x21, 0x11, 0x21, 0x11, 0x21, 0x11, 0x21, 0x01, 0x21,
  0x11, 0x21, 0x11, 0x21, 0x11, 0x21, 0x01, 0x00, 0xff, 0x00, 0x01, 0x00,
  0x01, 0x00, 0xff, 0x00, 0x01, 0x00, 0xff, 0x00, 0x01, 0x00, 0x01, 0x00,
  0xff, 0x00, 0x01, 0x00, 0xff, 0x00, 0x02, 0x00, 0x01, 0x00, 0xfe, 0x00,
  0x01, 0x00, 0x01, 0x00, 0x01, 0x00, 0xfc, 0x00, 0x01, 0x00, 0x03, 0x00,
  0x01, 0x00, 0x00, 0x00, 0x00, 0x02, 0x00, 0x00, 0x01, 0x00, 0x03, 0x00,
  0x04, 0x00, 0x00, 0x07, 0x00, 0x0f, 0x00, 0x00, 0x11, 0x29, 0x02, 0x11,
  0x29, 0x02, 0x11, 0x29, 0x02, 0x11, 0x29, 0x02, 0x01, 0x00, 0x01, 0x00,
  0x01, 0x00, 0xff, 0x00, 0xff, 0x00, 0xff, 0x00, 0x01, 0x00, 0x01, 0x00,
  0x01, 0x00, 0xff, 0x00, 0xff, 0x00, 0xff, 0x00, 0x01, 0x00, 0x01, 0x00,
  0x01, 0x00, 0x01, 0x00, 0x00, 0x05, 0x00, 0x00, 0x00, 0x00, 0x03, 0x00,
  0x05, 0x00, 0x00, 0x03, 0x00, 0x07, 0x00, 0x0b, 0x00, 0x0f, 0x00, 0x13,
  0x00, 0x00, 0x31, 0x21, 0x11, 0x21, 0x11, 0x21, 0x11, 0x21, 0x01, 0x21,
  0x11, 0x21, 0x11, 0x21, 0x11, 0x21, 0x01, 0x21, 0x11, 0x21, 0x01, 0x00,
  0xff, 0x00, 0x01, 0x00, 0xff, 0x00, 0x01, 0x00, 0x01, 0x00, 0xff, 0x00,
  0x01, 0x00, 0xff, 0x00, 0x01, 0x00, 0x01, 0x00, 0xff, 0x00, 0x01, 0x00,
  0x03, 0x00, 0x01, 0x00, 0xfc, 0x00, 0x01, 0x00, 0x01, 0x00, 0x01, 0x00,
  0xfe, 0x00, 0x01, 0x00, 0x00, 0x02, 0x00, 0x00, 0x00, 0x00, 0x05, 0x00,
  0x05, 0x00, 0x00, 0x13, 0x00, 0x17, 0x00, 0x00, 0x11, 0x29, 0x01, 0x11,
  0x21, 0x11, 0x21, 0x11, 0x29, 0x01, 0x11, 0x21, 0x11, 0x21, 0x11, 0x29,
  0x02, 0x11, 0x21, 0x01, 0x21, 0x11, 0x21, 0x01, 0x00, 0x01, 0x00, 0x01,
  0x00, 0xff, 0x00, 0x01, 0x00, 0x01, 0x00, 0x01, 0x00, 0xff, 0x00, 0xff,
  0x00, 0xff, 0x00, 0xff, 0x00, 0xff, 0x00, 0x02, 0x00, 0x01, 0x00, 0xff,
  0x00, 0x03, 0x00, 0x01, 0x00, 0xff, 0x00, 0xff, 0x00, 0x01, 0x00, 0x01,
  0x00, 0x01, 0x00, 0xff, 0x00, 0xfc, 0x00, 0x01, 0x00, 0x00, 0x00, 0x00,
  0x00, 0x04, 0x00, 0x00, 0xff, 0x00, 0x05, 0x00, 0x05, 0x00, 0x00, 0x09,
  0x00, 0x11, 0x00, 0x19, 0x00, 0x25, 0x00, 0x00, 0x31, 0x21, 0x19, 0x03,
  0x21, 0x19, 0x02, 0x01, 0x29, 0x02, 0x11, 0x29, 0x02, 0x11, 0x29, 0x02,
  0x11, 0x29, 0x02, 0x01, 0x29, 0x02, 0x19, 0x02, 0x21, 0x11, 0x29, 0x01,
  0x11, 0x01, 0x00, 0xff, 0x00, 0x01, 0x00, 0x01, 0x00, 0x01, 0x00, 0x01,
  0x00, 0xff, 0x00, 0xff, 0x00, 0xff, 0x00, 0x01, 0x00, 0x01, 0x00, 0x01,
  0x00, 0xff, 0x00, 0xff, 0x00, 0xff, 0x00, 0x01, 0x00, 0x01, 0x00, 0x01,
  0x00, 0x01, 0x00, 0xff, 0x00, 0xff, 0x00, 0xff, 0x00, 0x01, 0x00, 0x01,
  0x00, 0x01, 0x00, 0x01, 0x00, 0xff, 0x00, 0xff, 0x00, 0xff, 0x00, 0xfe,
  0x00, 0x01, 0x00, 0x04, 0x00, 0x01, 0x00, 0xfc, 0x00, 0x01, 0x00, 0x01,
  0x00, 0x01, 0x00, 0xff, 0x00, 0xff, 0x00, 0x00, 0x00, 0x02, 0x00, 0x00,
  0x00, 0x00, 0x05, 0x00, 0x05, 0x00, 0x00, 0x15, 0x00, 0x1b, 0x00, 0x00,
  0x31, 0x29, 0x01, 0x11, 0x21, 0x11, 0x29, 0x01, 0x19, 0x03, 0x21, 0x11,
  0x29, 0x02, 0x11, 0x21, 0x19, 0x02, 0x01, 0x19, 0x01, 0x21, 0x19, 0x01,
  0x01, 0x00, 0x01, 0x00, 0x01, 0x00, 0x01, 0x00, 0x01, 0x00, 0xff, 0x00,
  0xff, 0x00, 0xff, 0x00, 0xff, 0x00, 0xff, 0x00, 0x02, 0x00, 0x01, 0x00,
  0x01, 0x00, 0xff, 0x00, 0x01, 0x00, 0x01, 0x00, 0x01, 0x00, 0x01, 0x00,
  0x01, 0x00, 0xff, 0x00, 0xff, 0x00, 0xff, 0x00, 0xff, 0x00, 0x01, 0x00,
  0x01, 0x00, 0x01, 0x00, 0xff, 0x00, 0xff, 0x00, 0x00, 0x03, 0x00, 0x00,
  0x00, 0x00, 0x05, 0x00, 0x05, 0x00, 0x00, 0x15, 0x00, 0x19, 0x00, 0x1d,
  0x00, 0x00, 0x31, 0x29, 0x03, 0x11, 0x21, 0x11, 0x21, 0x11, 0x21, 0x11,
  0x21, 0x11, 0x29, 0x03, 0x19, 0x03, 0x21, 0x11, 0x21, 0x11, 0x01, 0x11,
  0x21, 0x11, 0x01, 0x00, 0x01, 0x00, 0x01, 0x00, 0x01, 0x00, 0x01, 0x00,
  0xff, 0x00, 0x01, 0x00, 0xff, 0x00, 0xff, 0x00, 0xff, 0x00, 0xff, 0x00,
  0xff, 0x00, 0x02, 0x00, 0x01, 0x00, 0xff, 0x00, 0x01, 0x00, 0x01, 0x00,
  0x01, 0x00, 0x01, 0x00, 0x01, 0x00, 0x01, 0x00, 0xff, 0x00, 0xff, 0x00,
  0xff, 0x00, 0xff, 0x00, 0x01, 0x00, 0xff, 0x00, 0x02, 0x00, 0x01, 0x00,
  0xff, 0x00, 0x00, 0x00, 0x00, 0x01, 0x00, 0x00, 0x00, 0x00, 0x05, 0x00,
  0x05, 0x00, 0x00, 0x1d, 0x00, 0x00, 0x11, 0x21, 0x11, 0x29, 0x02, 0x11,
  0x21, 0x11, 0x29, 0x01, 0x11, 0x21, 0x19, 0x02, 0x21, 0x11, 0x29, 0x01,
  0x11, 0x21, 0x11, 0x29, 0x02, 0x11, 0x21, 0x19, 0x01, 0x01, 0x00, 0x01,
  0x00, 0x01, 0x00, 0x01, 0x00, 0x01, 0x00, 0xff, 0x00, 0xff, 0x00, 0xff,
  0x00, 0x01, 0x00, 0x01, 0x00, 0x01, 0x00, 0xff, 0x00, 0xff, 0x00, 0xff,
  0x00, 0xff, 0x00, 0xff, 0x00, 0x01, 0x00, 0xff, 0x00, 0x01, 0x00, 0x01,
  0x00, 0xff, 0x00, 0x01, 0x00, 0x01, 0x00, 0x01, 0x00, 0xff, 0x00, 0x01,
  0x00, 0x01, 0x00, 0xff, 0x00, 0xff, 0x00, 0xff, 0x00, 0x00, 0x00, 0x00,
  0x00, 0x02, 0x00, 0x00, 0x00, 0x00, 0x05, 0x00, 0x05, 0x00, 0x00, 0x13,
  0x00, 0x1b, 0x00, 0x00, 0x31, 0x29, 0x03, 0x11, 0x21, 0x19, 0x02, 0x21,
  0x11, 0x29, 0x03, 0x19, 0x03, 0x21, 0x19, 0x02, 0x21, 0x19, 0x02, 0x01,
  0x00, 0x01, 0x00, 0x01, 0x00, 0x01, 0x00, 0x01, 0x00, 0xff, 0x00, 0xff,
  0x00, 0xff, 0x00, 0xff, 0x00, 0xff, 0x00, 0x02, 0x00, 0x01, 0x00, 0x01,
  0x00, 0x01, 0x00, 0x01, 0x00, 0x01, 0x00, 0x01, 0x00, 0xff, 0x00, 0xff,
  0x00, 0xff, 0x00, 0xff, 0x00, 0x01, 0x00, 0x01, 0x00, 0x01, 0x00, 0xff,
  0x00, 0xff, 0x00, 0xff, 0x00, 0x00, 0x00, 0x00, 0x00, 0x01, 0x00, 0x00,
  0x00, 0x00, 0x05, 0x00, 0x05, 0x00, 0x00, 0x1d, 0x00, 0x00, 0x31, 0x29,
  0x04, 0x11, 0x29, 0x02, 0x11, 0x29, 0x01, 0x11, 0x29, 0x01, 0x11, 0x29,
  0x02, 0x11, 0x29, 0x04, 0x19, 0x03, 0x01, 0x00, 0x01, 0x00, 0x01, 0x00,
  0x01, 0x00, 0x01, 0x00, 0xff, 0x00, 0xff, 0x00, 0xff, 0x00, 0x01, 0x00,
  0x01, 0x00, 0xff, 0x00, 0xff, 0x00, 0x01, 0x00, 0x01, 0x00, 0x01, 0x00,
  0xff, 0x00, 0xff, 0x00, 0xff, 0x00, 0xff, 0x00, 0xff, 0x00, 0x01, 0x00,
  0x01, 0x00, 0x01, 0x00, 0x01, 0x00, 0x01, 0x00, 0xff, 0x00, 0xff, 0x00,
  0xff, 0x00, 0xff, 0x00, 0x00, 0x01, 0x00, 0x00, 0x00, 0x00, 0x05, 0x00,
  0x05, 0x00, 0x00, 0x17, 0x00, 0x00, 0x31, 0x29, 0x01, 0x19, 0x01, 0x29,
  0x01, 0x11, 0x29, 0x01, 0x11, 0x29, 0x02, 0x11, 0x29, 0x04, 0x19, 0x03,
  0x01, 0x00, 0x01, 0x00, 0x01, 0x00, 0x01, 0x00, 0xff, 0x00, 0xff, 0x00,
  0x01, 0x00, 0x01, 0x00, 0x01, 0x00, 0xff, 0x00, 0xff, 0x00, 0xff, 0x00,
  0xff, 0x00, 0xff, 0x00, 0x01, 0x00, 0x01, 0x00, 0x01, 0x00, 0x01, 0x00,
  0x01, 0x00, 0xff, 0x00, 0xff, 0x00, 0xff, 0x00, 0xff, 0x00, 0x00, 0x00,
  0x00, 0x01, 0x00, 0x00, 0x00, 0x00, 0x05, 0x00, 0x05, 0x00, 0x00, 0x1d,
  0x00, 0x00, 0x11, 0x21, 0x11, 0x29, 0x03, 0x19, 0x02, 0x29, 0x01, 0x19,
  0x01, 0x21, 0x19, 0x02, 0x29, 0x02, 0x11, 0x29, 0x03, 0x11, 0x21, 0x19,
  0x01, 0x01, 0x00, 0x01, 0x00, 0x01, 0x00, 0x01, 0x00, 0x01, 0x00, 0xff,
  0x00, 0xff, 0x00, 0xff, 0x00, 0x01, 0x00, 0x01, 0x00, 0x01, 0x00, 0xff,
  0x00, 0xff, 0x00, 0xff, 0x00, 0xff, 0x00, 0xff, 0x00, 0x01, 0x00, 0xff,
  0x00, 0x01, 0x00, 0x01, 0x00, 0x01, 0x00, 0xff, 0x00, 0xff, 0x00, 0x01,
  0x00, 0x01, 0x00, 0x01, 0x00, 0x01, 0x00, 0xff, 0x00, 0xff, 0x00, 0xff,
  0x00, 0x00, 0x00, 0x00, 0x00, 0x01, 0x00, 0x00, 0x00, 0x00, 0x05, 0x00,
  0x05, 0x00, 0x00, 0x1b, 0x00, 0x00, 0x31, 0x29, 0x01, 0x19, 0x01, 0x21,
  0x19, 0x01, 0x29, 0x01, 0x19, 0x04, 0x29, 0x01, 0x19, 0x01, 0x21, 0x19,
  0x01, 0x29, 0x01, 0x19, 0x03, 0x01, 0x00, 0x01, 0x00, 0x01, 0x00, 0x01,
  0x00, 0x01, 0x00, 0xff, 0x00, 0xff, 0x00, 0xff, 0x00, 0xff, 0x00, 0xff,
  0x00, 0x01, 0x00, 0x01, 0x00, 0xff, 0x00, 0xff, 0x00, 0x01, 0x00, 0x01,
  0x00, 0x01, 0x00, 0x01, 0x00, 0x01, 0x00, 0xff, 0x00, 0xff, 0x00, 0x01,
  0x00, 0x01, 0x00, 0xff, 0x00, 0xff, 0x00, 0xff, 0x00, 0xff, 0x00, 0x00,
  0x00, 0x01, 0x00, 0x00, 0x00, 0x00, 0x02, 0x00, 0x05, 0x00, 0x00, 0x0d,
  0x00, 0x00, 0x31, 0x29, 0x01, 0x19, 0x04, 0x29, 0x01, 0x19, 0x03, 0x01,
  0x00, 0x01, 0x00, 0xff, 0x00, 0xff, 0x00, 0x01, 0x00, 0x01, 0x00, 0x01,
  0x00, 0x01, 0x00, 0x01, 0x00, 0xff, 0x00, 0xff, 0x00, 0xff, 0x00, 0xff,
  0x00, 0x00, 0x00, 0x00, 0x00, 0x01, 0x00, 0x00, 0x00, 0x00, 0x05, 0x00,
  0x05, 0x00, 0x00, 0x17, 0x00, 0x00, 0x11, 0x21, 0x11, 0x29, 0x02, 0x11,
  0x21, 0x19, 0x03, 0x29, 0x01, 0x19, 0x03, 0x21, 0x19, 0x01, 0x29, 0x01,
  0x11, 0x01, 0x00, 0x01, 0x00, 0x01, 0x00, 0x01, 0x00, 0x01, 0x00, 0xff,
  0x00, 0xff, 0x00, 0xff, 0x00, 0xff, 0x00, 0xff, 0x00, 0x01, 0x00, 0xff,
  0x00, 0x01, 0x00, 0x01, 0x00, 0x01, 0x00, 0x01, 0x00, 0x01, 0x00, 0xff,
  0x00, 0xff, 0x00, 0xff, 0x00, 0xff, 0x00, 0x01, 0x00, 0x01, 0x00, 0xff,
  0x00, 0x00, 0x00, 0x00, 0x00, 0x01, 0x00, 0x00, 0x00, 0x00, 0x05, 0x00,
  0x05, 0x00, 0x00, 0x1d, 0x00, 0x00, 0x31, 0x29, 0x01, 0x19, 0x01, 0x21,
  0x19, 0x01, 0x29, 0x01, 0x19, 0x01, 0x21, 0x11, 0x21, 0x19, 0x01, 0x29,
  0x01, 0x19, 0x01, 0x21, 0x19, 0x01, 0x29, 0x01, 0x19, 0x03, 0x01, 0x00,
  0x01, 0x00, 0x01, 0x00, 0x01, 0x00, 0x01, 0x00, 0xff, 0x00, 0x01, 0x00,
  0xff, 0x00, 0xff, 0x00, 0xff, 0x00, 0xff, 0x00, 0xff, 0x00, 0x01, 0x00,
  0x01, 0x00, 0xff, 0x00, 0xff, 0x00, 0x01, 0x00, 0x01, 0x00, 0x01, 0x00,
  0x01, 0x00, 0x01, 0x00, 0xff, 0x00, 0xff, 0x00, 0x01, 0x00, 0x01, 0x00,
  0xff, 0x00, 0xff, 0x00, 0xff, 0x00, 0xff, 0x00, 0x00, 0x01, 0x00, 0x00,
  0x00, 0x00, 0x05, 0x00, 0x05, 0x00, 0x00, 0x15, 0x00, 0x00, 0x31, 0x29,
  0x04, 0x19, 0x01, 0x29, 0x01, 0x11, 0x21, 0x19, 0x03, 0x29, 0x01, 0x19,
  0x03, 0x01, 0x00, 0x01, 0x00, 0x01, 0x00, 0x01, 0x00, 0x01, 0x00, 0xff,
  0x00, 0xff, 0x00, 0xff, 0x00, 0xff, 0x00, 0xff, 0x00, 0x01, 0x00, 0x01,
  0x00, 0xff, 0x00, 0x01, 0x00, 0x01, 0x00, 0x01, 0x00, 0x01, 0x00, 0xff,
  0x00, 0xff, 0x00, 0xff, 0x00, 0xff, 0x00, 0x00, 0x00, 0x01, 0x00, 0x00,
  0x00, 0x00, 0x07, 0x00, 0x05, 0x00, 0x00, 0x21, 0x00, 0x00, 0x31, 0x29,
  0x01, 0x19, 0x01, 0x21, 0x11, 0x21, 0x11, 0x21, 0x19, 0x01, 0x29, 0x01,
  0x19, 0x04, 0x29, 0x01, 0x11, 0x21, 0x11, 0x21, 0x11, 0x21, 0x11, 0x29,
  0x01, 0x19, 0x03, 0x01, 0x00, 0x01, 0x00, 0x01, 0x00, 0x01, 0x00, 0x01,
  0x00, 0x01, 0x00, 0x01, 0x00, 0xff, 0x00, 0xff, 0x00, 0xff, 0x00, 0xff,
  0x00, 0xff, 0x00, 0xff, 0x00, 0xff, 0x00, 0x01, 0x00, 0x01, 0x00, 0xff,
  0x00, 0x01, 0x00, 0xff, 0x00, 0xff, 0x00, 0x01, 0x00, 0x01, 0x00, 0x01,
  0x00, 0x01, 0x00, 0x01, 0x00, 0xff, 0x00, 0xff, 0x00, 0x01, 0x00, 0x01,
  0x00, 0xff, 0x00, 0xff, 0x00, 0xff, 0x00, 0xff, 0x00, 0x00, 0x00, 0x00,
  0x00, 0x01, 0x00, 0x00, 0x00, 0x00, 0x06, 0x00, 0x05, 0x00, 0x00, 0x1d,
  0x00, 0x00, 0x31, 0x29, 0x01, 0x19, 0x01, 0x21, 0x11, 0x21, 0x11, 0x29,
  0x01, 0x19, 0x04, 0x29, 0x01, 0x19, 0x01, 0x21, 0x11, 0x21, 0x11, 0x29,
  0x01, 0x19, 0x03, 0x01, 0x00, 0x01, 0x00, 0x01, 0x00, 0x01, 0x00, 0x01,
  0x00, 0x01, 0x00, 0xff, 0x00, 0xff, 0x00, 0xff, 0x00, 0xff, 0x00, 0xff,
  0x00, 0xff, 0x00, 0x01, 0x00, 0x01, 0x00, 0xff, 0x00, 0xff, 0x00, 0x01,
  0x00, 0x01, 0x00, 0x01, 0x00, 0x01, 0x00, 0x01, 0x00, 0xff, 0x00, 0xff,
  0x00, 0x01, 0x00, 0x01, 0x00, 0xff, 0x00, 0xff, 0x00, 0xff, 0x00, 0xff,
  0x00, 0x00, 0x00, 0x00, 0x00, 0x02, 0x00, 0x00, 0x00, 0x00, 0x05, 0x00,
  0x05, 0x00, 0x00, 0x13, 0x00, 0x1b, 0x00, 0x00, 0x11, 0x21, 0x11, 0x29,
  0x02, 0x11, 0x21, 0x19, 0x02, 0x21, 0x11, 0x29, 0x02, 0x11, 0x21, 0x19,
  0x01, 0x01, 0x19, 0x02, 0x21, 0x19, 0x02, 0x01, 0x00, 0x01, 0x00, 0x01,
  0x00, 0x01, 0x00, 0x01, 0x00, 0xff, 0x00, 0xff, 0x00, 0xff, 0x00, 0xff,
  0x00, 0xff, 0x00, 0x02, 0x00, 0x01, 0x00, 0x01, 0x00, 0xff, 0x00, 0x01,
  0x00, 0x01, 0x00, 0x01, 0x00, 0x01, 0x00, 0x01, 0x00, 0xff, 0x00, 0xff,
  0x00, 0xff, 0x00, 0xff, 0x00, 0x01, 0x00, 0x01, 0x00, 0x01, 0x00, 0xff,
  0x00, 0xff, 0x00, 0xff, 0x00, 0x00, 0x00, 0x00, 0x00, 0x02, 0x00, 0x00,
  0x00, 0x00, 0x05, 0x00, 0x05, 0x00, 0x00, 0x13, 0x00, 0x19, 0x00, 0x00,
  0x31, 0x29, 0x01, 0x11, 0x29, 0x01, 0x11, 0x21, 0x19, 0x01, 0x21, 0x11,
  0x29, 0x03, 0x19, 0x03, 0x01, 0x19, 0x01, 0x21, 0x19, 0x01, 0x01, 0x00,
  0x01, 0x00, 0x01, 0x00, 0x01, 0x00, 0x01, 0x00, 0xff, 0x00, 0xff, 0x00,
  0xff, 0x00, 0xff, 0x00, 0xff, 0x00, 0x02, 0x00, 0x01, 0x00, 0x01, 0x00,
  0x01, 0x00, 0x01, 0x00, 0x01, 0x00, 0x01, 0x00, 0xff, 0x00, 0xff, 0x00,
  0xff, 0x00, 0xff, 0x00, 0x01, 0x00, 0x01, 0x00, 0x01, 0x00, 0xff, 0x00,
  0xff, 0x00, 0x00, 0x00, 0x00, 0x02, 0x00, 0x00, 0xff, 0x00, 0x05, 0x00,
  0x05, 0x00, 0x00, 0x17, 0x00, 0x1f, 0x00, 0x00, 0x11, 0x21, 0x11, 0x21,
  0x11, 0x29, 0x02, 0x11, 0x21, 0x11, 0x21, 0x19, 0x02, 0x21, 0x11, 0x29,
  0x02, 0x11, 0x21, 0x19, 0x01, 0x01, 0x19, 0x02, 0x21, 0x19, 0x02, 0x01,
  0x00, 0x01, 0x00, 0x01, 0x00, 0x01, 0x00, 0x01, 0x00, 0xff, 0x00, 0x01,
  0x00, 0xff, 0x00, 0xff, 0x00, 0xff, 0x00, 0xff, 0x00, 0xff, 0x00, 0x02,
  0x00, 0x01, 0x00, 0x01, 0x00, 0xff, 0x00, 0xff, 0x00, 0x01, 0x00, 0x01,
  0x00, 0x01, 0x00, 0x01, 0x00, 0x01, 0x00, 0x01, 0x00, 0xff, 0x00, 0xff,
  0x00, 0xff, 0x00, 0xff, 0x00, 0x01, 0x00, 0x01, 0x00, 0x01, 0x00, 0xff,
  0x00, 0xff, 0x00, 0xff, 0x00, 0x00, 0x00, 0x00, 0x00, 0x02, 0x00, 0x00,
  0x00, 0x00, 0x05, 0x00, 0x05, 0x00, 0x00, 0x17, 0x00, 0x1d, 0x00, 0x00,
  0x31, 0x29, 0x01, 0x11, 0x21, 0x11, 0x29, 0x01, 0x11, 0x21, 0x11, 0x21,
  0x19, 0x01, 0x21, 0x11, 0x29, 0x03, 0x19, 0x03, 0x01, 0x19, 0x01, 0x21,
  0x19, 0x01, 0x01, 0x00, 0x01, 0x00, 0x01, 0x00, 0x01, 0x00, 0x01, 0x00,
  0xff, 0x00, 0x01, 0x00, 0xff, 0x00, 0xff, 0x00, 0xff, 0x00, 0xff, 0x00,
  0xff, 0x00, 0x02, 0x00, 0x01, 0x00, 0x01, 0x00, 0xff, 0x00, 0x01, 0x00,
  0x01, 0x00, 0x01, 0x00, 0x01, 0x00, 0x01, 0x00, 0xff, 0x00, 0xff, 0x00,
  0xff, 0x00, 0xff, 0x00, 0x01, 0x00, 0x01, 0x00, 0x01, 0x00, 0xff, 0x00,
  0xff, 0x00, 0x00, 0x00, 0x00, 0x01, 0x00, 0x00, 0x00, 0x00, 0x05, 0x00,
  0x05, 0x00, 0x00, 0x1f, 0x00, 0x00, 0x31, 0x29, 0x03, 0x11, 0x21, 0x19,
  0x01, 0x29, 0x02, 0x11, 0x29, 0x02, 0x11, 0x29, 0x03, 0x11, 0x21, 0x19,
  0x01, 0x29, 0x02, 0x11, 0x29, 0x02, 0x01, 0x00, 0x01, 0x00, 0x01, 0x00,
  0x01, 0x00, 0x01, 0x00, 0xff, 0x00, 0xff, 0x00, 0xff, 0x00, 0x01, 0x00,
  0x01, 0x00, 0x01, 0x00, 0xff, 0x00, 0xff, 0x00, 0xff, 0x00, 0xff, 0x00,
  0xff, 0x00, 0x01, 0x00, 0x01, 0x00, 0x01, 0x00, 0xff, 0x00, 0xff, 0x00,
  0xff, 0x00, 0x01, 0x00, 0x01, 0x00, 0x01, 0x00, 0x01, 0x00, 0x01, 0x00,
  0xff, 0x00, 0xff, 0x00, 0xff, 0x00, 0xff, 0x00, 0x00, 0x01, 0x00, 0x00,
  0x00, 0x00, 0x04, 0x00, 0x05, 0x00, 0x00, 0x11, 0x00, 0x00, 0x11, 0x21,
  0x19, 0x03, 0x29, 0x01, 0x19, 0x03, 0x21, 0x11, 0x29, 0x03, 0x01, 0x00,
  0x01, 0x00, 0x01, 0x00, 0x01, 0x00, 0xff, 0x00, 0xff, 0x00, 0xff, 0x00,
  0xff, 0x00, 0x04, 0x00, 0xff, 0x00, 0xff, 0x00, 0xff, 0x00, 0xff, 0x00,
  0x01, 0x00, 0x01, 0x00, 0x01, 0x00, 0x01, 0x00, 0x01, 0x00, 0x00, 0x00,
  0x00, 0x01, 0x00, 0x00, 0x00, 0x00, 0x05, 0x00, 0x05, 0x00, 0x00, 0x1b,
  0x00, 0x00, 0x11, 0x21, 0x11, 0x29, 0x02, 0x11, 0x21, 0x19, 0x03, 0x29,
  0x01, 0x19, 0x03, 0x21, 0x19, 0x03, 0x29, 0x01, 0x19, 0x02, 0x01, 0x00,
  0x01, 0x00, 0x01, 0x00, 0x01, 0x00, 0x01, 0x00, 0xff, 0x00, 0xff, 0x00,
  0xff, 0x00, 0xff, 0x00, 0xff, 0x00, 0x01, 0x00, 0xff, 0x00, 0x01, 0x00,
  0x01, 0x00, 0x01, 0x00, 0x01, 0x00, 0x01, 0x00, 0xff, 0x00, 0xff, 0x00,
  0xff, 0x00, 0xff, 0x00, 0x01, 0x00, 0x01, 0x00, 0x01, 0x00, 0x01, 0x00,
  0xff, 0x00, 0xff, 0x00, 0xff, 0x00, 0x00, 0x00, 0x00, 0x01, 0x00, 0x00,
  0x00, 0x00, 0x06, 0x00, 0x05, 0x00, 0x00, 0x1b, 0x00, 0x00, 0x11, 0x21,
  0x11, 0x21, 0x11, 0x29, 0x01, 0x11, 0x21, 0x11, 0x21, 0x19, 0x02, 0x29,
  0x01, 0x19, 0x02, 0x29, 0x01, 0x19, 0x02, 0x29, 0x01, 0x19, 0x01, 0x01,
  0x00, 0x01, 0x00, 0x01, 0x00, 0x01, 0x00, 0x01, 0x00, 0x01, 0x00, 0xff,
  0x00, 0xff, 0x00, 0xff, 0x00, 0xff, 0x00, 0xff, 0x00, 0xff, 0x00, 0x02,
  0x00, 0xff, 0x00, 0xff, 0x00, 0x01, 0x00, 0x01, 0x00, 0x01, 0x00, 0x01,
  0x00, 0x01, 0x00, 0xff, 0x00, 0xff, 0x00, 0xff, 0x00, 0x01, 0x00, 0x01,
  0x00, 0x01, 0x00, 0xff, 0x00, 0xff, 0x00, 0x00, 0x00, 0x01, 0x00, 0x00,
  0x00, 0x00, 0x07, 0x00, 0x05, 0x00, 0x00, 0x21, 0x00, 0x00, 0x31, 0x29,
  0x01, 0x11, 0x21, 0x11, 0x21, 0x11, 0x21, 0x11, 0x29, 0x01, 0x19, 0x04,
  0x29, 0x01, 0x19, 0x01, 0x21, 0x11, 0x21, 0x11, 0x21, 0x19, 0x01, 0x29,
  0x01, 0x19, 0x03, 0x01, 0x00, 0x01, 0x00, 0x01, 0x00, 0x01, 0x00, 0x01,
  0x00, 0x01, 0x00, 0x01, 0x00, 0xff, 0x00, 0xff, 0x00, 0xff, 0x00, 0xff,
  0x00, 0xff, 0x00, 0xff, 0x00, 0xff, 0x00, 0x01, 0x00, 0x01, 0x00, 0xff,
  0x00, 0xff, 0x00, 0x01, 0x00, 0x01, 0x00, 0x01, 0x00, 0x01, 0x00, 0x01,
  0x00, 0xff, 0x00, 0xff, 0x00, 0x01, 0x00, 0xff, 0x00, 0x01, 0x00, 0x01,
  0x00, 0xff, 0x00, 0xff, 0x00, 0xff, 0x00, 0xff, 0x00, 0x00, 0x00, 0x00,
  0x00, 0x01, 0x00, 0x00, 0x00, 0x00, 0x05, 0x00, 0x05, 0x00, 0x00, 0x1f,
  0x00, 0x00, 0x31, 0x29, 0x01, 0x19, 0x01, 0x21, 0x19, 0x01, 0x29, 0x01,
  0x19, 0x01, 0x21, 0x11, 0x21, 0x19, 0x01, 0x29, 0x01, 0x19, 0x01, 0x21,
  0x19, 0x01, 0x29, 0x01, 0x19, 0x01, 0x21, 0x11, 0x21, 0x11, 0x01, 0x00,
  0x01, 0x00, 0x01, 0x00, 0x01, 0x00, 0x01, 0x00, 0xff, 0x00, 0x01, 0x00,
  0xff, 0x00, 0xff, 0x00, 0xff, 0x00, 0xff, 0x00, 0xff, 0x00, 0x01, 0x00,
  0xff, 0x00, 0x01, 0x00, 0x01, 0x00, 0xff, 0x00, 0xff, 0x00, 0x01, 0x00,
  0x01, 0x00, 0x01, 0x00, 0x01, 0x00, 0x01, 0x00, 0xff, 0x00, 0xff, 0x00,
  0x01, 0x00, 0x01, 0x00, 0xff, 0x00, 0xff, 0x00, 0xff, 0x00, 0xff, 0x00,
  0x00, 0x01, 0x00, 0x00, 0x00, 0x00, 0x06, 0x00, 0x05, 0x00, 0x00, 0x19,
  0x00, 0x00, 0x11, 0x21, 0x11, 0x21, 0x19, 0x01, 0x29, 0x01, 0x19, 0x01,
  0x21, 0x11, 0x21, 0x19, 0x01, 0x29, 0x01, 0x19, 0x01, 0x29, 0x01, 0x19,
  0x01, 0x29, 0x01, 0x11, 0x01, 0x00, 0x01, 0x00, 0x01, 0x00, 0x01, 0x00,
  0x01, 0x00, 0x01, 0x00, 0xff, 0x00, 0xff, 0x00, 0xff, 0x00, 0xff, 0x00,
  0xff, 0x00, 0xff, 0x00, 0x03, 0x00, 0xff, 0x00, 0xff, 0x00, 0xff, 0x00,
  0x01, 0x00, 0x01, 0x00, 0x01, 0x00, 0x01, 0x00, 0x01, 0x00, 0xff, 0x00,
  0xff, 0x00, 0x01, 0x00, 0x01, 0x00, 0xff, 0x00, 0x00, 0x01, 0x00, 0x00,
  0x00, 0x00, 0x05, 0x00, 0x05, 0x00, 0x00, 0x1f, 0x00, 0x00, 0x31, 0x29,
  0x04, 0x11, 0x29, 0x02, 0x11, 0x29, 0x01, 0x11, 0x21, 0x19, 0x01, 0x29,
  0x04, 0x11, 0x29, 0x02, 0x11, 0x29, 0x01, 0x11, 0x21, 0x11, 0x01, 0x00,
  0x01, 0x00, 0x01, 0x00, 0x01, 0x00, 0x01, 0x00, 0xff, 0x00, 0xff, 0x00,
  0xff, 0x00, 0x01, 0x00, 0x01, 0x00, 0x01, 0x00, 0xff, 0x00, 0xff, 0x00,
  0xff, 0x00, 0xff, 0x00, 0xff, 0x00, 0x01, 0x00, 0x01, 0x00, 0x01, 0x00,
  0xff, 0x00, 0xff, 0x00, 0xff, 0x00, 0x01, 0x00, 0x01, 0x00, 0x01, 0x00,
  0x01, 0x00, 0x01, 0x00, 0xff, 0x00, 0xff, 0x00, 0xff, 0x00, 0xff, 0x00,
  0x00, 0x01, 0x00, 0x00, 0x00, 0x00, 0x03, 0x00, 0x05, 0x00, 0x00, 0x11,
  0x00, 0x00, 0x31, 0x29, 0x02, 0x11, 0x21, 0x19, 0x02, 0x21, 0x11, 0x29,
  0x02, 0x19, 0x03, 0x01, 0x00, 0x01, 0x00, 0x01, 0x00, 0xff, 0x00, 0x01,
  0x00, 0xff, 0x00, 0xff, 0x00, 0xff, 0x00, 0x01, 0x00, 0x01, 0x00, 0x01,
  0x00, 0x01, 0x00, 0x01, 0x00, 0xff, 0x00, 0xff, 0x00, 0xff, 0x00, 0xff,
  0x00, 0x00, 0x00, 0x00, 0x00, 0x01, 0x00, 0x00, 0x00, 0x00, 0x04, 0x00,
  0x05, 0x00, 0x00, 0x11, 0x00, 0x00, 0x11, 0x21, 0x11, 0x21, 0x19, 0x01,
  0x29, 0x01, 0x19, 0x01, 0x21, 0x11, 0x21, 0x19, 0x01, 0x29, 0x01, 0x11,
  0x01, 0x00, 0x01, 0x00, 0x01, 0x00, 0x01, 0x00, 0xff, 0x00, 0xff, 0x00,
  0xff, 0x00, 0xff, 0x00, 0x03, 0x00, 0xff, 0x00, 0xff, 0x00, 0xff, 0x00,
  0x01, 0x00, 0x01, 0x00, 0x01, 0x00, 0x01, 0x00, 0x01, 0x00, 0xff, 0x00,
  0x00, 0x01, 0x00, 0x00, 0x00, 0x00, 0x03, 0x00, 0x05, 0x00, 0x00, 0x11,
  0x00, 0x00, 0x31, 0x29, 0x02, 0x19, 0x04, 0x29, 0x02, 0x11, 0x21, 0x19,
  0x02, 0x21, 0x01, 0x00, 0x01, 0x00, 0x01, 0x00, 0xff, 0x00, 0xff, 0x00,
  0xff, 0x00, 0x01, 0x00, 0xff, 0x00, 0x01, 0x00, 0x01, 0x00, 0x01, 0x00,
  0x01, 0x00, 0x01, 0x00, 0xff, 0x00, 0xff, 0x00, 0xff, 0x00, 0xff, 0x00,
  0x00, 0x05, 0x00, 0x00, 0x02, 0x00, 0x05, 0x00, 0x05, 0x00, 0x00, 0x03,
  0x00, 0x07, 0x00, 0x0b, 0x00, 0x0f, 0x00, 0x13, 0x00, 0x00, 0x11, 0x21,
  0x11, 0x29, 0x02, 0x11, 0x29, 0x02, 0x11, 0x21, 0x01, 0x21, 0x11, 0x21,
  0x01, 0x21, 0x11, 0x21, 0x01, 0x00, 0xff, 0x00, 0x01, 0x00, 0x01, 0x00,
  0xff, 0x00, 0x01, 0x00, 0x01, 0x00, 0xff, 0x00, 0x01, 0x00, 0x01, 0x00,
  0xff, 0x00, 0x01, 0x00, 0x01, 0x00, 0xff, 0x00, 0x02, 0x00, 0x01, 0x00,
  0x01, 0x00, 0x01, 0x00, 0xfe, 0x00, 0x01, 0x00, 0xfe, 0x00, 0x01, 0x00,
  0x00, 0x01, 0x00, 0x00, 0x00, 0x00, 0x03, 0x00, 0x01, 0x00, 0x00, 0x07,
  0x00, 0x00, 0x31, 0x29, 0x02, 0x11, 0x29, 0x02, 0x01, 0x00, 0x01, 0x00,
  0x01, 0x00, 0xff, 0x00, 0xff, 0x00, 0xff, 0x00, 0x01, 0x00, 0x00, 0x00,
  0x00, 0x02, 0x00, 0x00, 0x03, 0x00, 0x02, 0x00, 0x05, 0x00, 0x00, 0x03,
  0x00, 0x07, 0x00, 0x00, 0x11, 0x21, 0x11, 0x21, 0x01, 0x21, 0x11, 0x21,
  0x01, 0x00, 0xff, 0x00, 0x01, 0x00, 0x01, 0x00, 0xff, 0x00, 0x04, 0x00,
  0x01, 0x00, 0xfe, 0x00, 0x01, 0x00, 0x00, 0x00, 0x00, 0x02, 0x00, 0x00,
  0x00, 0x00, 0x05, 0x00, 0x05, 0x00, 0x00, 0x15, 0x00, 0x1b, 0x00, 0x00,
  0x31, 0x29, 0x01, 0x11, 0x21, 0x11, 0x29, 0x01, 0x19, 0x03, 0x21, 0x11,
  0x29, 0x02, 0x11, 0x21, 0x19, 0x02, 0x01, 0x19, 0x01, 0x21, 0x19, 0x01,
  0x01, 0x00, 0x01, 0x00, 0x01, 0x00, 0x01, 0x00, 0x01, 0x00, 0xff, 0x00,
  0xff, 0x00, 0xff, 0x00, 0xff, 0x00, 0xff, 0x00, 0x02, 0x00, 0x01, 0x00,
  0x01, 0x00, 0xff, 0x00, 0x01, 0x00, 0x01, 0x00, 0x01, 0x00, 0x01, 0x00,
  0x01, 0x00, 0xff, 0x00, 0xff, 0x00, 0xff, 0x00, 0xff, 0x00, 0x01, 0x00,
  0x01, 0x00, 0x01, 0x00, 0xff, 0x00, 0xff, 0x00, 0x00, 0x03, 0x00, 0x00,
  0x00, 0x00, 0x05, 0x00, 0x05, 0x00, 0x00, 0x15, 0x00, 0x19, 0x00, 0x1d,
  0x00, 0x00, 0x31, 0x29, 0x03, 0x11, 0x21, 0x11, 0x21, 0x11, 0x21, 0x11,
  0x21, 0x11, 0x29, 0x03, 0x19, 0x03, 0x21, 0x11, 0x21, 0x11, 0x01, 0x11,
  0x21, 0x11, 0x01, 0x00, 0x01, 0x00, 0x01, 0x00, 0x01, 0x00, 0x01, 0x00,
  0xff, 0x00, 0x01, 0x00, 0xff, 0x00, 0xff, 0x00, 0xff, 0x00, 0xff, 0x00,
  0xff, 0x00, 0x02, 0x00, 0x01, 0x00, 0xff, 0x00, 0x01, 0x00, 0x01, 0x00,
  0x01, 0x00, 0x01, 0x00, 0x01, 0x00, 0x01, 0x00, 0xff, 0x00, 0xff, 0x00,
  0xff, 0x00, 0xff, 0x00, 0x01, 0x00, 0xff, 0x00, 0x02, 0x00, 0x01, 0x00,
  0xff, 0x00, 0x00, 0x00, 0x00, 0x01, 0x00, 0x00, 0x00, 0x00, 0x05, 0x00,
  0x05, 0x00, 0x00, 0x1d, 0x00, 0x00, 0x11, 0x21, 0x11, 0x29, 0x02, 0x11,
  0x21, 0x11, 0x29, 0x01, 0x11, 0x21, 0x19, 0x02, 0x21, 0x11, 0x29, 0x01,
  0x11, 0x21, 0x11, 0x29, 0x02, 0x11, 0x21, 0x19, 0x01, 0x01, 0x00, 0x01,
  0x00, 0x01, 0x00, 0x01, 0x00, 0x01, 0x00, 0xff, 0x00, 0xff, 0x00, 0xff,
  0x00, 0x01, 0x00, 0x01, 0x00, 0x01, 0x00, 0xff, 0x00, 0xff, 0x00, 0xff,
  0x00, 0xff, 0x00, 0xff, 0x00, 0x01, 0x00, 0xff, 0x00, 0x01, 0x00, 0x01,
  0x00, 0xff, 0x00, 0x01, 0x00, 0x01, 0x00, 0x01, 0x00, 0xff, 0x00, 0x01,
  0x00, 0x01, 0x00, 0xff, 0x00, 0xff, 0x00, 0xff, 0x00, 0x00, 0x00, 0x00,
  0x00, 0x02, 0x00, 0x00, 0x00, 0x00, 0x05, 0x00, 0x05, 0x00, 0x00, 0x13,
  0x00, 0x1b, 0x00, 0x00, 0x31, 0x29, 0x03, 0x11, 0x21, 0x19, 0x02, 0x21,
  0x11, 0x29, 0x03, 0x19, 0x03, 0x21, 0x19, 0x02, 0x21, 0x19, 0x02, 0x01,
  0x00, 0x01, 0x00, 0x01, 0x00, 0x01, 0x00, 0x01, 0x00, 0xff, 0x00, 0xff,
  0x00, 0xff, 0x00, 0xff, 0x00, 0xff, 0x00, 0x02, 0x00, 0x01, 0x00, 0x01,
  0x00, 0x01, 0x00, 0x01, 0x00, 0x01, 0x00, 0x01, 0x00, 0xff, 0x00, 0xff,
  0x00, 0xff, 0x00, 0xff, 0x00, 0x01, 0x00, 0x01, 0x00, 0x01, 0x00, 0xff,
  0x00, 0xff, 0x00, 0xff, 0x00, 0x00, 0x00, 0x00, 0x00, 0x01, 0x00, 0x00,
  0x00, 0x00, 0x05, 0x00, 0x05, 0x00, 0x00, 0x1d, 0x00, 0x00, 0x31, 0x29,
  0x04, 0x11, 0x29, 0x02, 0x11, 0x29, 0x01, 0x11, 0x29, 0x01, 0x11, 0x29,
  0x02, 0x11, 0x29, 0x04, 0x19, 0x03, 0x01, 0x00, 0x01, 0x00, 0x01, 0x00,
  0x01, 0x00, 0x01, 0x00, 0xff, 0x00, 0xff, 0x00, 0xff, 0x00, 0x01, 0x00,
  0x01, 0x00, 0xff, 0x00, 0xff, 0x00, 0x01, 0x00, 0x01, 0x00, 0x01, 0x00,
  0xff, 0x00, 0xff, 0x00, 0xff, 0x00, 0xff, 0x00, 0xff, 0x00, 0x01, 0x00,
  0x01, 0x00, 0x01, 0x00, 0x01, 0x00, 0x01, 0x00, 0xff, 0x00, 0xff, 0x00,
  0xff, 0x00, 0xff, 0x00, 0x00, 0x01, 0x00, 0x00, 0x00, 0x00, 0x05, 0x00,
  0x05, 0x00, 0x00, 0x17, 0x00, 0x00, 0x31, 0x29, 0x01, 0x19, 0x01, 0x29,
  0x01, 0x11, 0x29, 0x01, 0x11, 0x29, 0x02, 0x11, 0x29, 0x04, 0x19, 0x03,
  0x01, 0x00, 0x01, 0x00, 0x01, 0x00, 0x01, 0x00, 0xff, 0x00, 0xff, 0x00,
  0x01, 0x00, 0x01, 0x00, 0x01, 0x00, 0xff, 0x00, 0xff, 0x00, 0xff, 0x00,
  0xff, 0x00, 0xff, 0x00, 0x01, 0x00, 0x01, 0x00, 0x01, 0x00, 0x01, 0x00,
  0x01, 0x00, 0xff, 0x00, 0xff, 0x00, 0xff, 0x00, 0xff, 0x00, 0x00, 0x00,
  0x00, 0x01, 0x00, 0x00, 0x00, 0x00, 0x05, 0x00, 0x05, 0x00, 0x00, 0x1d,
  0x00, 0x00, 0x11, 0x21, 0x11, 0x29, 0x03, 0x19, 0x02, 0x29, 0x01, 0x19,
  0x01, 0x21, 0x19, 0x02, 0x29, 0x02, 0x11, 0x29, 0x03, 0x11, 0x21, 0x19,
  0x01, 0x01, 0x00, 0x01, 0x00, 0x01, 0x00, 0x01, 0x00, 0x01, 0x00, 0xff,
  0x00, 0xff, 0x00, 0xff, 0x00, 0x01, 0x00, 0x01, 0x00, 0x01, 0x00, 0xff,
  0x00, 0xff, 0x00, 0xff, 0x00, 0xff, 0x00, 0xff, 0x00, 0x01, 0x00, 0xff,
  0x00, 0x01, 0x00, 0x01, 0x00, 0x01, 0x00, 0xff, 0x00, 0xff, 0x00, 0x01,
  0x00, 0x01, 0x00, 0x01, 0x00, 0x01, 0x00, 0xff, 0x00, 0xff, 0x00, 0xff,
  0x00, 0x00, 0x00, 0x00, 0x00, 0x01, 0x00, 0x00, 0x00, 0x00, 0x05, 0x00,
  0x05, 0x00, 0x00, 0x1b, 0x00, 0x00, 0x31, 0x29, 0x01, 0x19, 0x01, 0x21,
  0x19, 0x01, 0x29, 0x01, 0x19, 0x04, 0x29, 0x01, 0x19, 0x01, 0x21, 0x19,
  0x01, 0x29, 0x01, 0x19, 0x03, 0x01, 0x00, 0x01, 0x00, 0x01, 0x00, 0x01,
  0x00, 0x01, 0x00, 0xff, 0x00, 0xff, 0x00, 0xff, 0x00, 0xff, 0x00, 0xff,
  0x00, 0x01, 0x00, 0x01, 0x00, 0xff, 0x00, 0xff, 0x00, 0x01, 0x00, 0x01,
  0x00, 0x01, 0x00, 0x01, 0x00, 0x01, 0x00, 0xff, 0x00, 0xff, 0x00, 0x01,
  0x00, 0x01, 0x00, 0xff, 0x00, 0xff, 0x00, 0xff, 0x00, 0xff, 0x00, 0x00,
  0x00, 0x01, 0x00, 0x00, 0x00, 0x00, 0x02, 0x00, 0x05, 0x00, 0x00, 0x0d,
  0x00, 0x00, 0x31, 0x29, 0x01, 0x19, 0x04, 0x29, 0x01, 0x19, 0x03, 0x01,
  0x00, 0x01, 0x00, 0xff, 0x00, 0xff, 0x00, 0x01, 0x00, 0x01, 0x00, 0x01,
  0x00, 0x01, 0x00, 0x01, 0x00, 0xff, 0x00, 0xff, 0x00, 0xff, 0x00, 0xff,
  0x00, 0x00, 0x00, 0x00, 0x00, 0x01, 0x00, 0x00, 0x00, 0x00, 0x05, 0x00,
  0x05, 0x00, 0x00, 0x17, 0x00, 0x00, 0x11, 0x21, 0x11, 0x29, 0x02, 0x11,
  0x21, 0x19, 0x03, 0x29, 0x01, 0x19, 0x03, 0x21, 0x19, 0x01, 0x29, 0x01,
  0x11, 0x01, 0x00, 0x01, 0x00, 0x01, 0x00, 0x01, 0x00, 0x01, 0x00, 0xff,
  0x00, 0xff, 0x00, 0xff, 0x00, 0xff, 0x00, 0xff, 0x00, 0x01, 0x00, 0xff,
  0x00, 0x01, 0x00, 0x01, 0x00, 0x01, 0x00, 0x01, 0x00, 0x01, 0x00, 0xff,
  0x00, 0xff, 0x00, 0xff, 0x00, 0xff, 0x00, 0x01, 0x00, 0x01, 0x00, 0xff,
  0x00, 0x00, 0x00, 0x00, 0x00, 0x01, 0x00, 0x00, 0x00, 0x00, 0x05, 0x00,
  0x05, 0x00, 0x00, 0x1d, 0x00, 0x00, 0x31, 0x29, 0x01, 0x19, 0x01, 0x21,
  0x19, 0x01, 0x29, 0x01, 0x19, 0x01, 0x21, 0x11, 0x21, 0x19, 0x01, 0x29,
  0x01, 0x19, 0x01, 0x21, 0x19, 0x01, 0x29, 0x01, 0x19, 0x03, 0x01, 0x00,
  0x01, 0x00, 0x01, 0x00, 0x01, 0x00, 0x01, 0x00, 0xff, 0x00, 0x01, 0x00,
  0xff, 0x00, 0xff, 0x00, 0xff, 0x00, 0xff, 0x00, 0xff, 0x00, 0x01, 0x00,
  0x01, 0x00, 0xff, 0x00, 0xff, 0x00, 0x01, 0x00, 0x01, 0x00, 0x01, 0x00,
  0x01, 0x00, 0x01, 0x00, 0xff, 0x00, 0xff, 0x00, 0x01, 0x00, 0x01, 0x00,
  0xff, 0x00, 0xff, 0x00, 0xff, 0x00, 0xff, 0x00, 0x00, 0x01, 0x00, 0x00,
  0x00, 0x00, 0x05, 0x00, 0x05, 0x00, 0x00, 0x15, 0x00, 0x00, 0x31, 0x29,
  0x04, 0x19, 0x01, 0x29, 0x01, 0x11, 0x21, 0x19, 0x03, 0x29, 0x01, 0x19,
  0x03, 0x01, 0x00, 0x01, 0x00, 0x01, 0x00, 0x01, 0x00, 0x01, 0x00, 0xff,
  0x00, 0xff, 0x00, 0xff, 0x00, 0xff, 0x00, 0xff, 0x00, 0x01, 0x00, 0x01,
  0x00, 0xff, 0x00, 0x01, 0x00, 0x01, 0x00, 0x01, 0x00, 0x01, 0x00, 0xff,
  0x00, 0xff, 0x00, 0xff, 0x00, 0xff, 0x00, 0x00, 0x00, 0x01, 0x00, 0x00,
  0x00, 0x00, 0x07, 0x00, 0x05, 0x00, 0x00, 0x21, 0x00, 0x00, 0x31, 0x29,
  0x01, 0x19, 0x01, 0x21, 0x11, 0x21, 0x11, 0x21, 0x19, 0x01, 0x29, 0x01,
  0x19, 0x04, 0x29, 0x01, 0x11, 0x21, 0x11, 0x21, 0x11, 0x21, 0x11, 0x29,
  0x01, 0x19, 0x03, 0x01, 0x00, 0x01, 0x00, 0x01, 0x00, 0x01, 0x00, 0x01,
  0x00, 0x01, 0x00, 0x01, 0x00, 0xff, 0x00, 0xff, 0x00, 0xff, 0x00, 0xff,
  0x00, 0xff, 0x00, 0xff, 0x00, 0xff, 0x00, 0x01, 0x00, 0x01, 0x00, 0xff,
  0x00, 0x01, 0x00, 0xff, 0x00, 0xff, 0x00, 0x01, 0x00, 0x01, 0x00, 0x01,
  0x00, 0x01, 0x00, 0x01, 0x00, 0xff, 0x00, 0xff, 0x00, 0x01, 0x00, 0x01,
  0x00, 0xff, 0x00, 0xff, 0x00, 0xff, 0x00, 0xff, 0x00, 0x00, 0x00, 0x00,
  0x00, 0x01, 0x00, 0x00, 0x00, 0x00, 0x06, 0x00, 0x05, 0x00, 0x00, 0x1d,
  0x00, 0x00, 0x31, 0x29, 0x01, 0x19, 0x01, 0x21, 0x11, 0x21, 0x11, 0x29,
  0x01, 0x19, 0x04, 0x29, 0x01, 0x19, 0x01, 0x21, 0x11, 0x21, 0x11, 0x29,
  0x01, 0x19, 0x03, 0x01, 0x00, 0x01, 0x00, 0x01, 0x00, 0x01, 0x00, 0x01,
  0x00, 0x01, 0x00, 0xff, 0x00, 0xff, 0x00, 0xff, 0x00, 0xff, 0x00, 0xff,
  0x00, 0xff, 0x00, 0x01, 0x00, 0x01, 0x00, 0xff, 0x00, 0xff, 0x00, 0x01,
  0x00, 0x01, 0x00, 0x01, 0x00, 0x01, 0x00, 0x01, 0x00, 0xff, 0x00, 0xff,
  0x00, 0x01, 0x00, 0x01, 0x00, 0xff, 0x00, 0xff, 0x00, 0xff, 0x00, 0xff,
  0x00, 0x00, 0x00, 0x00, 0x00, 0x02, 0x00, 0x00, 0x00, 0x00, 0x05, 0x00,
  0x05, 0x00, 0x00, 0x13, 0x00, 0x1b, 0x00, 0x00, 0x11, 0x21, 0x11, 0x29,
  0x02, 0x11, 0x21, 0x19, 0x02, 0x21, 0x11, 0x29, 0x02, 0x11, 0x21, 0x19,
  0x01, 0x01, 0x19, 0x02, 0x21, 0x19, 0x02, 0x01, 0x00, 0x01, 0x00, 0x01,
  0x00, 0x01, 0x00, 0x01, 0x00, 0xff, 0x00, 0xff, 0x00, 0xff, 0x00, 0xff,
  0x00, 0xff, 0x00, 0x02, 0x00, 0x01, 0x00, 0x01, 0x00, 0xff, 0x00, 0x01,
  0x00, 0x01, 0x00, 0x01, 0x00, 0x01, 0x00, 0x01, 0x00, 0xff, 0x00, 0xff,
  0x00, 0xff, 0x00, 0xff, 0x00, 0x01, 0x00, 0x01, 0x00, 0x01, 0x00, 0xff,
  0x00, 0xff, 0x00, 0xff, 0x00, 0x00, 0x00, 0x00, 0x00, 0x02, 0x00, 0x00,
  0x00, 0x00, 0x05, 0x00, 0x05, 0x00, 0x00, 0x13, 0x00, 0x19, 0x00, 0x00,
  0x31, 0x29, 0x01, 0x11, 0x29, 0x01, 0x11, 0x21, 0x19, 0x01, 0x21, 0x11,
  0x29, 0x03, 0x19, 0x03, 0x01, 0x19, 0x01, 0x21, 0x19, 0x01, 0x01, 0x00,
  0x01, 0x00, 0x01, 0x00, 0x01, 0x00, 0x01, 0x00, 0xff, 0x00, 0xff, 0x00,
  0xff, 0x00, 0xff, 0x00, 0xff, 0x00, 0x02, 0x00, 0x01, 0x00, 0x01, 0x00,
  0x01, 0x00, 0x01, 0x00, 0x01, 0x00, 0x01, 0x00, 0xff, 0x00, 0xff, 0x00,
  0xff, 0x00, 0xff, 0x00, 0x01, 0x00, 0x01, 0x00, 0x01, 0x00, 0xff, 0x00,
  0xff, 0x00, 0x00, 0x00, 0x00, 0x02, 0x00, 0x00, 0xff, 0x00, 0x05, 0x00,
  0x05, 0x00, 0x00, 0x17, 0x00, 0x1f, 0x00, 0x00, 0x11, 0x21, 0x11, 0x21,
  0x11, 0x29, 0x02, 0x11, 0x21, 0x11, 0x21, 0x19, 0x02, 0x21, 0x11, 0x29,
  0x02, 0x11, 0x21, 0x19, 0x01, 0x01, 0x19, 0x02, 0x21, 0x19, 0x02, 0x01,
  0x00, 0x01, 0x00, 0x01, 0x00, 0x01, 0x00, 0x01, 0x00, 0xff, 0x00, 0x01,
  0x00, 0xff, 0x00, 0xff, 0x00, 0xff, 0x00, 0xff, 0x00, 0xff, 0x00, 0x02,
  0x00, 0x01, 0x00, 0x01, 0x00, 0xff, 0x00, 0xff, 0x00, 0x01, 0x00, 0x01,
  0x00, 0x01, 0x00, 0x01, 0x00, 0x01, 0x00, 0x01, 0x00, 0xff, 0x00, 0xff,
  0x00, 0xff, 0x00, 0xff, 0x00, 0x01, 0x00, 0x01, 0x00, 0x01, 0x00, 0xff,
  0x00, 0xff, 0x00, 0xff, 0x00, 0x00, 0x00, 0x00, 0x00, 0x02, 0x00, 0x00,
  0x00, 0x00, 0x05, 0x00, 0x05, 0x00, 0x00, 0x17, 0x00, 0x1d, 0x00, 0x00,
  0x31, 0x29, 0x01, 0x11, 0x21, 0x11, 0x29, 0x01, 0x11, 0x21, 0x11, 0x21,
  0x19, 0x01, 0x21, 0x11, 0x29, 0x03, 0x19, 0x03, 0x01, 0x19, 0x01, 0x21,
  0x19, 0x01, 0x01, 0x00, 0x01, 0x00, 0x01, 0x00, 0x01, 0x00, 0x01, 0x00,
  0xff, 0x00, 0x01, 0x00, 0xff, 0x00, 0xff, 0x00, 0xff, 0x00, 0xff, 0x00,
  0xff, 0x00, 0x02, 0x00, 0x01, 0x00, 0x01, 0x00, 0xff, 0x00, 0x01, 0x00,
  0x01, 0x00, 0x01, 0x00, 0x01, 0x00, 0x01, 0x00, 0xff, 0x00, 0xff, 0x00,
  0xff, 0x00, 0xff, 0x00, 0x01, 0x00, 0x01, 0x00, 0x01, 0x00, 0xff, 0x00,
  0xff, 0x00, 0x00, 0x00, 0x00, 0x01, 0x00, 0x00, 0x00, 0x00, 0x05, 0x00,
  0x05, 0x00, 0x00, 0x1f, 0x00, 0x00, 0x31, 0x29, 0x03, 0x11, 0x21, 0x19,
  0x01, 0x29, 0x02, 0x11, 0x29, 0x02, 0x11, 0x29, 0x03, 0x11, 0x21, 0x19,
  0x01, 0x29, 0x02, 0x11, 0x29, 0x02, 0x01, 0x00, 0x01, 0x00, 0x01, 0x00,
  0x01, 0x00, 0x01, 0x00, 0xff, 0x00, 0xff, 0x00, 0xff, 0x00, 0x01, 0x00,
  0x01, 0x00, 0x01, 0x00, 0xff, 0x00, 0xff, 0x00, 0xff, 0x00, 0xff, 0x00,
  0xff, 0x00, 0x01, 0x00, 0x01, 0x00, 0x01, 0x00, 0xff, 0x00, 0xff, 0x00,
  0xff, 0x00, 0x01, 0x00, 0x01, 0x00, 0x01, 0x00, 0x01, 0x00, 0x01, 0x00,
  0xff, 0x00, 0xff, 0x00, 0xff, 0x00, 0xff, 0x00, 0x00, 0x01, 0x00, 0x00,
  0x00, 0x00, 0x04, 0x00, 0x05, 0x00, 0x00, 0x11, 0x00, 0x00, 0x11, 0x21,
  0x19, 0x03, 0x29, 0x01, 0x19, 0x03, 0x21, 0x11, 0x29, 0x03, 0x01, 0x00,
  0x01, 0x00, 0x01, 0x00, 0x01, 0x00, 0xff, 0x00, 0xff, 0x00, 0xff, 0x00,
  0xff, 0x00, 0x04, 0x00, 0xff, 0x00, 0xff, 0x00, 0xff, 0x00, 0xff, 0x00,
  0x01, 0x00, 0x01, 0x00, 0x01, 0x00, 0x01, 0x00, 0x01, 0x00, 0x00, 0x00,
  0x00, 0x01, 0x00, 0x00, 0x00, 0x00, 0x05, 0x00, 0x05, 0x00, 0x00, 0x1b,
  0x00, 0x00, 0x11, 0x21, 0x11, 0x29, 0x02, 0x11, 0x21, 0x19, 0x03, 0x29,
  0x01, 0x19, 0x03, 0x21, 0x19, 0x03, 0x29, 0x01, 0x19, 0x02, 0x01, 0x00,
  0x01, 0x00, 0x01, 0x00, 0x01, 0x00, 0x01, 0x00, 0xff, 0x00, 0xff, 0x00,
  0xff, 0x00, 0xff, 0x00, 0xff, 0x00, 0x01, 0x00, 0xff, 0x00, 0x01, 0x00,
  0x01, 0x00, 0x01, 0x00, 0x01, 0x00, 0x01, 0x00, 0xff, 0x00, 0xff, 0x00,
  0xff, 0x00, 0xff, 0x00, 0x01, 0x00, 0x01, 0x00, 0x01, 0x00, 0x01, 0x00,
  0xff, 0x00, 0xff, 0x00, 0xff, 0x00, 0x00, 0x00, 0x00, 0x01, 0x00, 0x00,
  0x00, 0x00, 0x06, 0x00, 0x05, 0x00, 0x00, 0x1b, 0x00, 0x00, 0x11, 0x21,
  0x11, 0x21, 0x11, 0x29, 0x01, 0x11, 0x21, 0x11, 0x21, 0x19, 0x02, 0x29,
  0x01, 0x19, 0x02, 0x29, 0x01, 0x19, 0x02, 0x29, 0x01, 0x19, 0x01, 0x01,
  0x00, 0x01, 0x00, 0x01, 0x00, 0x01, 0x00, 0x01, 0x00, 0x01, 0x00, 0xff,
  0x00, 0xff, 0x00, 0xff, 0x00, 0xff, 0x00, 0xff, 0x00, 0xff, 0x00, 0x02,
  0x00, 0xff, 0x00, 0xff, 0x00, 0x01, 0x00, 0x01, 0x00, 0x01, 0x00, 0x01,
  0x00, 0x01, 0x00, 0xff, 0x00, 0xff, 0x00, 0xff, 0x00, 0x01, 0x00, 0x01,
  0x00, 0x01, 0x00, 0xff, 0x00, 0xff, 0x00, 0x00, 0x00, 0x01, 0x00, 0x00,
  0x00, 0x00, 0x07, 0x00, 0x05, 0x00, 0x00, 0x21, 0x00, 0x00, 0x31, 0x29,
  0x01, 0x11, 0x21, 0x11, 0x21, 0x11, 0x21, 0x11, 0x29, 0x01, 0x19, 0x04,
  0x29, 0x01, 0x19, 0x01, 0x21, 0x11, 0x21, 0x11, 0x21, 0x19, 0x01, 0x29,
  0x01, 0x19, 0x03, 0x01, 0x00, 0x01, 0x00, 0x01, 0x00, 0x01, 0x00, 0x01,
  0x00, 0x01, 0x00, 0x01, 0x00, 0xff, 0x00, 0xff, 0x00, 0xff, 0x00, 0xff,
  0x00, 0xff, 0x00, 0xff, 0x00, 0xff, 0x00, 0x01, 0x00, 0x01, 0x00, 0xff,
  0x00, 0xff, 0x00, 0x01, 0x00, 0x01, 0x00, 0x01, 0x00, 0x01, 0x00, 0x01,
  0x00, 0xff, 0x00, 0xff, 0x00, 0x01, 0x00, 0xff, 0x00, 0x01, 0x00, 0x01,
  0x00, 0xff, 0x00, 0xff, 0x00, 0xff, 0x00, 0xff, 0x00, 0x00, 0x00, 0x00,
  0x00, 0x01, 0x00, 0x00, 0x00, 0x00, 0x05, 0x00, 0x05, 0x00, 0x00, 0x1f,
  0x00, 0x00, 0x31, 0x29, 0x01, 0x19, 0x01, 0x21, 0x19, 0x01, 0x29, 0x01,
  0x19, 0x01, 0x21, 0x11, 0x21, 0x19, 0x01, 0x29, 0x01, 0x19, 0x01, 0x21,
  0x19, 0x01, 0x29, 0x01, 0x19, 0x01, 0x21, 0x11, 0x21, 0x11, 0x01, 0x00,
  0x01, 0x00, 0x01, 0x00, 0x01, 0x00, 0x01, 0x00, 0xff, 0x00, 0x01, 0x00,
  0xff, 0x00, 0xff, 0x00, 0xff, 0x00, 0xff, 0x00, 0xff, 0x00, 0x01, 0x00,
  0xff, 0x00, 0x01, 0x00, 0x01, 0x00, 0xff, 0x00, 0xff, 0x00, 0x01, 0x00,
  0x01, 0x00, 0x01, 0x00, 0x01, 0x00, 0x01, 0x00, 0xff, 0x00, 0xff, 0x00,
  0x01, 0x00, 0x01, 0x00, 0xff, 0x00, 0xff, 0x00, 0xff, 0x00, 0xff, 0x00,
  0x00, 0x01, 0x00, 0x00, 0x00, 0x00, 0x06, 0x00, 0x05, 0x00, 0x00, 0x19,
  0x00, 0x00, 0x11, 0x21, 0x11, 0x21, 0x19, 0x01, 0x29, 0x01, 0x19, 0x01,
  0x21, 0x11, 0x21, 0x19, 0x01, 0x29, 0x01, 0x19, 0x01, 0x29, 0x01, 0x19,
  0x01, 0x29, 0x01, 0x11, 0x01, 0x00, 0x01, 0x00, 0x01, 0x00, 0x01, 0x00,
  0x01, 0x00, 0x01, 0x00, 0xff, 0x00, 0xff, 0x00, 0xff, 0x00, 0xff, 0x00,
  0xff, 0x00, 0xff, 0x00, 0x03, 0x00, 0xff, 0x00, 0xff, 0x00, 0xff, 0x00,
  0x01, 0x00, 0x01, 0x00, 0x01, 0x00, 0x01, 0x00, 0x01, 0x00, 0xff, 0x00,
  0xff, 0x00, 0x01, 0x00, 0x01, 0x00, 0xff, 0x00, 0x00, 0x01, 0x00, 0x00,
  0x00, 0x00, 0x05, 0x00, 0x05, 0x00, 0x00, 0x1f, 0x00, 0x00, 0x31, 0x29,
  0x04, 0x11, 0x29, 0x02, 0x11, 0x29, 0x01, 0x11, 0x21, 0x19, 0x01, 0x29,
  0x04, 0x11, 0x29, 0x02, 0x11, 0x29, 0x01, 0x11, 0x21, 0x11, 0x01, 0x00,
  0x01, 0x00, 0x01, 0x00, 0x01, 0x00, 0x01, 0x00, 0xff, 0x00, 0xff, 0x00,
  0xff, 0x00, 0x01, 0x00, 0x01, 0x00, 0x01, 0x00, 0xff, 0x00, 0xff, 0x00,
  0xff, 0x00, 0xff, 0x00, 0xff, 0x00, 0x01, 0x00, 0x01, 0x00, 0x01, 0x00,
  0xff, 0x00, 0xff, 0x00, 0xff, 0x00, 0x01, 0x00, 0x01, 0x00, 0x01, 0x00,
  0x01, 0x00, 0x01, 0x00, 0xff, 0x00, 0xff, 0x00, 0xff, 0x00, 0xff, 0x00,
  0x00, 0x03, 0x00, 0x00, 0x00, 0x00, 0x03, 0x00, 0x05, 0x00, 0x00, 0x03,
  0x00, 0x0b, 0x00, 0x13, 0x00, 0x00, 0x11, 0x21, 0x11, 0x21, 0x01, 0x29,
  0x01, 0x11, 0x21, 0x11, 0x21, 0x19, 0x01, 0x21, 0x11, 0x21, 0x11, 0x29,
  0x01, 0x11, 0x01, 0x00, 0xff, 0x00, 0x01, 0x00, 0x01, 0x00, 0x01, 0x00,
  0xff, 0x00, 0xff, 0x00, 0x01, 0x00, 0x01, 0x00, 0xff, 0x00, 0xff, 0x00,
  0x02, 0x00, 0x01, 0x00, 0xfd, 0x00, 0x01, 0x00, 0x01, 0x00, 0xff, 0x00,
  0x02, 0x00, 0x01, 0x00, 0x01, 0x00, 0xff, 0x00, 0x00, 0x01, 0x00, 0x00,
  0xff, 0x00, 0x02, 0x00, 0x05, 0x00, 0x00, 0x0f, 0x00, 0x00, 0x11, 0x29,
  0x01, 0x19, 0x05, 0x29, 0x01, 0x19, 0x04, 0x01, 0x00, 0x01, 0x00, 0xff,
  0x00, 0xff, 0x00, 0xff, 0x00, 0x01, 0x00, 0x01, 0x00, 0x01, 0x00, 0x01,
  0x00, 0x01, 0x00, 0x01, 0x00, 0xff, 0x00, 0xff, 0x00, 0xff, 0x00, 0xff,
  0x00, 0xff, 0x00, 0x00, 0x00, 0x03, 0x00, 0x00, 0x00, 0x00, 0x03, 0x00,
  0x05, 0x00, 0x00, 0x07, 0x00, 0x0f, 0x00, 0x13, 0x00, 0x00, 0x31, 0x29,
  0x01, 0x19, 0x01, 0x21, 0x11, 0x21, 0x11, 0x21, 0x11, 0x21, 0x19, 0x01,
  0x29, 0x01, 0x01, 0x21, 0x11, 0x21, 0x01, 0x00, 0x01, 0x00, 0xff, 0x00,
  0xff, 0x00, 0x01, 0x00, 0x01, 0x00, 0xff, 0x00, 0xff, 0x00, 0x02, 0x00,
  0x01, 0x00, 0xff, 0x00, 0x01, 0x00, 0x01, 0x00, 0xff, 0x00, 0x03, 0x00,
  0xff, 0x00, 0x01, 0x00, 0x01, 0x00, 0xfd, 0x00, 0x01, 0x00, 0x00, 0x00,
  0x00, 0x03, 0x00, 0x00, 0x02, 0x00, 0x05, 0x00, 0x04, 0x00, 0x00, 0x03,
  0x00, 0x0d, 0x00, 0x11, 0x00, 0x00, 0x11, 0x21, 0x11, 0x29, 0x02, 0x11,
  0x29, 0x01, 0x11, 0x21, 0x11, 0x29, 0x01, 0x01, 0x21, 0x11, 0x21, 0x01,
  0x00, 0xff, 0x00, 0x01, 0x00, 0x01, 0x00, 0x01, 0x00, 0x01, 0x00, 0xff,
  0x00, 0xff, 0x00, 0xff, 0x00, 0x03, 0x00, 0x01, 0x00, 0xff, 0x00, 0x02,
  0x00, 0x01, 0x00, 0xff, 0x00, 0x01, 0x00, 0x01, 0x00, 0xff, 0x00, 0x01,
  0x00, 0x00, 0x00, 0x00, 0x00, 0x02, 0x00, 0x00, 0x00, 0x00, 0x02, 0x00,
  0x05, 0x00, 0x00, 0x09, 0x00, 0x0f, 0x00, 0x00, 0x31, 0x29, 0x01, 0x19,
  0x02, 0x29, 0x01, 0x19, 0x02, 0x29, 0x01, 0x11, 0x29, 0x01, 0x01, 0x00,
  0x01, 0x00, 0xff, 0x00, 0xff, 0x00, 0x01, 0x00, 0x01, 0x00, 0xff, 0x00,
  0xff, 0x00, 0x01, 0x00, 0x01, 0x00, 0x01, 0x00, 0xff, 0x00, 0xff, 0x00,
  0x03, 0x00, 0x01, 0x00, 0x00, 0x01, 0x00, 0x00, 0xff, 0x00, 0x05, 0x00,
  0x06, 0x00, 0x00, 0x21, 0x00, 0x00, 0x11, 0x21, 0x11, 0x21, 0x11, 0x21,
  0x11, 0x21, 0x11, 0x21, 0x11, 0x29, 0x01, 0x11, 0x21, 0x19, 0x02, 0x21,
  0x11, 0x29, 0x01, 0x11, 0x21, 0x11, 0x21, 0x11, 0x21, 0x11, 0x21, 0x11,
  0x21, 0x19, 0x01, 0x01, 0x00, 0x01, 0x00, 0x01, 0x00, 0x01, 0x00, 0x01,
  0x00, 0xff, 0x00, 0xff, 0x00, 0xff, 0x00, 0x01, 0x00, 0x01, 0x00, 0x01,
  0x00, 0xff, 0x00, 0xff, 0x00, 0xff, 0x00, 0xff, 0x00, 0xff, 0x00, 0x01,
  0x00, 0xff, 0x00, 0xff, 0x00, 0x01, 0x00, 0x01, 0x00, 0x01, 0x00, 0xff,
  0x00, 0x01, 0x00, 0x01, 0x00, 0x01, 0x00, 0xff, 0x00, 0x01, 0x00, 0x01,
  0x00, 0x01, 0x00, 0xff, 0x00, 0xff, 0x00, 0xff, 0x00, 0xff, 0x00, 0x00,
  0x00, 0x01, 0x00, 0x00, 0x00, 0x00, 0x05, 0x00, 0x05, 0x00, 0x00, 0x1b,
  0x00, 0x00, 0x31, 0x29, 0x04, 0x11, 0x29, 0x01, 0x11, 0x21, 0x11, 0x21,
  0x11, 0x29, 0x01, 0x11, 0x29, 0x02, 0x11, 0x21, 0x11, 0x21, 0x11, 0x21,
  0x11, 0x21, 0x01, 0x00, 0x01, 0x00, 0x01, 0x00, 0x01, 0x00, 0x01, 0x00,
  0xff, 0x00, 0xff, 0x00, 0x01, 0x00, 0xff, 0x00, 0x01, 0x00, 0x01, 0x00,
  0xff, 0x00, 0xff, 0x00, 0xff, 0x00, 0xff, 0x00, 0xff, 0x00, 0x01, 0x00,
  0xff, 0x00, 0x01, 0x00, 0x01, 0x00, 0x01, 0x00, 0x01, 0x00, 0x01, 0x00,
  0xff, 0x00, 0xff, 0x00, 0xff, 0x00, 0xff, 0x00, 0x00, 0x06, 0x00, 0x00,
  0x00, 0x00, 0x05, 0x00, 0x05, 0x00, 0x00, 0x03, 0x00, 0x07, 0x00, 0x13,
  0x00, 0x17, 0x00, 0x1b, 0x00, 0x1f, 0x00, 0x00, 0x31, 0x21, 0x11, 0x21,
  0x11, 0x21, 0x11, 0x21, 0x01, 0x29, 0x02, 0x19, 0x02, 0x29, 0x02, 0x19,
  0x01, 0x21, 0x11, 0x21, 0x11, 0x01, 0x21, 0x11, 0x21, 0x11, 0x21, 0x11,
  0x21, 0x01, 0x00, 0xff, 0x00, 0x01, 0x00, 0xff, 0x00, 0x01, 0x00, 0x01,
  0x00, 0x01, 0x00, 0x01, 0x00, 0xff, 0x00, 0xff, 0x00, 0xff, 0x00, 0x01,
  0x00, 0x01, 0x00, 0x01, 0x00, 0x01, 0x00, 0xff, 0x00, 0x01, 0x00, 0xff,
  0x00, 0x01, 0x00, 0x03, 0x00, 0x01, 0x00, 0xfc, 0x00, 0x01, 0x00, 0x01,
  0x00, 0x01, 0x00, 0xff, 0x00, 0xff, 0x00, 0x01, 0x00, 0xff, 0x00, 0xfe,
  0x00, 0x01, 0x00, 0x03, 0x00, 0x01, 0x00, 0x00, 0x00, 0x01, 0x00, 0x00,
  0x00, 0x00, 0x06, 0x00, 0x05, 0x00, 0x00, 0x1f, 0x00, 0x00, 0x11, 0x29,
  0x01, 0x11, 0x29, 0x01, 0x11, 0x29, 0x01, 0x11, 0x29, 0x01, 0x11, 0x21,
  0x11, 0x21, 0x11, 0x29, 0x01, 0x11, 0x29, 0x01, 0x11, 0x29, 0x01, 0x11,
  0x21, 0x11, 0x21, 0x11, 0x29, 0x01, 0x01, 0x00, 0x01, 0x00, 0x01, 0x00,
  0x01, 0x00, 0x01, 0x00, 0x01, 0x00, 0xff, 0x00, 0xff, 0x00, 0x01, 0x00,
  0x01, 0x00, 0xff, 0x00, 0xff, 0x00, 0xff, 0x00, 0xff, 0x00, 0xff, 0x00,
  0xff, 0x00, 0x01, 0x00, 0x01, 0x00, 0xff, 0x00, 0xff, 0x00, 0x01, 0x00,
  0xff, 0x00, 0x01, 0x00, 0x01, 0x00, 0x01, 0x00, 0x01, 0x00, 0x01, 0x00,
  0xff, 0x00, 0x01, 0x00, 0xff, 0x00, 0xff, 0x00, 0xff, 0x00, 0x00, 0x00,
  0x00, 0x02, 0x00, 0x00, 0xff, 0x00, 0x02, 0x00, 0x05, 0x00, 0x00, 0x07,
  0x00, 0x0f, 0x00, 0x00, 0x11, 0x29, 0x01, 0x19, 0x01, 0x29, 0x01, 0x19,
  0x01, 0x29, 0x01, 0x19, 0x01, 0x29, 0x01, 0x11, 0x01, 0x00, 0x01, 0x00,
  0xff, 0x00, 0xff, 0x00, 0x01, 0x00, 0x01, 0x00, 0xff, 0x00, 0xff, 0x00,
  0xff, 0x00, 0x01, 0x00, 0x01, 0x00, 0xff, 0x00, 0x03, 0x00, 0x01, 0x00,
  0x01, 0x00, 0xff, 0x00, 0x00, 0x03, 0x00, 0x00, 0xff, 0x00, 0x05, 0x00,
  0x05, 0x00, 0x00, 0x11, 0x00, 0x19, 0x00, 0x21, 0x00, 0x00, 0x11, 0x21,
  0x11, 0x29, 0x02, 0x11, 0x21, 0x19, 0x01, 0x21, 0x11, 0x29, 0x02, 0x11,
  0x21, 0x11, 0x01, 0x29, 0x02, 0x11, 0x29, 0x02, 0x11, 0x29, 0x02, 0x11,
  0x29, 0x02, 0x01, 0x00, 0x01, 0x00, 0x01, 0x00, 0x01, 0x00, 0x01, 0x00,
  0xff, 0x00, 0xff, 0x00, 0xff, 0x00, 0xff, 0x00, 0xff, 0x00, 0x01, 0x00,
  0x01, 0x00, 0x01, 0x00, 0x01, 0x00, 0xff, 0x00, 0xff, 0x00, 0xff, 0x00,
  0x01, 0x00, 0x01, 0x00, 0x01, 0x00, 0xff, 0x00, 0xff, 0x00, 0xff, 0x00,
  0x02, 0x00, 0xff, 0x00, 0xff, 0x00, 0x01, 0x00, 0x01, 0x00, 0x01, 0x00,
  0x01, 0x00, 0xff, 0x00, 0xfc, 0x00, 0x01, 0x00, 0x04, 0x00, 0x01, 0x00,
  0x00, 0x03, 0x00, 0x00, 0x00, 0x00, 0x06, 0x00, 0x05, 0x00, 0x00, 0x07,
  0x00, 0x1f, 0x00, 0x27, 0x00, 0x00, 0x11, 0x21, 0x19, 0x02, 0x21, 0x19,
  0x01, 0x01, 0x29, 0x03, 0x11, 0x21, 0x11, 0x21, 0x11, 0x21, 0x11, 0x21,
  0x11, 0x29, 0x03, 0x11, 0x21, 0x19, 0x02, 0x29, 0x02, 0x19, 0x02, 0x21,
  0x19, 0x01, 0x01, 0x00, 0xff, 0x00, 0x01, 0x00, 0x01, 0x00, 0x01, 0x00,
  0x01, 0x00, 0x01, 0x00, 0xff, 0x00, 0xff, 0x00, 0x01, 0x00, 0x01, 0x00,
  0xff, 0x00, 0xff, 0x00, 0xff, 0x00, 0xff, 0x00, 0x01, 0x00, 0xff, 0x00,
  0x04, 0x00, 0x01, 0x00, 0xff, 0x00, 0x01, 0x00, 0x01, 0x00, 0x01, 0x00,
  0x01, 0x00, 0xff, 0x00, 0xff, 0x00, 0xfe, 0x00, 0x01, 0x00, 0x01, 0x00,
  0x01, 0x00, 0x01, 0x00, 0x01, 0x00, 0xff, 0x00, 0xff, 0x00, 0xff, 0x00,
  0xff, 0x00, 0x01, 0x00, 0x01, 0x00, 0x01, 0x00, 0xff, 0x00, 0xff, 0x00,
  0x00, 0x0a, 0x00, 0x00, 0x00, 0x00, 0x05, 0x00, 0x05, 0x00, 0x00, 0x03,
  0x00, 0x07, 0x00, 0x0b, 0x00, 0x0f, 0x00, 0x13, 0x00, 0x17, 0x00, 0x1b,
  0x00, 0x1f, 0x00, 0x23, 0x00, 0x27, 0x00, 0x00, 0x11, 0x21, 0x11, 0x21,
  0x01, 0x21, 0x11, 0x21, 0x11, 0x21, 0x11, 0x21, 0x01, 0x21, 0x11, 0x21,
  0x11, 0x21, 0x11, 0x21, 0x11, 0x21, 0x11, 0x21, 0x01, 0x21, 0x11, 0x21,
  0x11, 0x21, 0x11, 0x21, 0x01, 0x21, 0x11, 0x21, 0x11, 0x21, 0x11, 0x21,
  0x01, 0x00, 0xff, 0x00, 0x01, 0x00, 0x01, 0x00, 0xff, 0x00, 0x01, 0x00,
  0xff, 0x00, 0x01, 0x00, 0x01, 0x00, 0xff, 0x00, 0x01, 0x00, 0xff, 0x00,
  0x01, 0x00, 0xff, 0x00, 0x01, 0x00, 0x01, 0x00, 0xff, 0x00, 0x01, 0x00,
  0xff, 0x00, 0x01, 0x00, 0x01, 0x00, 0xff, 0x00, 0x01, 0x00, 0xff, 0x00,
  0x02, 0x00, 0x01, 0x00, 0xfe, 0x00, 0x01, 0x00, 0x01, 0x00, 0x01, 0x00,
  0xfc, 0x00, 0x01, 0x00, 0x01, 0x00, 0x01, 0x00, 0x01, 0x00, 0x01, 0x00,
  0xfc, 0x00, 0x01, 0x00, 0x01, 0x00, 0x01, 0x00, 0xfc, 0x00, 0x01, 0x00,
  0x03, 0x00, 0x01, 0x00, 0x00, 0x01, 0x00, 0x00, 0x01, 0x00, 0x03, 0x00,
  0x03, 0x00, 0x00, 0x09, 0x00, 0x00, 0x11, 0x29, 0x01, 0x11, 0x21, 0x19,
  0x01, 0x29, 0x02, 0x01, 0x00, 0x01, 0x00, 0x01, 0x00, 0xff, 0x00, 0xff,
  0x00, 0xff, 0x00, 0x02, 0x00, 0xff, 0x00, 0x01, 0x00, 0x01, 0x00, 0x00,
  0x00, 0x01, 0x00, 0x00, 0x02, 0x00, 0x03, 0x00, 0x03, 0x00, 0x00, 0x07,
  0x00, 0x00, 0x11, 0x29, 0x02, 0x11, 0x29, 0x02, 0x01, 0x00, 0x01, 0x00,
  0x01, 0x00, 0xff, 0x00, 0xff, 0x00, 0xff, 0x00, 0x02, 0x00, 0x01, 0x00,
  0x00, 0x02, 0x00, 0x00, 0x00, 0x00, 0x06, 0x00, 0x05, 0x00, 0x00, 0x07,
  0x00, 0x27, 0x00, 0x00, 0x11, 0x21, 0x19, 0x02, 0x21, 0x19, 0x01, 0x01,
  0x29, 0x03, 0x11, 0x21, 0x19, 0x02, 0x21, 0x19, 0x01, 0x21, 0x11, 0x21,
  0x11, 0x21, 0x19, 0x01, 0x21, 0x11, 0x29, 0x03, 0x11, 0x21, 0x19, 0x02,
  0x21, 0x01, 0x00, 0xff, 0x00, 0x01, 0x00, 0x01, 0x00, 0x01, 0x00, 0x01,
  0x00, 0x01, 0x00, 0x01, 0x00, 0xff, 0x00, 0xff, 0x00, 0xff, 0x00, 0x01,
  0x00, 0x01, 0x00, 0xff, 0x00, 0xff, 0x00, 0xff, 0x00, 0xff, 0x00, 0x01,
  0x00, 0xff, 0x00, 0x01, 0x00, 0x01, 0x00, 0x01, 0x00, 0x01, 0x00, 0xff,
  0x00, 0xff, 0x00, 0xfe, 0x00, 0x01, 0x00, 0x01, 0x00, 0x01, 0x00, 0x01,
  0x00, 0xff, 0x00, 0xff, 0x00, 0xff, 0x00, 0x01, 0x00, 0x01, 0x00, 0x01,
  0x00, 0x01, 0x00, 0xff, 0x00, 0xff, 0x00, 0xff, 0x00, 0xff, 0x00, 0x00,
  0x00, 0x02, 0x00, 0x00, 0x02, 0x00, 0x03, 0x00, 0x05, 0x00, 0x00, 0x0b,
  0x00, 0x0f, 0x00, 0x00, 0x11, 0x29, 0x02, 0x19, 0x02, 0x29, 0x02, 0x19,
  0x01, 0x21, 0x11, 0x21, 0x11, 0x01, 0x00, 0x01, 0x00, 0x01, 0x00, 0xff,
  0x00, 0xff, 0x00, 0xff, 0x00, 0x01, 0x00, 0x01, 0x00, 0x02, 0x00, 0x01,
  0x00, 0x01, 0x00, 0x01, 0x00, 0xff, 0x00, 0xff, 0x00, 0x01, 0x00, 0xff,
  0x00, 0x00, 0x00, 0x00, 0x00, 0x01, 0x00, 0x00, 0x00, 0x00, 0x03, 0x00,
  0x04, 0x00, 0x00, 0x11, 0x00, 0x00, 0x31, 0x29, 0x02, 0x11, 0x21, 0x11,
  0x21, 0x11, 0x21, 0x11, 0x21, 0x11, 0x21, 0x11, 0x21, 0x11, 0x21, 0x01,
  0x00, 0x01, 0x00, 0x01, 0x00, 0xff, 0x00, 0x01, 0x00, 0xff, 0x00, 0xff,
  0x00, 0xff, 0x00, 0x01, 0x00, 0xff, 0x00, 0x01, 0x00, 0x01, 0x00, 0x01,
  0x00, 0x01, 0x00, 0xff, 0x00, 0xff, 0x00, 0xff, 0x00, 0x00, 0x00, 0x00,
  0x00, 0x02, 0x00, 0x00, 0x03, 0x00, 0x02, 0x00, 0x05, 0x00, 0x00, 0x03,
  0x00, 0x07, 0x00, 0x00, 0x11, 0x21, 0x11, 0x29, 0x02, 0x11, 0x21, 0x01,
  0x00, 0xff, 0x00, 0x01, 0x00, 0x01, 0x00, 0xff, 0x00, 0x03, 0x00, 0x01,
  0x00, 0x01, 0x00, 0x00, 0x00, 0x01, 0x00, 0x00, 0xff, 0x00, 0x05, 0x00,
  0x04, 0x00, 0x00, 0x19, 0x00, 0x00, 0x11, 0x29, 0x01, 0x11, 0x29, 0x01,
  0x11, 0x21, 0x19, 0x02, 0x29, 0x01, 0x19, 0x02, 0x21, 0x19, 0x02, 0x29,
  0x01, 0x19, 0x03, 0x01, 0x00, 0x01, 0x00, 0x01, 0x00, 0x01, 0x00, 0x01,
  0x00, 0xff, 0x00, 0xff, 0x00, 0xff, 0x00, 0xff, 0x00, 0xff, 0x00, 0xff,
  0x00, 0x01, 0x00, 0x01, 0x00, 0x01, 0x00, 0x01, 0x00, 0x01, 0x00, 0xff,
  0x00, 0xff, 0x00, 0xff, 0x00, 0x01, 0x00, 0x01, 0x00, 0x01, 0x00, 0xff,
  0x00, 0xff, 0x00, 0xff, 0x00, 0xff, 0x00, 0x00, 0x00, 0x01, 0x00, 0x00,
  0xff, 0x00, 0x05, 0x00, 0x05, 0x00, 0x00, 0x1f, 0x00, 0x00, 0x11, 0x21,
  0x11, 0x21, 0x19, 0x01, 0x21, 0x19, 0x04, 0x21, 0x19, 0x04, 0x21, 0x19,
  0x05, 0x29, 0x03, 0x11, 0x21, 0x11, 0x01, 0x00, 0x01, 0x00, 0x01, 0x00,
  0x01, 0x00, 0x01, 0x00, 0xff, 0x00, 0xff, 0x00, 0xff, 0x00, 0xff, 0x00,
  0xff, 0x00, 0x02, 0x00, 0xff, 0x00, 0xff, 0x00, 0xff, 0x00, 0x01, 0x00,
  0x01, 0x00, 0x01, 0x00, 0x01, 0x00, 0x01, 0x00, 0xff, 0x00, 0xff, 0x00,
  0xff, 0x00, 0xff, 0x00, 0xff, 0x00, 0x01, 0x00, 0x01, 0x00, 0x01, 0x00,
  0x01, 0x00, 0x01, 0x00, 0x01, 0x00, 0xff, 0x00, 0xff, 0x00, 0x00, 0x00,
  0x00, 0x01, 0x00, 0x00, 0x02, 0x00, 0x01, 0x00, 0x03, 0x00, 0x00, 0x03,
  0x00, 0x00, 0x11, 0x21, 0x11, 0x21, 0x01, 0x00, 0xff, 0x00, 0x02, 0x00,
  0x01, 0x00, 0x00, 0x00, 0x00, 0x0a, 0x00, 0x00, 0x00, 0x00, 0x05, 0x00,
  0x05, 0x00, 0x00, 0x03, 0x00, 0x07, 0x00, 0x0b, 0x00, 0x0f, 0x00, 0x13,
  0x00, 0x17, 0x00, 0x1b, 0x00, 0x1f, 0x00, 0x23, 0x00, 0x27, 0x00, 0x00,
  0x31, 0x21, 0x11, 0x21, 0x11, 0x21, 0x11, 0x21, 0x01, 0x21, 0x11, 0x21,
  0x11, 0x21, 0x11, 0x21, 0x01, 0x21, 0x11, 0x21, 0x11, 0x21, 0x11, 0x21,
  0x11, 0x21, 0x11, 0x21, 0x01, 0x21, 0x11, 0x21, 0x11, 0x21, 0x11, 0x21,
  0x01, 0x21, 0x11, 0x21, 0x01, 0x00, 0xff, 0x00, 0x01, 0x00, 0xff, 0x00,
  0x01, 0x00, 0x01, 0x00, 0xff, 0x00, 0x01, 0x00, 0xff, 0x00, 0x01, 0x00,
  0x01, 0x00, 0xff, 0x00, 0x01, 0x00, 0xff, 0x00, 0x01, 0x00, 0xff, 0x00,
  0x01, 0x00, 0x01, 0x00, 0xff, 0x00, 0x01, 0x00, 0xff, 0x00, 0x01, 0x00,
  0x01, 0x00, 0xff, 0x00, 0x01, 0x00, 0x03, 0x00, 0x01, 0x00, 0xfc, 0x00,
  0x01, 0x00, 0x01, 0x00, 0x01, 0x00, 0xfc, 0x00, 0x01, 0x00, 0x01, 0x00,
  0x01, 0x00, 0x01, 0x00, 0x01, 0x00, 0xfc, 0x00, 0x01, 0x00, 0x01, 0x00,
  0x01, 0x00, 0xfe, 0x00, 0x01, 0x00, 0x00, 0x00, 0x00, 0x02, 0x00, 0x00,
  0x00, 0x00, 0x05, 0x00, 0x05, 0x00, 0x00, 0x13, 0x00, 0x17, 0x00, 0x00,
  0x11, 0x21, 0x11, 0x29, 0x02, 0x11, 0x21, 0x11, 0x29, 0x01, 0x11, 0x21,
  0x11, 0x21, 0x11, 0x29, 0x01, 0x11, 0x21, 0x01, 0x21, 0x11, 0x21, 0x01,
  0x00, 0x01, 0x00, 0x01, 0x00, 0x01, 0x00, 0x01, 0x00, 0xff, 0x00, 0xff,
  0x00, 0xff, 0x00, 0x01, 0x00, 0xff, 0x00, 0xff, 0x00, 0xff, 0x00, 0x02,
  0x00, 0x01, 0x00, 0xff, 0x00, 0x01, 0x00, 0xff, 0x00, 0x01, 0x00, 0x01,
  0x00, 0xff, 0x00, 0x01, 0x00, 0x01, 0x00, 0xff, 0x00, 0x02, 0x00, 0x01,
  0x00, 0x00, 0x00, 0x00, 0x00, 0x04, 0x00, 0x00, 0x00, 0x00, 0x05, 0x00,
  0x06, 0x00, 0x00, 0x15, 0x00, 0x19, 0x00, 0x1f, 0x00, 0x23, 0x00, 0x00,
  0x31, 0x29, 0x01, 0x11, 0x21, 0x11, 0x29, 0x01, 0x19, 0x03, 0x21, 0x11,
  0x29, 0x02, 0x11, 0x21, 0x19, 0x03, 0x21, 0x11, 0x21, 0x01, 0x19, 0x01,
  0x21, 0x19, 0x01, 0x01, 0x21, 0x11, 0x21, 0x01, 0x00, 0x01, 0x00, 0x01,
  0x00, 0x01, 0x00, 0x01, 0x00, 0xff, 0x00, 0xff, 0x00, 0xff, 0x00, 0xff,
  0x00, 0xff, 0x00, 0x01, 0x00, 0xff, 0x00, 0x02, 0x00, 0x01, 0x00, 0x01,
  0x00, 0x01, 0x00, 0xff, 0x00, 0x01, 0x00, 0xff, 0x00, 0x01, 0x00, 0x01,
  0x00, 0x01, 0x00, 0x01, 0x00, 0x01, 0x00, 0xff, 0x00, 0xff, 0x00, 0xff,
  0x00, 0xff, 0x00, 0x04, 0x00, 0x01, 0x00, 0xfc, 0x00, 0x01, 0x00, 0x01,
  0x00, 0xff, 0x00, 0xff, 0x00, 0x03, 0x00, 0x01, 0x00, 0x00, 0x00, 0x00,
  0x00, 0x03, 0x00, 0x00, 0x00, 0x00, 0x05, 0x00, 0x06, 0x00, 0x00, 0x17,
  0x00, 0x1b, 0x00, 0x1f, 0x00, 0x00, 0x31, 0x29, 0x01, 0x11, 0x21, 0x11,
  0x29, 0x01, 0x19, 0x03, 0x21, 0x19, 0x01, 0x29, 0x02, 0x19, 0x01, 0x21,
  0x19, 0x02, 0x01, 0x11, 0x21, 0x11, 0x01, 0x11, 0x21, 0x11, 0x01, 0x00,
  0x01, 0x00, 0x01, 0x00, 0x01, 0x00, 0x01, 0x00, 0xff, 0x00, 0xff, 0x00,
  0xff, 0x00, 0xff, 0x00, 0xff, 0x00, 0x02, 0x00, 0x01, 0x00, 0xff, 0x00,
  0x01, 0x00, 0x01, 0x00, 0xff, 0x00, 0x01, 0x00, 0x01, 0x00, 0x01, 0x00,
  0x01, 0x00, 0x01, 0x00, 0x01, 0x00, 0xff, 0x00, 0xff, 0x00, 0xff, 0x00,
  0xff, 0x00, 0xff, 0x00, 0x01, 0x00, 0x01, 0x00, 0xff, 0x00, 0x02, 0x00,
  0x01, 0x00, 0xff, 0x00, 0x00, 0x02, 0x00, 0x00, 0x00, 0x00, 0x07, 0x00,
  0x05, 0x00, 0x00, 0x1f, 0x00, 0x25, 0x00, 0x00, 0x31, 0x29, 0x01, 0x11,
  0x21, 0x11, 0x29, 0x03, 0x11, 0x29, 0x01, 0x11, 0x21, 0x11, 0x21, 0x11,
  0x29, 0x01, 0x11, 0x29, 0x05, 0x11, 0x21, 0x19, 0x02, 0x01, 0x19, 0x01,
  0x21, 0x19, 0x01, 0x01, 0x00, 0x01, 0x00, 0x01, 0x00, 0x01, 0x00, 0x01,
  0x00, 0x01, 0x00, 0x01, 0x00, 0xff, 0x00, 0xff, 0x00, 0x01, 0x00, 0xff,
  0x00, 0x01, 0x00, 0x01, 0x00, 0xff, 0x00, 0xff, 0x00, 0xff, 0x00, 0xff,
  0x00, 0xff, 0x00, 0xff, 0x00, 0xff, 0x00, 0x02, 0x00, 0x01, 0x00, 0x01,
  0x00, 0xff, 0x00, 0x01, 0x00, 0x01, 0x00, 0x01, 0x00, 0x01, 0x00, 0x01,
  0x00, 0xff, 0x00, 0xff, 0x00, 0xff, 0x00, 0xff, 0x00, 0x01, 0x00, 0x01,
  0x00, 0x01, 0x00, 0xff, 0x00, 0xff, 0x00, 0x00, 0x00, 0x01, 0x00, 0x00,
  0xff, 0x00, 0x05, 0x00, 0x05, 0x00, 0x00, 0x1f, 0x00, 0x00, 0x11, 0x21,
  0x11, 0x21, 0x11, 0x21, 0x11, 0x21, 0x11, 0x21, 0x11, 0x29, 0x01, 0x11,
  0x21, 0x19, 0x02, 0x21, 0x11, 0x29, 0x01, 0x11, 0x21, 0x11, 0x29, 0x02,
  0x11, 0x21, 0x19, 0x01, 0x01, 0x00, 0x01, 0x00, 0x01, 0x00, 0x01, 0x00,
  0x01, 0x00, 0xff, 0x00, 0xff, 0x00, 0xff, 0x00, 0x01, 0x00, 0x01, 0x00,
  0x01, 0x00, 0xff, 0x00, 0xff, 0x00, 0xff, 0x00, 0xff, 0x00, 0xff, 0x00,
  0x01, 0x00, 0xff, 0x00, 0xff, 0x00, 0x01, 0x00, 0x01, 0x00, 0x01, 0x00,
  0xff, 0x00, 0x01, 0x00, 0x01, 0x00, 0x01, 0x00, 0xff, 0x00, 0x01, 0x00,
  0x01, 0x00, 0xff, 0x00, 0xff, 0x00, 0xff, 0x00, 0x00, 0x01, 0x00, 0x00,
  0x00, 0x00, 0x05, 0x00, 0x06, 0x00, 0x00, 0x21, 0x00, 0x00, 0x31, 0x29,
  0x04, 0x11, 0x29, 0x02, 0x11, 0x29, 0x01, 0x11, 0x29, 0x01, 0x11, 0x29,
  0x02, 0x11, 0x21, 0x11, 0x21, 0x11, 0x21, 0x11, 0x21, 0x11, 0x21, 0x19,
  0x03, 0x01, 0x00, 0x01, 0x00, 0x01, 0x00, 0x01, 0x00, 0x01, 0x00, 0xff,
  0x00, 0xff, 0x00, 0xff, 0x00, 0x01, 0x00, 0x01, 0x00, 0xff, 0x00, 0xff,
  0x00, 0x01, 0x00, 0x01, 0x00, 0x01, 0x00, 0xff, 0x00, 0xff, 0x00, 0xff,
  0x00, 0xff, 0x00, 0xff, 0x00, 0x01, 0x00, 0x01, 0x00, 0x01, 0x00, 0x01,
  0x00, 0x01, 0x00, 0x01, 0x00, 0xff, 0x00, 0x01, 0x00, 0xff, 0x00, 0xff,
  0x00, 0xff, 0x00, 0xff, 0x00, 0xff, 0x00, 0x00, 0x00, 0x03, 0x00, 0x00,
  0x00, 0x00, 0x06, 0x00, 0x06, 0x00, 0x00, 0x0d, 0x00, 0x17, 0x00, 0x25,
  0x00, 0x00, 0x31, 0x29, 0x01, 0x19, 0x01, 0x21, 0x11, 0x21, 0x11, 0x29,
  0x01, 0x19, 0x02, 0x01, 0x29, 0x03, 0x11, 0x29, 0x03, 0x01, 0x21, 0x11,
  0x29, 0x01, 0x19, 0x03, 0x29, 0x01, 0x19, 0x01, 0x21, 0x01, 0x00, 0x01,
  0x00, 0x01, 0x00, 0xff, 0x00, 0xff, 0x00, 0xff, 0x00, 0x01, 0x00, 0x01,
  0x00, 0x01, 0x00, 0x01, 0x00, 0x01, 0x00, 0xff, 0x00, 0xff, 0x00, 0xff,
  0x00, 0xff, 0x00, 0x02, 0x00, 0x01, 0x00, 0x01, 0x00, 0x01, 0x00, 0xff,
  0x00, 0xff, 0x00, 0xff, 0x00, 0x01, 0x00, 0x01, 0x00, 0x01, 0x00, 0x01,
  0x00, 0xff, 0x00, 0xff, 0x00, 0xff, 0x00, 0x04, 0x00, 0x01, 0x00, 0xfb,
  0x00, 0xff, 0x00, 0x01, 0x00, 0x01, 0x00, 0x01, 0x00, 0x01, 0x00, 0xff,
  0x00, 0xff, 0x00, 0x00, 0x00, 0x03, 0x00, 0x00, 0x00, 0x00, 0x05, 0x00,
  0x06, 0x00, 0x00, 0x11, 0x00, 0x17, 0x00, 0x1f, 0x00, 0x00, 0x11, 0x21,
  0x11, 0x29, 0x02, 0x11, 0x21, 0x19, 0x01, 0x21, 0x11, 0x29, 0x02, 0x11,
  0x21, 0x11, 0x01, 0x19, 0x01, 0x21, 0x19, 0x01, 0x01, 0x29, 0x02, 0x11,
  0x29, 0x02, 0x01, 0x00, 0x01, 0x00, 0x01, 0x00, 0x01, 0x00, 0x01, 0x00,
  0xff, 0x00, 0xff, 0x00, 0xff, 0x00, 0xff, 0x00, 0xff, 0x00, 0x02, 0x00,
  0x01, 0x00, 0xfe, 0x00, 0x01, 0x00, 0x01, 0x00, 0x01, 0x00, 0xff, 0x00,
  0xff, 0x00, 0xff, 0x00, 0x01, 0x00, 0xff, 0x00, 0x01, 0x00, 0x01, 0x00,
  0x01, 0x00, 0x01, 0x00, 0xff, 0x00, 0xff, 0x00, 0xff, 0x00, 0x01, 0x00,
  0x01, 0x00, 0xff, 0x00, 0xff, 0x00, 0x04, 0x00, 0x01, 0x00, 0x00, 0x00,
  0x00, 0x04, 0x00, 0x00, 0x00, 0x00, 0x05, 0x00, 0x06, 0x00, 0x00, 0x13,
  0x00, 0x17, 0x00, 0x1f, 0x00, 0x23, 0x00, 0x00, 0x11, 0x21, 0x11, 0x29,
  0x02, 0x11, 0x21, 0x19, 0x02, 0x21, 0x11, 0x29, 0x02, 0x11, 0x21, 0x19,
  0x02, 0x21, 0x11, 0x21, 0x01, 0x19, 0x02, 0x21, 0x19, 0x02, 0x01, 0x21,
  0x11, 0x21, 0x01, 0x00, 0x01, 0x00, 0x01, 0x00, 0x01, 0x00, 0x01, 0x00,
  0xff, 0x00, 0xff, 0x00, 0xff, 0x00, 0xff, 0x00, 0xff, 0x00, 0x01, 0x00,
  0xff, 0x00, 0x02, 0x00, 0x01, 0x00, 0x01, 0x00, 0x01, 0x00, 0xff, 0x00,
  0x01, 0x00, 0xff, 0x00, 0x01, 0x00, 0x01, 0x00, 0x01, 0x00, 0x01, 0x00,
  0x01, 0x00, 0xff, 0x00, 0xff, 0x00, 0xff, 0x00, 0x03, 0x00, 0x01, 0x00,
  0xfb, 0x00, 0x01, 0x00, 0x01, 0x00, 0x01, 0x00, 0xff, 0x00, 0xff, 0x00,
  0xff, 0x00, 0x04, 0x00, 0x01, 0x00, 0x00, 0x00, 0x00, 0x05, 0x00, 0x00,
  0x01, 0x00, 0x03, 0x00, 0x04, 0x00, 0x00, 0x03, 0x00, 0x07, 0x00, 0x0b,
  0x00, 0x0f, 0x00, 0x13, 0x00, 0x00, 0x11, 0x21, 0x11, 0x21, 0x11, 0x21,
  0x11, 0x21, 0x01, 0x21, 0x11, 0x21, 0x01, 0x21, 0x11, 0x21, 0x11, 0x21,
  0x11, 0x21, 0x01, 0x00, 0xff, 0x00, 0x01, 0x00, 0xff, 0x00, 0x01, 0x00,
  0x01, 0x00, 0xff, 0x00, 0x01, 0x00, 0x01, 0x00, 0xff, 0x00, 0x01, 0x00,
  0xff, 0x00, 0x01, 0x00, 0x01, 0x00, 0x01, 0x00, 0x01, 0x00, 0xfe, 0x00,
  0x01, 0x00, 0xfe, 0x00, 0x01, 0x00, 0x01, 0x00, 0x01, 0x00, 0x00, 0x00,
  0x00, 0x05, 0x00, 0x00, 0x00, 0x00, 0x07, 0x00, 0x05, 0x00, 0x00, 0x03,
  0x00, 0x17, 0x00, 0x1b, 0x00, 0x1f, 0x00, 0x23, 0x00, 0x00, 0x31, 0x21,
  0x11, 0x29, 0x02, 0x11, 0x29, 0x02, 0x11, 0x21, 0x19, 0x02, 0x21, 0x11,
  0x29, 0x02, 0x11, 0x21, 0x19, 0x01, 0x01, 0x11, 0x21, 0x11, 0x01, 0x11,
  0x21, 0x11, 0x01, 0x21, 0x11, 0x21, 0x01, 0x00, 0xff, 0x00, 0x01, 0x00,
  0x01, 0x00, 0x01, 0x00, 0x01, 0x00, 0x01, 0x00, 0x01, 0x00, 0xff, 0x00,
  0xff, 0x00, 0xff, 0x00, 0xff, 0x00, 0xff, 0x00, 0x02, 0x00, 0x01, 0x00,
  0xff, 0x00, 0x01, 0x00, 0x02, 0x00, 0x01, 0x00, 0xff, 0x00, 0x01, 0x00,
  0xff, 0x00, 0x01, 0x00, 0x01, 0x00, 0x01, 0x00, 0x01, 0x00, 0x01, 0x00,
  0xff, 0x00, 0xff, 0x00, 0xff, 0x00, 0xff, 0x00, 0x01, 0x00, 0xff, 0x00,
  0x02, 0x00, 0x01, 0x00, 0xff, 0x00, 0x01, 0x00, 0x01, 0x00, 0x00, 0x00,
  0x00, 0x03, 0x00, 0x00, 0x00, 0x00, 0x05, 0x00, 0x06, 0x00, 0x00, 0x17,
  0x00, 0x1b, 0x00, 0x1f, 0x00, 0x00, 0x11, 0x21, 0x11, 0x29, 0x02, 0x11,
  0x21, 0x19, 0x02, 0x29, 0x01, 0x19, 0x02, 0x21, 0x19, 0x02, 0x29, 0x01,
  0x19, 0x01, 0x01, 0x21, 0x11, 0x21, 0x01, 0x21, 0x11, 0x21, 0x01, 0x00,
  0x01, 0x00, 0x01, 0x00, 0x01, 0x00, 0x01, 0x00, 0xff, 0x00, 0xff, 0x00,
  0xff, 0x00, 0xff, 0x00, 0xff, 0x00, 0x01, 0x00, 0x01, 0x00, 0xff, 0x00,
  0x02, 0x00, 0x01, 0x00, 0xff, 0x00, 0x01, 0x00, 0xff, 0x00, 0x01, 0x00,
  0x01, 0x00, 0x01, 0x00, 0x01, 0x00, 0xff, 0x00, 0xff, 0x00, 0xff, 0x00,
  0x01, 0x00, 0x01, 0x00, 0x01, 0x00, 0xff, 0x00, 0xff, 0x00, 0x03, 0x00,
  0x01, 0x00, 0xff, 0x00, 0x01, 0x00, 0x00, 0x00, 0x00, 0x02, 0x00, 0x00,
  0x00, 0x00, 0x05, 0x00, 0x05, 0x00, 0x00, 0x13, 0x00, 0x17, 0x00, 0x00,
  0x31, 0x29, 0x01, 0x11, 0x29, 0x01, 0x11, 0x21, 0x11, 0x21, 0x11, 0x29,
  0x01, 0x11, 0x29, 0x01, 0x19, 0x03, 0x01, 0x11, 0x21, 0x11, 0x01, 0x00,
  0x01, 0x00, 0x01, 0x00, 0x01, 0x00, 0x01, 0x00, 0xff, 0x00, 0xff, 0x00,
  0xff, 0x00, 0xff, 0x00, 0xff, 0x00, 0x02, 0x00, 0x01, 0x00, 0x01, 0x00,
  0x01, 0x00, 0x01, 0x00, 0x01, 0x00, 0x01, 0x00, 0xff, 0x00, 0xff, 0x00,
  0xff, 0x00, 0xff, 0x00, 0x01, 0x00, 0x01, 0x00, 0xff, 0x00, 0x00, 0x00,
  0x00, 0x01, 0x00, 0x00, 0x00, 0x00, 0x06, 0x00, 0x05, 0x00, 0x00, 0x23,
  0x00, 0x00, 0x31, 0x29, 0x01, 0x19, 0x03, 0x29, 0x01, 0x11, 0x21, 0x11,
  0x21, 0x11, 0x21, 0x11, 0x29, 0x01, 0x11, 0x21, 0x11, 0x21, 0x11, 0x21,
  0x11, 0x21, 0x11, 0x29, 0x03, 0x11, 0x21, 0x19, 0x02, 0x01, 0x00, 0x01,
  0x00, 0x01, 0x00, 0x01, 0x00, 0xff, 0x00, 0x01, 0x00, 0xff, 0x00, 0x01,
  0x00, 0x01, 0x00, 0x01, 0x00, 0xff, 0x00, 0x01, 0x00, 0xff, 0x00, 0xff,
  0x00, 0xff, 0x00, 0xff, 0x00, 0xff, 0x00, 0xff, 0x00, 0x01, 0x00, 0x01,
  0x00, 0x01, 0x00, 0x01, 0x00, 0xff, 0x00, 0xff, 0x00, 0xff, 0x00, 0xff,
  0x00, 0x01, 0x00, 0x01, 0x00, 0x01, 0x00, 0x01, 0x00, 0x01, 0x00, 0xff,
  0x00, 0xff, 0x00, 0xff, 0x00, 0xff, 0x00, 0x00, 0x00, 0x04, 0x00, 0x00,
  0x00, 0x00, 0x05, 0x00, 0x06, 0x00, 0x00, 0x15, 0x00, 0x19, 0x00, 0x1f,
  0x00, 0x23, 0x00, 0x00, 0x31, 0x29, 0x01, 0x11, 0x21, 0x11, 0x29, 0x01,
  0x19, 0x03, 0x21, 0x11, 0x29, 0x02, 0x11, 0x21, 0x19, 0x03, 0x21, 0x11,
  0x21, 0x01, 0x19, 0x01, 0x21, 0x19, 0x01, 0x01, 0x21, 0x11, 0x21, 0x01,
  0x00, 0x01, 0x00, 0x01, 0x00, 0x01, 0x00, 0x01, 0x00, 0xff, 0x00, 0xff,
  0x00, 0xff, 0x00, 0xff, 0x00, 0xff, 0x00, 0x01, 0x00, 0xff, 0x00, 0x02,
  0x00, 0x01, 0x00, 0x01, 0x00, 0x01, 0x00, 0xff, 0x00, 0x01, 0x00, 0xff,
  0x00, 0x01, 0x00, 0x01, 0x00, 0x01, 0x00, 0x01, 0x00, 0x01, 0x00, 0xff,
  0x00, 0xff, 0x00, 0xff, 0x00, 0xff, 0x00, 0x04, 0x00, 0x01, 0x00, 0xfc,
  0x00, 0x01, 0x00, 0x01, 0x00, 0xff, 0x00, 0xff, 0x00, 0x03, 0x00, 0x01,
  0x00, 0x00, 0x00, 0x00, 0x00, 0x03, 0x00, 0x00, 0x00, 0x00, 0x05, 0x00,
  0x06, 0x00, 0x00, 0x17, 0x00, 0x1b, 0x00, 0x1f, 0x00, 0x00, 0x31, 0x29,
  0x01, 0x11, 0x21, 0x11, 0x29, 0x01, 0x19, 0x03, 0x21, 0x19, 0x01, 0x29,
  0x02, 0x19, 0x01, 0x21, 0x19, 0x02, 0x01, 0x11, 0x21, 0x11, 0x01, 0x11,
  0x21, 0x11, 0x01, 0x00, 0x01, 0x00, 0x01, 0x00, 0x01, 0x00, 0x01, 0x00,
  0xff, 0x00, 0xff, 0x00, 0xff, 0x00, 0xff, 0x00, 0xff, 0x00, 0x02, 0x00,
  0x01, 0x00, 0xff, 0x00, 0x01, 0x00, 0x01, 0x00, 0xff, 0x00, 0x01, 0x00,
  0x01, 0x00, 0x01, 0x00, 0x01, 0x00, 0x01, 0x00, 0x01, 0x00, 0xff, 0x00,
  0xff, 0x00, 0xff, 0x00, 0xff, 0x00, 0xff, 0x00, 0x01, 0x00, 0x01, 0x00,
  0xff, 0x00, 0x02, 0x00, 0x01, 0x00, 0xff, 0x00, 0x00, 0x02, 0x00, 0x00,
  0x00, 0x00, 0x07, 0x00, 0x05, 0x00, 0x00, 0x1f, 0x00, 0x25, 0x00, 0x00,
  0x31, 0x29, 0x01, 0x11, 0x21, 0x11, 0x29, 0x03, 0x11, 0x29, 0x01, 0x11,
  0x21, 0x11, 0x21, 0x11, 0x29, 0x01, 0x11, 0x29, 0x05, 0x11, 0x21, 0x19,
  0x02, 0x01, 0x19, 0x01, 0x21, 0x19, 0x01, 0x01, 0x00, 0x01, 0x00, 0x01,
  0x00, 0x01, 0x00, 0x01, 0x00, 0x01, 0x00, 0x01, 0x00, 0xff, 0x00, 0xff,
  0x00, 0x01, 0x00, 0xff, 0x00, 0x01, 0x00, 0x01, 0x00, 0xff, 0x00, 0xff,
  0x00, 0xff, 0x00, 0xff, 0x00, 0xff, 0x00, 0xff, 0x00, 0xff, 0x00, 0x02,
  0x00, 0x01, 0x00, 0x01, 0x00, 0xff, 0x00, 0x01, 0x00, 0x01, 0x00, 0x01,
  0x00, 0x01, 0x00, 0x01, 0x00, 0xff, 0x00, 0xff, 0x00, 0xff, 0x00, 0xff,
  0x00, 0x01, 0x00, 0x01, 0x00, 0x01, 0x00, 0xff, 0x00, 0xff, 0x00, 0x00,
  0x00, 0x01, 0x00, 0x00, 0xff, 0x00, 0x05, 0x00, 0x05, 0x00, 0x00, 0x1f,
  0x00, 0x00, 0x11, 0x21, 0x11, 0x21, 0x11, 0x21, 0x11, 0x21, 0x11, 0x21,
  0x11, 0x29, 0x01, 0x11, 0x21, 0x19, 0x02, 0x21, 0x11, 0x29, 0x01, 0x11,
  0x21, 0x11, 0x29, 0x02, 0x11, 0x21, 0x19, 0x01, 0x01, 0x00, 0x01, 0x00,
  0x01, 0x00, 0x01, 0x00, 0x01, 0x00, 0xff, 0x00, 0xff, 0x00, 0xff, 0x00,
  0x01, 0x00, 0x01, 0x00, 0x01, 0x00, 0xff, 0x00, 0xff, 0x00, 0xff, 0x00,
  0xff, 0x00, 0xff, 0x00, 0x01, 0x00, 0xff, 0x00, 0xff, 0x00, 0x01, 0x00,
  0x01, 0x00, 0x01, 0x00, 0xff, 0x00, 0x01, 0x00, 0x01, 0x00, 0x01, 0x00,
  0xff, 0x00, 0x01, 0x00, 0x01, 0x00, 0xff, 0x00, 0xff, 0x00, 0xff, 0x00,
  0x00, 0x01, 0x00, 0x00, 0x00, 0x00, 0x05, 0x00, 0x06, 0x00, 0x00, 0x21,
  0x00, 0x00, 0x31, 0x29, 0x04, 0x11, 0x29, 0x02, 0x11, 0x29, 0x01, 0x11,
  0x29, 0x01, 0x11, 0x29, 0x02, 0x11, 0x21, 0x11, 0x21, 0x11, 0x21, 0x11,
  0x21, 0x11, 0x21, 0x19, 0x03, 0x01, 0x00, 0x01, 0x00, 0x01, 0x00, 0x01,
  0x00, 0x01, 0x00, 0xff, 0x00, 0xff, 0x00, 0xff, 0x00, 0x01, 0x00, 0x01,
  0x00, 0xff, 0x00, 0xff, 0x00, 0x01, 0x00, 0x01, 0x00, 0x01, 0x00, 0xff,
  0x00, 0xff, 0x00, 0xff, 0x00, 0xff, 0x00, 0xff, 0x00, 0x01, 0x00, 0x01,
  0x00, 0x01, 0x00, 0x01, 0x00, 0x01, 0x00, 0x01, 0x00, 0xff, 0x00, 0x01,
  0x00, 0xff, 0x00, 0xff, 0x00, 0xff, 0x00, 0xff, 0x00, 0xff, 0x00, 0x00,
  0x00, 0x03, 0x00, 0x00, 0x00, 0x00, 0x06, 0x00, 0x06, 0x00, 0x00, 0x0d,
  0x00, 0x17, 0x00, 0x25, 0x00, 0x00, 0x31, 0x29, 0x01, 0x19, 0x01, 0x21,
  0x11, 0x21, 0x11, 0x29, 0x01, 0x19, 0x02, 0x01, 0x29, 0x03, 0x11, 0x29,
  0x03, 0x01, 0x21, 0x11, 0x29, 0x01, 0x19, 0x03, 0x29, 0x01, 0x19, 0x01,
  0x21, 0x01, 0x00, 0x01, 0x00, 0x01, 0x00, 0xff, 0x00, 0xff, 0x00, 0xff,
  0x00, 0x01, 0x00, 0x01, 0x00, 0x01, 0x00, 0x01, 0x00, 0x01, 0x00, 0xff,
  0x00, 0xff, 0x00, 0xff, 0x00, 0xff, 0x00, 0x02, 0x00, 0x01, 0x00, 0x01,
  0x00, 0x01, 0x00, 0xff, 0x00, 0xff, 0x00, 0xff, 0x00, 0x01, 0x00, 0x01,
  0x00, 0x01, 0x00, 0x01, 0x00, 0xff, 0x00, 0xff, 0x00, 0xff, 0x00, 0x04,
  0x00, 0x01, 0x00, 0xfb, 0x00, 0xff, 0x00, 0x01, 0x00, 0x01, 0x00, 0x01,
  0x00, 0x01, 0x00, 0xff, 0x00, 0xff, 0x00, 0x00, 0x00, 0x03, 0x00, 0x00,
  0x00, 0x00, 0x05, 0x00, 0x06, 0x00, 0x00, 0x11, 0x00, 0x17, 0x00, 0x1f,
  0x00, 0x00, 0x11, 0x21, 0x11, 0x29, 0x02, 0x11, 0x21, 0x19, 0x01, 0x21,
  0x11, 0x29, 0x02, 0x11, 0x21, 0x11, 0x01, 0x19, 0x01, 0x21, 0x19, 0x01,
  0x01, 0x29, 0x02, 0x11, 0x29, 0x02, 0x01, 0x00, 0x01, 0x00, 0x01, 0x00,
  0x01, 0x00, 0x01, 0x00, 0xff, 0x00, 0xff, 0x00, 0xff, 0x00, 0xff, 0x00,
  0xff, 0x00, 0x02, 0x00, 0x01, 0x00, 0xfe, 0x00, 0x01, 0x00, 0x01, 0x00,
  0x01, 0x00, 0xff, 0x00, 0xff, 0x00, 0xff, 0x00, 0x01, 0x00, 0xff, 0x00,
  0x01, 0x00, 0x01, 0x00, 0x01, 0x00, 0x01, 0x00, 0xff, 0x00, 0xff, 0x00,
  0xff, 0x00, 0x01, 0x00, 0x01, 0x00, 0xff, 0x00, 0xff, 0x00, 0x04, 0x00,
  0x01, 0x00, 0x00, 0x00, 0x00, 0x04, 0x00, 0x00, 0x00, 0x00, 0x05, 0x00,
  0x06, 0x00, 0x00, 0x13, 0x00, 0x17, 0x00, 0x1f, 0x00, 0x23, 0x00, 0x00,
  0x11, 0x21, 0x11, 0x29, 0x02, 0x11, 0x21, 0x19, 0x02, 0x21, 0x11, 0x29,
  0x02, 0x11, 0x21, 0x19, 0x02, 0x21, 0x11, 0x21, 0x01, 0x19, 0x02, 0x21,
  0x19, 0x02, 0x01, 0x21, 0x11, 0x21, 0x01, 0x00, 0x01, 0x00, 0x01, 0x00,
  0x01, 0x00, 0x01, 0x00, 0xff, 0x00, 0xff, 0x00, 0xff, 0x00, 0xff, 0x00,
  0xff, 0x00, 0x01, 0x00, 0xff, 0x00, 0x02, 0x00, 0x01, 0x00, 0x01, 0x00,
  0x01, 0x00, 0xff, 0x00, 0x01, 0x00, 0xff, 0x00, 0x01, 0x00, 0x01, 0x00,
  0x01, 0x00, 0x01, 0x00, 0x01, 0x00, 0xff, 0x00, 0xff, 0x00, 0xff, 0x00,
  0x03, 0x00, 0x01, 0x00, 0xfb, 0x00, 0x01, 0x00, 0x01, 0x00, 0x01, 0x00,
  0xff, 0x00, 0xff, 0x00, 0xff, 0x00, 0x04, 0x00, 0x01, 0x00, 0x00, 0x00,
  0x00, 0x03, 0x00, 0x00, 0x00, 0x00, 0x03, 0x00, 0x05, 0x00, 0x00, 0x07,
  0x00, 0x0b, 0x00, 0x0f, 0x00, 0x00, 0x11, 0x29, 0x02, 0x11, 0x29, 0x02,
  0x01, 0x21, 0x11, 0x21, 0x11, 0x21, 0x11, 0x21, 0x01, 0x00, 0x01, 0x00,
  0x01, 0x00, 0xff, 0x00, 0xff, 0x00, 0xff, 0x00, 0x01, 0x00, 0x01, 0x00,
  0xff, 0x00, 0x01, 0x00, 0xff, 0x00, 0x02, 0x00, 0x01, 0x00, 0xfd, 0x00,
  0x01, 0x00, 0x03, 0x00, 0x01, 0x00, 0x00, 0x00, 0x00, 0x05, 0x00, 0x00,
  0x00, 0x00, 0x07, 0x00, 0x05, 0x00, 0x00, 0x03, 0x00, 0x17, 0x00, 0x1b,
  0x00, 0x1f, 0x00, 0x23, 0x00, 0x00, 0x31, 0x21, 0x11, 0x29, 0x02, 0x11,
  0x29, 0x02, 0x11, 0x21, 0x19, 0x02, 0x21, 0x11, 0x29, 0x02, 0x11, 0x21,
  0x19, 0x01, 0x01, 0x11, 0x21, 0x11, 0x01, 0x11, 0x21, 0x11, 0x01, 0x21,
  0x11, 0x21, 0x01, 0x00, 0xff, 0x00, 0x01, 0x00, 0x01, 0x00, 0x01, 0x00,
  0x01, 0x00, 0x01, 0x00, 0x01, 0x00, 0xff, 0x00, 0xff, 0x00, 0xff, 0x00,
  0xff, 0x00, 0xff, 0x00, 0x02, 0x00, 0x01, 0x00, 0xff, 0x00, 0x01, 0x00,
  0x02, 0x00, 0x01, 0x00, 0xff, 0x00, 0x01, 0x00, 0xff, 0x00, 0x01, 0x00,
  0x01, 0x00, 0x01, 0x00, 0x01, 0x00, 0x01, 0x00, 0xff, 0x00, 0xff, 0x00,
  0xff, 0x00, 0xff, 0x00, 0x01, 0x00, 0xff, 0x00, 0x02, 0x00, 0x01, 0x00,
  0xff, 0x00, 0x01, 0x00, 0x01, 0x00, 0x00, 0x00, 0x00, 0x03, 0x00, 0x00,
  0x00, 0x00, 0x05, 0x00, 0x06, 0x00, 0x00, 0x17, 0x00, 0x1b, 0x00, 0x1f,
  0x00, 0x00, 0x11, 0x21, 0x11, 0x29, 0x02, 0x11, 0x21, 0x19, 0x02, 0x29,
  0x01, 0x19, 0x02, 0x21, 0x19, 0x02, 0x29, 0x01, 0x19, 0x01, 0x01, 0x21,
  0x11, 0x21, 0x01, 0x21, 0x11, 0x21, 0x01, 0x00, 0x01, 0x00, 0x01, 0x00,
  0x01, 0x00, 0x01, 0x00, 0xff, 0x00, 0xff, 0x00, 0xff, 0x00, 0xff, 0x00,
  0xff, 0x00, 0x01, 0x00, 0x01, 0x00, 0xff, 0x00, 0x02, 0x00, 0x01, 0x00,
  0xff, 0x00, 0x01, 0x00, 0xff, 0x00, 0x01, 0x00, 0x01, 0x00, 0x01, 0x00,
  0x01, 0x00, 0xff, 0x00, 0xff, 0x00, 0xff, 0x00, 0x01, 0x00, 0x01, 0x00,
  0x01, 0x00, 0xff, 0x00, 0xff, 0x00, 0x03, 0x00, 0x01, 0x00, 0xff, 0x00,
  0x01, 0x00, 0x00, 0x00, 0x00, 0x02, 0x00, 0x00, 0x00, 0x00, 0x05, 0x00,
  0x05, 0x00, 0x00, 0x13, 0x00, 0x17, 0x00, 0x00, 0x31, 0x29, 0x01, 0x11,
  0x29, 0x01, 0x11, 0x21, 0x11, 0x21, 0x11, 0x29, 0x01, 0x11, 0x29, 0x01,
  0x19, 0x03, 0x01, 0x11, 0x21, 0x11, 0x01, 0x00, 0x01, 0x00, 0x01, 0x00,
  0x01, 0x00, 0x01, 0x00, 0xff, 0x00, 0xff, 0x00, 0xff, 0x00, 0xff, 0x00,
  0xff, 0x00, 0x02, 0x00, 0x01, 0x00, 0x01, 0x00, 0x01, 0x00, 0x01, 0x00,
  0x01, 0x00, 0x01, 0x00, 0xff, 0x00, 0xff, 0x00, 0xff, 0x00, 0xff, 0x00,
  0x01, 0x00, 0x01, 0x00, 0xff, 0x00, 0x00, 0x00, 0x00, 0x03, 0x00, 0x00,
  0x00, 0x00, 0x05, 0x00, 0x06, 0x00, 0x00, 0x13, 0x00, 0x17, 0x00, 0x1f,
  0x00, 0x00, 0x31, 0x29, 0x01, 0x11, 0x21, 0x11, 0x29, 0x01, 0x19, 0x02,
  0x21, 0x11, 0x29, 0x02, 0x11, 0x21, 0x19, 0x01, 0x01, 0x11, 0x21, 0x11,
  0x01, 0x29, 0x02, 0x11, 0x29, 0x02, 0x01, 0x00, 0x01, 0x00, 0x01, 0x00,
  0x01, 0x00, 0x01, 0x00, 0xff, 0x00, 0xff, 0x00, 0xff, 0x00, 0xff, 0x00,
  0xff, 0x00, 0x02, 0x00, 0x01, 0x00, 0xfe, 0x00, 0x01, 0x00, 0x01, 0x00,
  0x01, 0x00, 0xff, 0x00, 0xff, 0x00, 0xff, 0x00, 0x01, 0x00, 0xff, 0x00,
  0x01, 0x00, 0x01, 0x00, 0x01, 0x00, 0x01, 0x00, 0xff, 0x00, 0xff, 0x00,
  0xff, 0x00, 0x01, 0x00, 0x01, 0x00, 0xff, 0x00, 0x03, 0x00, 0x01, 0x00,
  0x00, 0x03, 0x00, 0x00, 0x00, 0x00, 0x05, 0x00, 0x06, 0x00, 0x00, 0x13,
  0x00, 0x17, 0x00, 0x1f, 0x00, 0x00, 0x31, 0x29, 0x01, 0x11, 0x21, 0x11,
  0x29, 0x01, 0x19, 0x02, 0x21, 0x11, 0x29, 0x02, 0x11, 0x21, 0x19, 0x01,
  0x01, 0x11, 0x21, 0x11, 0x01, 0x29, 0x02, 0x11, 0x29, 0x02, 0x01, 0x00,
  0x01, 0x00, 0x01, 0x00, 0x01, 0x00, 0x01, 0x00, 0xff, 0x00, 0xff, 0x00,
  0xff, 0x00, 0xff, 0x00, 0xff, 0x00, 0x02, 0x00, 0x01, 0x00, 0xfe, 0x00,
  0x01, 0x00, 0x01, 0x00, 0x01, 0x00, 0xff, 0x00, 0xff, 0x00, 0xff, 0x00,
  0x01, 0x00, 0xff, 0x00, 0x01, 0x00, 0x01, 0x00, 0x01, 0x00, 0x01, 0x00,
  0xff, 0x00, 0xff, 0x00, 0xff, 0x00, 0x01, 0x00, 0x01, 0x00, 0xff, 0x00,
  0x03, 0x00, 0x01, 0x00, 0x00, 0x02, 0x00, 0x00, 0xff, 0x00, 0x05, 0x00,
  0x05, 0x00, 0x00, 0x17, 0x00, 0x1d, 0x00, 0x00, 0x31, 0x29, 0x01, 0x11,
  0x21, 0x19, 0x01, 0x21, 0x11, 0x21, 0x19, 0x03, 0x21, 0x11, 0x29, 0x02,
  0x11, 0x21, 0x19, 0x02, 0x01, 0x19, 0x01, 0x21, 0x19, 0x01, 0x01, 0x00,
  0x01, 0x00, 0x01, 0x00, 0x01, 0x00, 0x01, 0x00, 0xff, 0x00, 0xff, 0x00,
  0xff, 0x00, 0xff, 0x00, 0xff, 0x00, 0x02, 0x00, 0x01, 0x00, 0x01, 0x00,
  0xff, 0x00, 0xff, 0x00, 0x01, 0x00, 0x01, 0x00, 0x01, 0x00, 0x01, 0x00,
  0x01, 0x00, 0x01, 0x00, 0xff, 0x00, 0xff, 0x00, 0xff, 0x00, 0xff, 0x00,
  0x01, 0x00, 0x01, 0x00, 0x01, 0x00, 0xff, 0x00, 0xff, 0x00, 0x00, 0x00,
  0x00, 0x02, 0x00, 0x00, 0xff, 0x00, 0x05, 0x00, 0x05, 0x00, 0x00, 0x17,
  0x00, 0x1d, 0x00, 0x00, 0x31, 0x29, 0x01, 0x11, 0x21, 0x19, 0x01, 0x21,
  0x11, 0x21, 0x19, 0x03, 0x21, 0x11, 0x29, 0x02, 0x11, 0x21, 0x19, 0x02,
  0x01, 0x19, 0x01, 0x21, 0x19, 0x01, 0x01, 0x00, 0x01, 0x00, 0x01, 0x00,
  0x01, 0x00, 0x01, 0x00, 0xff, 0x00, 0xff, 0x00, 0xff, 0x00, 0xff, 0x00,
  0xff, 0x00, 0x02, 0x00, 0x01, 0x00, 0x01, 0x00, 0xff, 0x00, 0xff, 0x00,
  0x01, 0x00, 0x01, 0x00, 0x01, 0x00, 0x01, 0x00, 0x01, 0x00, 0x01, 0x00,
  0xff, 0x00, 0xff, 0x00, 0xff, 0x00, 0xff, 0x00, 0x01, 0x00, 0x01, 0x00,
  0x01, 0x00, 0xff, 0x00, 0xff, 0x00, 0x00, 0x00, 0x00, 0x03, 0x00, 0x00,
  0x00, 0x00, 0x05, 0x00, 0x06, 0x00, 0x00, 0x19, 0x00, 0x1d, 0x00, 0x21,
  0x00, 0x00, 0x11, 0x21, 0x11, 0x29, 0x02, 0x11, 0x29, 0x01, 0x19, 0x01,
  0x21, 0x11, 0x29, 0x01, 0x11, 0x21, 0x11, 0x21, 0x11, 0x21, 0x11, 0x21,
  0x11, 0x21, 0x11, 0x01, 0x21, 0x11, 0x21, 0x01, 0x21, 0x11, 0x21, 0x01,
  0x00, 0x01, 0x00, 0x01, 0x00, 0x01, 0x00, 0xff, 0x00, 0xff, 0x00, 0x01,
  0x00, 0x01, 0x00, 0x01, 0x00, 0xff, 0x00, 0xff, 0x00, 0xff, 0x00, 0xff,
  0x00, 0xff, 0x00, 0x01, 0x00, 0x01, 0x00, 0xff, 0x00, 0x02, 0x00, 0x01,
  0x00, 0xff, 0x00, 0x01, 0x00, 0xff, 0x00, 0x01, 0x00, 0x01, 0x00, 0x01,
  0x00, 0xff, 0x00, 0x01, 0x00, 0x01, 0x00, 0x01, 0x00, 0xff, 0x00, 0xff,
  0x00, 0xff, 0x00, 0x03, 0x00, 0x01, 0x00, 0xff, 0x00, 0x01, 0x00, 0x00,
  0x00, 0x03, 0x00, 0x00, 0x00, 0x00, 0x05, 0x00, 0x06, 0x00, 0x00, 0x19,
  0x00, 0x1d, 0x00, 0x21, 0x00, 0x00, 0x11, 0x21, 0x11, 0x29, 0x02, 0x11,
  0x29, 0x01, 0x19, 0x01, 0x21, 0x11, 0x29, 0x01, 0x11, 0x21, 0x11, 0x21,
  0x11, 0x21, 0x11, 0x21, 0x11, 0x21, 0x11, 0x01, 0x21, 0x11, 0x21, 0x01,
  0x21, 0x11, 0x21, 0x01, 0x00, 0x01, 0x00, 0x01, 0x00, 0x01, 0x00, 0xff,
  0x00, 0xff, 0x00, 0x01, 0x00, 0x01, 0x00, 0x01, 0x00, 0xff, 0x00, 0xff,
  0x00, 0xff, 0x00, 0xff, 0x00, 0xff, 0x00, 0x01, 0x00, 0x01, 0x00, 0xff,
  0x00, 0x02, 0x00, 0x01, 0x00, 0xff, 0x00, 0x01, 0x00, 0xff, 0x00, 0x01,
  0x00, 0x01, 0x00, 0x01, 0x00, 0xff, 0x00, 0x01, 0x00, 0x01, 0x00, 0x01,
  0x00, 0xff, 0x00, 0xff, 0x00, 0xff, 0x00, 0x03, 0x00, 0x01, 0x00, 0xff,
  0x00, 0x01, 0x00, 0x00, 0x00, 0x01, 0x00, 0x00, 0x00, 0x00, 0x05, 0x00,
  0x06, 0x00, 0x00, 0x1f, 0x00, 0x00, 0x31, 0x29, 0x04, 0x11, 0x29, 0x02,
  0x11, 0x29, 0x01, 0x11, 0x29, 0x01, 0x11, 0x29, 0x02, 0x11, 0x21, 0x11,
  0x29, 0x02, 0x11, 0x21, 0x19, 0x03, 0x01, 0x00, 0x01, 0x00, 0x01, 0x00,
  0x01, 0x00, 0x01, 0x00, 0xff, 0x00, 0xff, 0x00, 0xff, 0x00, 0x01, 0x00,
  0x01, 0x00, 0xff, 0x00, 0xff, 0x00, 0x01, 0x00, 0x01, 0x00, 0x01, 0x00,
  0xff, 0x00, 0xff, 0x00, 0xff, 0x00, 0xff, 0x00, 0xff, 0x00, 0x01, 0x00,
  0x01, 0x00, 0x01, 0x00, 0x01, 0x00, 0x01, 0x00, 0x01, 0x00, 0xff, 0x00,
  0xff, 0x00, 0xff, 0x00, 0xff, 0x00, 0xff, 0x00, 0x00, 0x01, 0x00, 0x00,
  0x00, 0x00, 0x05, 0x00, 0x06, 0x00, 0x00, 0x1f, 0x00, 0x00, 0x31, 0x29,
  0x04, 0x11, 0x29, 0x02, 0x11, 0x29, 0x01, 0x11, 0x29, 0x01, 0x11, 0x29,
  0x02, 0x11, 0x21, 0x11, 0x29, 0x02, 0x11, 0x21, 0x19, 0x03, 0x01, 0x00,
  0x01, 0x00, 0x01, 0x00, 0x01, 0x00, 0x01, 0x00, 0xff, 0x00, 0xff, 0x00,
  0xff, 0x00, 0x01, 0x00, 0x01, 0x00, 0xff, 0x00, 0xff, 0x00, 0x01, 0x00,
  0x01, 0x00, 0x01, 0x00, 0xff, 0x00, 0xff, 0x00, 0xff, 0x00, 0xff, 0x00,
  0xff, 0x00, 0x01, 0x00, 0x01, 0x00, 0x01, 0x00, 0x01, 0x00, 0x01, 0x00,
  0x01, 0x00, 0xff, 0x00, 0xff, 0x00, 0xff, 0x00, 0xff, 0x00, 0xff, 0x00,
  0x00, 0x01, 0x00, 0x00, 0x00, 0x00, 0x05, 0x00, 0x06, 0x00, 0x00, 0x1f,
  0x00, 0x00, 0x31, 0x29, 0x04, 0x11, 0x29, 0x02, 0x11, 0x29, 0x01, 0x11,
  0x29, 0x01, 0x11, 0x29, 0x02, 0x11, 0x29, 0x01, 0x11, 0x21, 0x11, 0x29,
  0x01, 0x19, 0x03, 0x01, 0x00, 0x01, 0x00, 0x01, 0x00, 0x01, 0x00, 0x01,
  0x00, 0xff, 0x00, 0xff, 0x00, 0xff, 0x00, 0x01, 0x00, 0x01, 0x00, 0xff,
  0x00, 0xff, 0x00, 0x01, 0x00, 0x01, 0x00, 0x01, 0x00, 0xff, 0x00, 0xff,
  0x00, 0xff, 0x00, 0xff, 0x00, 0xff, 0x00, 0x01, 0x00, 0x01, 0x00, 0x01,
  0x00, 0x01, 0x00, 0x01, 0x00, 0x01, 0x00, 0xff, 0x00, 0xff, 0x00, 0xff,
  0x00, 0xff, 0x00, 0xff, 0x00, 0x00, 0x00, 0x00, 0x00, 0x01, 0x00, 0x00,
  0x00, 0x00, 0x05, 0x00, 0x06, 0x00, 0x00, 0x1f, 0x00, 0x00, 0x31, 0x29,
  0x04, 0x11, 0x29, 0x02, 0x11, 0x29, 0x01, 0x11, 0x29, 0x01, 0x11, 0x29,
  0x02, 0x11, 0x29, 0x01, 0x11, 0x21, 0x11, 0x29, 0x01, 0x19, 0x03, 0x01,
  0x00, 0x01, 0x00, 0x01, 0x00, 0x01, 0x00, 0x01, 0x00, 0xff, 0x00, 0xff,
  0x00, 0xff, 0x00, 0x01, 0x00, 0x01, 0x00, 0xff, 0x00, 0xff, 0x00, 0x01,
  0x00, 0x01, 0x00, 0x01, 0x00, 0xff, 0x00, 0xff, 0x00, 0xff, 0x00, 0xff,
  0x00, 0xff, 0x00, 0x01, 0x00, 0x01, 0x00, 0x01, 0x00, 0x01, 0x00, 0x01,
  0x00, 0x01, 0x00, 0xff, 0x00, 0xff, 0x00, 0xff, 0x00, 0xff, 0x00, 0xff,
  0x00, 0x00, 0x00, 0x00, 0x00, 0x01, 0x00, 0x00, 0xff, 0x00, 0x05, 0x00,
  0x05, 0x00, 0x00, 0x1f, 0x00, 0x00, 0x31, 0x29, 0x02, 0x11, 0x21, 0x11,
  0x21, 0x11, 0x29, 0x02, 0x11, 0x29, 0x01, 0x11, 0x29, 0x01, 0x11, 0x29,
  0x02, 0x11, 0x29, 0x04, 0x19, 0x03, 0x01, 0x00, 0x01, 0x00, 0x01, 0x00,
  0x01, 0x00, 0x01, 0x00, 0xff, 0x00, 0xff, 0x00, 0xff, 0x00, 0x01, 0x00,
  0x01, 0x00, 0xff, 0x00, 0xff, 0x00, 0x01, 0x00, 0x01, 0x00, 0x01, 0x00,
  0xff, 0x00, 0xff, 0x00, 0xff, 0x00, 0xff, 0x00, 0xff, 0x00, 0xff, 0x00,
  0x01, 0x00, 0x01, 0x00, 0x01, 0x00, 0x01, 0x00, 0x01, 0x00, 0x01, 0x00,
  0xff, 0x00, 0xff, 0x00, 0xff, 0x00, 0xff, 0x00, 0x00, 0x01, 0x00, 0x00,
  0xff, 0x00, 0x05, 0x00, 0x05, 0x00, 0x00, 0x1f, 0x00, 0x00, 0x31, 0x29,
  0x02, 0x11, 0x21, 0x11, 0x21, 0x11, 0x29, 0x02, 0x11, 0x29, 0x01, 0x11,
  0x29, 0x01, 0x11, 0x29, 0x02, 0x11, 0x29, 0x04, 0x19, 0x03, 0x01, 0x00,
  0x01, 0x00, 0x01, 0x00, 0x01, 0x00, 0x01, 0x00, 0xff, 0x00, 0xff, 0x00,
  0xff, 0x00, 0x01, 0x00, 0x01, 0x00, 0xff, 0x00, 0xff, 0x00, 0x01, 0x00,
  0x01, 0x00, 0x01, 0x00, 0xff, 0x00, 0xff, 0x00, 0xff, 0x00, 0xff, 0x00,
  0xff, 0x00, 0xff, 0x00, 0x01, 0x00, 0x01, 0x00, 0x01, 0x00, 0x01, 0x00,
  0x01, 0x00, 0x01, 0x00, 0xff, 0x00, 0xff, 0x00, 0xff, 0x00, 0xff, 0x00,
  0x00, 0x01, 0x00, 0x00, 0xff, 0x00, 0x05, 0x00, 0x05, 0x00, 0x00, 0x1f,
  0x00, 0x00, 0x11, 0x21, 0x11, 0x21, 0x11, 0x29, 0x01, 0x11, 0x21, 0x19,
  0x02, 0x29, 0x01, 0x19, 0x01, 0x21, 0x19, 0x02, 0x29, 0x02, 0x11, 0x29,
  0x03, 0x11, 0x21, 0x19, 0x01, 0x01, 0x00, 0x01, 0x00, 0x01, 0x00, 0x01,
  0x00, 0x01, 0x00, 0xff, 0x00, 0xff, 0x00, 0xff, 0x00, 0x01, 0x00, 0x01,
  0x00, 0x01, 0x00, 0xff, 0x00, 0xff, 0x00, 0xff, 0x00, 0xff, 0x00, 0xff,
  0x00, 0x01, 0x00, 0xff, 0x00, 0xff, 0x00, 0x01, 0x00, 0x01, 0x00, 0x01,
  0x00, 0x01, 0x00, 0xff, 0x00, 0xff, 0x00, 0x01, 0x00, 0x01, 0x00, 0x01,
  0x00, 0x01, 0x00, 0xff, 0x00, 0xff, 0x00, 0xff, 0x00, 0x00, 0x00, 0x00,
  0x00, 0x01, 0x00, 0x00, 0xff, 0x00, 0x05, 0x00, 0x05, 0x00, 0x00, 0x1f,
  0x00, 0x00, 0x11, 0x21, 0x11, 0x21, 0x11, 0x29, 0x01, 0x11, 0x21, 0x19,
  0x02, 0x29, 0x01, 0x19, 0x01, 0x21, 0x19, 0x02, 0x29, 0x02, 0x11, 0x29,
  0x03, 0x11, 0x21, 0x19, 0x01, 0x01, 0x00, 0x01, 0x00, 0x01, 0x00, 0x01,
  0x00, 0x01, 0x00, 0xff, 0x00, 0xff, 0x00, 0xff, 0x00, 0x01, 0x00, 0x01,
  0x00, 0x01, 0x00, 0xff, 0x00, 0xff, 0x00, 0xff, 0x00, 0xff, 0x00, 0xff,
  0x00, 0x01, 0x00, 0xff, 0x00, 0xff, 0x00, 0x01, 0x00, 0x01, 0x00, 0x01,
  0x00, 0x01, 0x00, 0xff, 0x00, 0xff, 0x00, 0x01, 0x00, 0x01, 0x00, 0x01,
  0x00, 0x01, 0x00, 0xff, 0x00, 0xff, 0x00, 0xff, 0x00, 0x00, 0x00, 0x00,
  0x00, 0x01, 0x00, 0x00, 0x00, 0x00, 0x07, 0x00, 0x05, 0x00, 0x00, 0x1d,
  0x00, 0x00, 0x11, 0x21, 0x19, 0x02, 0x29, 0x01, 0x19, 0x01, 0x21, 0x19,
  0x01, 0x29, 0x01, 0x19, 0x02, 0x21, 0x11, 0x21, 0x11, 0x29, 0x01, 0x11,
  0x21, 0x11, 0x29, 0x01, 0x11, 0x21, 0x01, 0x00, 0x01, 0x00, 0x01, 0x00,
  0x01, 0x00, 0x01, 0x00, 0x01, 0x00, 0x01, 0x00, 0xff, 0x00, 0xff, 0x00,
  0xff, 0x00, 0xff, 0x00, 0xff, 0x00, 0xff, 0x00, 0xff, 0x00, 0x03, 0x00,
  0xff, 0x00, 0xff, 0x00, 0xff, 0x00, 0x01, 0x00, 0x01, 0x00, 0xff, 0x00,
  0xff, 0x00, 0x01, 0x00, 0x01, 0x00, 0x01, 0x00, 0x01, 0x00, 0x01, 0x00,
  0xff, 0x00, 0x01, 0x00, 0xff, 0x00, 0x00, 0x00, 0x00, 0x01, 0x00, 0x00,
  0x00, 0x00, 0x07, 0x00, 0x05, 0x00, 0x00, 0x1d, 0x00, 0x00, 0x11, 0x21,
  0x19, 0x02, 0x29, 0x01, 0x19, 0x01, 0x21, 0x19, 0x01, 0x29, 0x01, 0x19,
  0x02, 0x21, 0x11, 0x21, 0x11, 0x29, 0x01, 0x11, 0x21, 0x11, 0x29, 0x01,
  0x11, 0x21, 0x01, 0x00, 0x01, 0x00, 0x01, 0x00, 0x01, 0x00, 0x01, 0x00,
  0x01, 0x00, 0x01, 0x00, 0xff, 0x00, 0xff, 0x00, 0xff, 0x00, 0xff, 0x00,
  0xff, 0x00, 0xff, 0x00, 0xff, 0x00, 0x03, 0x00, 0xff, 0x00, 0xff, 0x00,
  0xff, 0x00, 0x01, 0x00, 0x01, 0x00, 0xff, 0x00, 0xff, 0x00, 0x01, 0x00,
  0x01, 0x00, 0x01, 0x00, 0x01, 0x00, 0x01, 0x00, 0xff, 0x00, 0x01, 0x00,
  0xff, 0x00, 0x00, 0x00, 0x00, 0x02, 0x00, 0x00, 0x00, 0x00, 0x02, 0x00,
  0x06, 0x00, 0x00, 0x0b, 0x00, 0x11, 0x00, 0x00, 0x31, 0x29, 0x01, 0x19,
  0x03, 0x29, 0x01, 0x19, 0x03, 0x29, 0x01, 0x11, 0x29, 0x01, 0x01, 0x00,
  0x01, 0x00, 0xff, 0x00, 0xff, 0x00, 0x01, 0x00, 0x01, 0x00, 0xff, 0x00,
  0xff, 0x00, 0x01, 0x00, 0x01, 0x00, 0x01, 0x00, 0x01, 0x00, 0xff, 0x00,
  0xff, 0x00, 0xff, 0x00, 0x04, 0x00, 0x01, 0x00, 0x00, 0x02, 0x00, 0x00,
  0x00, 0x00, 0x02, 0x00, 0x06, 0x00, 0x00, 0x0b, 0x00, 0x11, 0x00, 0x00,
  0x31, 0x29, 0x01, 0x19, 0x03, 0x29, 0x01, 0x19, 0x03, 0x29, 0x01, 0x11,
  0x29, 0x01, 0x01, 0x00, 0x01, 0x00, 0xff, 0x00, 0xff, 0x00, 0x01, 0x00,
  0x01, 0x00, 0xff, 0x00, 0xff, 0x00, 0x01, 0x00, 0x01, 0x00, 0x01, 0x00,
  0x01, 0x00, 0xff, 0x00, 0xff, 0x00, 0xff, 0x00, 0x04, 0x00, 0x01, 0x00,
  0x00, 0x01, 0x00, 0x00, 0xff, 0x00, 0x02, 0x00, 0x05, 0x00, 0x00, 0x0f,
  0x00, 0x00, 0x31, 0x21, 0x11, 0x21, 0x19, 0x05, 0x29, 0x01, 0x19, 0x03,
  0x01, 0x00, 0x01, 0x00, 0xff, 0x00, 0xff, 0x00, 0xff, 0x00, 0x01, 0x00,
  0x01, 0x00, 0x01, 0x00, 0x01, 0x00, 0x01, 0x00, 0x01, 0x00, 0xff, 0x00,
  0xff, 0x00, 0xff, 0x00, 0xff, 0x00, 0x00, 0x00, 0x00, 0x01, 0x00, 0x00,
  0xff, 0x00, 0x02, 0x00, 0x05, 0x00, 0x00, 0x0f, 0x00, 0x00, 0x31, 0x21,
  0x11, 0x21, 0x19, 0x05, 0x29, 0x01, 0x19, 0x03, 0x01, 0x00, 0x01, 0x00,
  0xff, 0x00, 0xff, 0x00, 0xff, 0x00, 0x01, 0x00, 0x01, 0x00, 0x01, 0x00,
  0x01, 0x00, 0x01, 0x00, 0x01, 0x00, 0xff, 0x00, 0xff, 0x00, 0xff, 0x00,
  0xff, 0x00, 0x00, 0x00, 0x00, 0x01, 0x00, 0x00, 0xff, 0x00, 0x05, 0x00,
  0x05, 0x00, 0x00, 0x21, 0x00, 0x00, 0x31, 0x21, 0x11, 0x29, 0x01, 0x11,
  0x21, 0x19, 0x01, 0x21, 0x19, 0x01, 0x29, 0x01, 0x19, 0x01, 0x21, 0x11,
  0x21, 0x19, 0x01, 0x29, 0x01, 0x19, 0x01, 0x21, 0x19, 0x01, 0x29, 0x01,
  0x19, 0x03, 0x01, 0x00, 0x01, 0x00, 0x01, 0x00, 0xff, 0x00, 0x01, 0x00,
  0x01, 0x00, 0x01, 0x00, 0xff, 0x00, 0x01, 0x00, 0xff, 0x00, 0xff, 0x00,
  0xff, 0x00, 0xff, 0x00, 0xff, 0x00, 0xff, 0x00, 0x01, 0x00, 0x01, 0x00,
  0x01, 0x00, 0xff, 0x00, 0xff, 0x00, 0x01, 0x00, 0x01, 0x00, 0x01, 0x00,
  0x01, 0x00, 0x01, 0x00, 0xff, 0x00, 0xff, 0x00, 0x01, 0x00, 0x01, 0x00,
  0xff, 0x00, 0xff, 0x00, 0xff, 0x00, 0xff, 0x00, 0x00, 0x01, 0x00, 0x00,
  0xff, 0x00, 0x05, 0x00, 0x05, 0x00, 0x00, 0x21, 0x00, 0x00, 0x31, 0x21,
  0x11, 0x29, 0x01, 0x11, 0x21, 0x19, 0x01, 0x21, 0x19, 0x01, 0x29, 0x01,
  0x19, 0x01, 0x21, 0x11, 0x21, 0x19, 0x01, 0x29, 0x01, 0x19, 0x01, 0x21,
  0x19, 0x01, 0x29, 0x01, 0x19, 0x03, 0x01, 0x00, 0x01, 0x00, 0x01, 0x00,
  0xff, 0x00, 0x01, 0x00, 0x01, 0x00, 0x01, 0x00, 0xff, 0x00, 0x01, 0x00,
  0xff, 0x00, 0xff, 0x00, 0xff, 0x00, 0xff, 0x00, 0xff, 0x00, 0xff, 0x00,
  0x01, 0x00, 0x01, 0x00, 0x01, 0x00, 0xff, 0x00, 0xff, 0x00, 0x01, 0x00,
  0x01, 0x00, 0x01, 0x00, 0x01, 0x00, 0x01, 0x00, 0xff, 0x00, 0xff, 0x00,
  0x01, 0x00, 0x01, 0x00, 0xff, 0x00, 0xff, 0x00, 0xff, 0x00, 0xff, 0x00,
  0x00, 0x01, 0x00, 0x00, 0xff, 0x00, 0x05, 0x00, 0x05, 0x00, 0x00, 0x17,
  0x00, 0x00, 0x31, 0x21, 0x11, 0x29, 0x01, 0x11, 0x29, 0x01, 0x19, 0x01,
  0x29, 0x01, 0x11, 0x21, 0x19, 0x03, 0x29, 0x01, 0x19, 0x03, 0x01, 0x00,
  0x01, 0x00, 0x01, 0x00, 0x01, 0x00, 0x01, 0x00, 0xff, 0x00, 0xff, 0x00,
  0xff, 0x00, 0xff, 0x00, 0xff, 0x00, 0xff, 0x00, 0x01, 0x00, 0x01, 0x00,
  0x01, 0x00, 0xff, 0x00, 0x01, 0x00, 0x01, 0x00, 0x01, 0x00, 0x01, 0x00,
  0xff, 0x00, 0xff, 0x00, 0xff, 0x00, 0xff, 0x00, 0x00, 0x01, 0x00, 0x00,
  0xff, 0x00, 0x05, 0x00, 0x05, 0x00, 0x00, 0x17, 0x00, 0x00, 0x31, 0x21,
  0x11, 0x29, 0x01, 0x11, 0x29, 0x01, 0x19, 0x01, 0x29, 0x01, 0x11, 0x21,
  0x19, 0x03, 0x29, 0x01, 0x19, 0x03, 0x01, 0x00, 0x01, 0x00, 0x01, 0x00,
  0x01, 0x00, 0x01, 0x00, 0xff, 0x00, 0xff, 0x00, 0xff, 0x00, 0xff, 0x00,
  0xff, 0x00, 0xff, 0x00, 0x01, 0x00, 0x01, 0x00, 0x01, 0x00, 0xff, 0x00,
  0x01, 0x00, 0x01, 0x00, 0x01, 0x00, 0x01, 0x00, 0xff, 0x00, 0xff, 0x00,
  0xff, 0x00, 0xff, 0x00, 0x00, 0x03, 0x00, 0x00, 0x00, 0x00, 0x05, 0x00,
  0x05, 0x00, 0x00, 0x15, 0x00, 0x19, 0x00, 0x1d, 0x00, 0x00, 0x31, 0x29,
  0x04, 0x19, 0x01, 0x29, 0x01, 0x11, 0x21, 0x19, 0x03, 0x29, 0x01, 0x19,
  0x03, 0x01, 0x21, 0x11, 0x29, 0x02, 0x11, 0x21, 0x01, 0x00, 0x01, 0x00,
  0x01, 0x00, 0x01, 0x00, 0x01, 0x00, 0xff, 0x00, 0xff, 0x00, 0xff, 0x00,
  0xff, 0x00, 0xff, 0x00, 0x03, 0x00, 0x01, 0x00, 0xff, 0x00, 0x01, 0x00,
  0x01, 0x00, 0xff, 0x00, 0x01, 0x00, 0x01, 0x00, 0xff, 0x00, 0x01, 0x00,
  0x01, 0x00, 0x01, 0x00, 0x01, 0x00, 0xff, 0x00, 0xff, 0x00, 0xff, 0x00,
  0xff, 0x00, 0x02, 0x00, 0x01, 0x00, 0x01, 0x00, 0x00, 0x03, 0x00, 0x00,
  0x00, 0x00, 0x05, 0x00, 0x05, 0x00, 0x00, 0x15, 0x00, 0x19, 0x00, 0x1d,
  0x00, 0x00, 0x31, 0x29, 0x04, 0x19, 0x01, 0x29, 0x01, 0x11, 0x21, 0x19,
  0x03, 0x29, 0x01, 0x19, 0x03, 0x01, 0x21, 0x11, 0x29, 0x02, 0x11, 0x21,
  0x01, 0x00, 0x01, 0x00, 0x01, 0x00, 0x01, 0x00, 0x01, 0x00, 0xff, 0x00,
  0xff, 0x00, 0xff, 0x00, 0xff, 0x00, 0xff, 0x00, 0x03, 0x00, 0x01, 0x00,
  0xff, 0x00, 0x01, 0x00, 0x01, 0x00, 0xff, 0x00, 0x01, 0x00, 0x01, 0x00,
  0xff, 0x00, 0x01, 0x00, 0x01, 0x00, 0x01, 0x00, 0x01, 0x00, 0xff, 0x00,
  0xff, 0x00, 0xff, 0x00, 0xff, 0x00, 0x02, 0x00, 0x01, 0x00, 0x01, 0x00,
  0x00, 0x02, 0x00, 0x00, 0x00, 0x00, 0x06, 0x00, 0x05, 0x00, 0x00, 0x19,
  0x00, 0x1d, 0x00, 0x00, 0x11, 0x21, 0x11, 0x29, 0x04, 0x19, 0x01, 0x29,
  0x01, 0x11, 0x21, 0x11, 0x21, 0x11, 0x21, 0x19, 0x01, 0x29, 0x01, 0x19,
  0x02, 0x21, 0x01, 0x21, 0x11, 0x21, 0x01, 0x00, 0x01, 0x00, 0x01, 0x00,
  0x01, 0x00, 0x01, 0x00, 0x01, 0x00, 0xff, 0x00, 0xff, 0x00, 0xff, 0x00,
  0x01, 0x00, 0xff, 0x00, 0xff, 0x00, 0xff, 0x00, 0xff, 0x00, 0x04, 0x00,
  0x01, 0x00, 0xff, 0x00, 0x01, 0x00, 0xff, 0x00, 0x01, 0x00, 0x01, 0x00,
  0xff, 0x00, 0x01, 0x00, 0x01, 0x00, 0x01, 0x00, 0x01, 0x00, 0xff, 0x00,
  0xff, 0x00, 0xff, 0x00, 0x01, 0x00, 0x01, 0x00, 0x00, 0x02, 0x00, 0x00,
  0x00, 0x00, 0x06, 0x00, 0x05, 0x00, 0x00, 0x19, 0x00, 0x1d, 0x00, 0x00,
  0x11, 0x21, 0x11, 0x29, 0x04, 0x19, 0x01, 0x29, 0x01, 0x11, 0x21, 0x11,
  0x21, 0x11, 0x21, 0x19, 0x01, 0x29, 0x01, 0x19, 0x02, 0x21, 0x01, 0x21,
  0x11, 0x21, 0x01, 0x00, 0x01, 0x00, 0x01, 0x00, 0x01, 0x00, 0x01, 0x00,
  0x01, 0x00, 0xff, 0x00, 0xff, 0x00, 0xff, 0x00, 0x01, 0x00, 0xff, 0x00,
  0xff, 0x00, 0xff, 0x00, 0xff, 0x00, 0x04, 0x00, 0x01, 0x00, 0xff, 0x00,
  0x01, 0x00, 0xff, 0x00, 0x01, 0x00, 0x01, 0x00, 0xff, 0x00, 0x01, 0x00,
  0x01, 0x00, 0x01, 0x00, 0x01, 0x00, 0xff, 0x00, 0xff, 0x00, 0xff, 0x00,
  0x01, 0x00, 0x01, 0x00, 0x00, 0x02, 0x00, 0x00, 0xff, 0x00, 0x06, 0x00,
  0x05, 0x00, 0x00, 0x1d, 0x00, 0x23, 0x00, 0x00, 0x31, 0x29, 0x01, 0x19,
  0x01, 0x21, 0x11, 0x21, 0x11, 0x29, 0x01, 0x19, 0x04, 0x29, 0x01, 0x19,
  0x01, 0x21, 0x11, 0x21, 0x11, 0x29, 0x01, 0x19, 0x03, 0x01, 0x29, 0x01,
  0x11, 0x29, 0x01, 0x01, 0x00, 0x01, 0x00, 0x01, 0x00, 0x01, 0x00, 0x01,
  0x00, 0x01, 0x00, 0xff, 0x00, 0xff, 0x00, 0xff, 0x00, 0xff, 0x00, 0xff,
  0x00, 0xff, 0x00, 0x02, 0x00, 0x01, 0x00, 0x01, 0x00, 0xff, 0x00, 0xff,
  0x00, 0x01, 0x00, 0x01, 0x00, 0xff, 0x00, 0xff, 0x00, 0x01, 0x00, 0x01,
  0x00, 0x01, 0x00, 0x01, 0x00, 0x01, 0x00, 0xff, 0x00, 0xff, 0x00, 0x01,
  0x00, 0x01, 0x00, 0xff, 0x00, 0xff, 0x00, 0xff, 0x00, 0xff, 0x00, 0xfe,
  0x00, 0x01, 0x00, 0x00, 0x00, 0x02, 0x00, 0x00, 0xff, 0x00, 0x06, 0x00,
  0x05, 0x00, 0x00, 0x1d, 0x00, 0x23, 0x00, 0x00, 0x31, 0x29, 0x01, 0x19,
  0x01, 0x21, 0x11, 0x21, 0x11, 0x29, 0x01, 0x19, 0x04, 0x29, 0x01, 0x19,
  0x01, 0x21, 0x11, 0x21, 0x11, 0x29, 0x01, 0x19, 0x03, 0x01, 0x29, 0x01,
  0x11, 0x29, 0x01, 0x01, 0x00, 0x01, 0x00, 0x01, 0x00, 0x01, 0x00, 0x01,
  0x00, 0x01, 0x00, 0xff, 0x00, 0xff, 0x00, 0xff, 0x00, 0xff, 0x00, 0xff,
  0x00, 0xff, 0x00, 0x02, 0x00, 0x01, 0x00, 0x01, 0x00, 0xff, 0x00, 0xff,
  0x00, 0x01, 0x00, 0x01, 0x00, 0xff, 0x00, 0xff, 0x00, 0x01, 0x00, 0x01,
  0x00, 0x01, 0x00, 0x01, 0x00, 0x01, 0x00, 0xff, 0x00, 0xff, 0x00, 0x01,
  0x00, 0x01, 0x00, 0xff, 0x00, 0xff, 0x00, 0xff, 0x00, 0xff, 0x00, 0xfe,
  0x00, 0x01, 0x00, 0x00, 0x00, 0x02, 0x00, 0x00, 0xff, 0x00, 0x06, 0x00,
  0x05, 0x00, 0x00, 0x0f, 0x00, 0x23, 0x00, 0x00, 0x31, 0x29, 0x01, 0x19,
  0x02, 0x21, 0x11, 0x21, 0x11, 0x29, 0x01, 0x19, 0x03, 0x01, 0x29, 0x01,
  0x11, 0x21, 0x19, 0x03, 0x21, 0x11, 0x29, 0x01, 0x11, 0x21, 0x19, 0x03,
  0x21, 0x01, 0x00, 0x01, 0x00, 0x01, 0x00, 0xff, 0x00, 0xff, 0x00, 0xff,
  0x00, 0x03, 0x00, 0x01, 0x00, 0x01, 0x00, 0x01, 0x00, 0xff, 0x00, 0xff,
  0x00, 0xff, 0x00, 0x01, 0x00, 0xff, 0x00, 0x01, 0x00, 0x01, 0x00, 0x01,
  0x00, 0x01, 0x00, 0x01, 0x00, 0xff, 0x00, 0xff, 0x00, 0xff, 0x00, 0xff,
  0x00, 0xfe, 0x00, 0x01, 0x00, 0x01, 0x00, 0x01, 0x00, 0x01, 0x00, 0x01,
  0x00, 0x01, 0x00, 0xff, 0x00, 0xff, 0x00, 0xff, 0x00, 0xff, 0x00, 0xff,
  0x00, 0x00, 0x00, 0x00, 0x00, 0x02, 0x00, 0x00, 0xff, 0x00, 0x06, 0x00,
  0x05, 0x00, 0x00, 0x0f, 0x00, 0x23, 0x00, 0x00, 0x31, 0x29, 0x01, 0x19,
  0x02, 0x21, 0x11, 0x21, 0x11, 0x29, 0x01, 0x19, 0x03, 0x01, 0x29, 0x01,
  0x11, 0x21, 0x19, 0x03, 0x21, 0x11, 0x29, 0x01, 0x11, 0x21, 0x19, 0x03,
  0x21, 0x01, 0x00, 0x01, 0x00, 0x01, 0x00, 0xff, 0x00, 0xff, 0x00, 0xff,
  0x00, 0x03, 0x00, 0x01, 0x00, 0x01, 0x00, 0x01, 0x00, 0xff, 0x00, 0xff,
  0x00, 0xff, 0x00, 0x01, 0x00, 0xff, 0x00, 0x01, 0x00, 0x01, 0x00, 0x01,
  0x00, 0x01, 0x00, 0x01, 0x00, 0xff, 0x00, 0xff, 0x00, 0xff, 0x00, 0xff,
  0x00, 0xfe, 0x00, 0x01, 0x00, 0x01, 0x00, 0x01, 0x00, 0x01, 0x00, 0x01,
  0x00, 0x01, 0x00, 0xff, 0x00, 0xff, 0x00, 0xff, 0x00, 0xff, 0x00, 0xff,
  0x00, 0x00, 0x00, 0x00, 0x00, 0x02, 0x00, 0x00, 0x00, 0x00, 0x07, 0x00,
  0x05, 0x00, 0x00, 0x1d, 0x00, 0x25, 0x00, 0x00, 0x11, 0x21, 0x11, 0x29,
  0x05, 0x11, 0x29, 0x01, 0x11, 0x21, 0x11, 0x21, 0x11, 0x29, 0x01, 0x11,
  0x29, 0x05, 0x11, 0x21, 0x19, 0x01, 0x01, 0x19, 0x02, 0x21, 0x19, 0x02,
  0x01, 0x00, 0x01, 0x00, 0x01, 0x00, 0x01, 0x00, 0x01, 0x00, 0x01, 0x00,
  0x01, 0x00, 0xff, 0x00, 0xff, 0x00, 0x01, 0x00, 0xff, 0x00, 0x01, 0x00,
  0x01, 0x00, 0xff, 0x00, 0xff, 0x00, 0xff, 0x00, 0xff, 0x00, 0xff, 0x00,
  0xff, 0x00, 0xff, 0x00, 0x02, 0x00, 0x01, 0x00, 0x01, 0x00, 0xff, 0x00,
  0x01, 0x00, 0x01, 0x00, 0x01, 0x00, 0x01, 0x00, 0x01, 0x00, 0xff, 0x00,
  0xff, 0x00, 0xff, 0x00, 0xff, 0x00, 0x01, 0x00, 0x01, 0x00, 0x01, 0x00,
  0xff, 0x00, 0xff, 0x00, 0xff, 0x00, 0x00, 0x00, 0x00, 0x02, 0x00, 0x00,
  0x00, 0x00, 0x07, 0x00, 0x05, 0x00, 0x00, 0x1d, 0x00, 0x25, 0x00, 0x00,
  0x11, 0x21, 0x11, 0x29, 0x05, 0x11, 0x29, 0x01, 0x11, 0x21, 0x11, 0x21,
  0x11, 0x29, 0x01, 0x11, 0x29, 0x05, 0x11, 0x21, 0x19, 0x01, 0x01, 0x19,
  0x02, 0x21, 0x19, 0x02, 0x01, 0x00, 0x01, 0x00, 0x01, 0x00, 0x01, 0x00,
  0x01, 0x00, 0x01, 0x00, 0x01, 0x00, 0xff, 0x00, 0xff, 0x00, 0x01, 0x00,
  0xff, 0x00, 0x01, 0x00, 0x01, 0x00, 0xff, 0x00, 0xff, 0x00, 0xff, 0x00,
  0xff, 0x00, 0xff, 0x00, 0xff, 0x00, 0xff, 0x00, 0x02, 0x00, 0x01, 0x00,
  0x01, 0x00, 0xff, 0x00, 0x01, 0x00, 0x01, 0x00, 0x01, 0x00, 0x01, 0x00,
  0x01, 0x00, 0xff, 0x00, 0xff, 0x00, 0xff, 0x00, 0xff, 0x00, 0x01, 0x00,
  0x01, 0x00, 0x01, 0x00, 0xff, 0x00, 0xff, 0x00, 0xff, 0x00, 0x00, 0x00,
  0x00, 0x03, 0x00, 0x00, 0x00, 0x00, 0x05, 0x00, 0x06, 0x00, 0x00, 0x1b,
  0x00, 0x1f, 0x00, 0x23, 0x00, 0x00, 0x31, 0x29, 0x03, 0x11, 0x21, 0x11,
  0x29, 0x01, 0x11, 0x29, 0x01, 0x11, 0x29, 0x01, 0x11, 0x21, 0x11, 0x21,
  0x11, 0x21, 0x11, 0x29, 0x01, 0x11, 0x29, 0x01, 0x01, 0x21, 0x11, 0x21,
  0x01, 0x21, 0x11, 0x21, 0x01, 0x00, 0x01, 0x00, 0x01, 0x00, 0x01, 0x00,
  0x01, 0x00, 0xff, 0x00, 0xff, 0x00, 0x01, 0x00, 0x01, 0x00, 0xff, 0x00,
  0xff, 0x00, 0xff, 0x00, 0xff, 0x00, 0xff, 0x00, 0x01, 0x00, 0x01, 0x00,
  0xff, 0x00, 0xff, 0x00, 0x01, 0x00, 0x01, 0x00, 0xff, 0x00, 0x02, 0x00,
  0x01, 0x00, 0xff, 0x00, 0x01, 0x00, 0x01, 0x00, 0x01, 0x00, 0x01, 0x00,
  0x01, 0x00, 0xff, 0x00, 0xff, 0x00, 0xff, 0x00, 0xff, 0x00, 0x04, 0x00,
  0x01, 0x00, 0xff, 0x00, 0x01, 0x00, 0x00, 0x00, 0x00, 0x03, 0x00, 0x00,
  0x00, 0x00, 0x05, 0x00, 0x06, 0x00, 0x00, 0x1b, 0x00, 0x1f, 0x00, 0x23,
  0x00, 0x00, 0x31, 0x29, 0x03, 0x11, 0x21, 0x11, 0x29, 0x01, 0x11, 0x29,
  0x01, 0x11, 0x29, 0x01, 0x11, 0x21, 0x11, 0x21, 0x11, 0x21, 0x11, 0x29,
  0x01, 0x11, 0x29, 0x01, 0x01, 0x21, 0x11, 0x21, 0x01, 0x21, 0x11, 0x21,
  0x01, 0x00, 0x01, 0x00, 0x01, 0x00, 0x01, 0x00, 0x01, 0x00, 0xff, 0x00,
  0xff, 0x00, 0x01, 0x00, 0x01, 0x00, 0xff, 0x00, 0xff, 0x00, 0xff, 0x00,
  0xff, 0x00, 0xff, 0x00, 0x01, 0x00, 0x01, 0x00, 0xff, 0x00, 0xff, 0x00,
  0x01, 0x00, 0x01, 0x00, 0xff, 0x00, 0x02, 0x00, 0x01, 0x00, 0xff, 0x00,
  0x01, 0x00, 0x01, 0x00, 0x01, 0x00, 0x01, 0x00, 0x01, 0x00, 0xff, 0x00,
  0xff, 0x00, 0xff, 0x00, 0xff, 0x00, 0x04, 0x00, 0x01, 0x00, 0xff, 0x00,
  0x01, 0x00, 0x00, 0x00, 0x00, 0x01, 0x00, 0x00, 0x00, 0x00, 0x04, 0x00,
  0x05, 0x00, 0x00, 0x15, 0x00, 0x00, 0x11, 0x21, 0x19, 0x01, 0x29, 0x01,
  0x19, 0x01, 0x21, 0x11, 0x21, 0x11, 0x21, 0x11, 0x29, 0x03, 0x11, 0x21,
  0x11, 0x21, 0x01, 0x00, 0x01, 0x00, 0x01, 0x00, 0x01, 0x00, 0xff, 0x00,
  0x01, 0x00, 0xff, 0x00, 0xff, 0x00, 0xff, 0x00, 0xff, 0x00, 0x01, 0x00,
  0xff, 0x00, 0x02, 0x00, 0xff, 0x00, 0xff, 0x00, 0x01, 0x00, 0x01, 0x00,
  0x01, 0x00, 0x01, 0x00, 0x01, 0x00, 0xff, 0x00, 0xff, 0x00, 0x00, 0x00,
  0x00, 0x01, 0x00, 0x00, 0x00, 0x00, 0x04, 0x00, 0x05, 0x00, 0x00, 0x15,
  0x00, 0x00, 0x11, 0x21, 0x19, 0x01, 0x29, 0x01, 0x19, 0x01, 0x21, 0x11,
  0x21, 0x11, 0x21, 0x11, 0x29, 0x03, 0x11, 0x21, 0x11, 0x21, 0x01, 0x00,
  0x01, 0x00, 0x01, 0x00, 0x01, 0x00, 0xff, 0x00, 0x01, 0x00, 0xff, 0x00,
  0xff, 0x00, 0xff, 0x00, 0xff, 0x00, 0x01, 0x00, 0xff, 0x00, 0x02, 0x00,
  0xff, 0x00, 0xff, 0x00, 0x01, 0x00, 0x01, 0x00, 0x01, 0x00, 0x01, 0x00,
  0x01, 0x00, 0xff, 0x00, 0xff, 0x00, 0x00, 0x00, 0x00, 0x02, 0x00, 0x00,
  0x00, 0x00, 0x05, 0x00, 0x06, 0x00, 0x00, 0x17, 0x00, 0x1f, 0x00, 0x00,
  0x11, 0x21, 0x11, 0x29, 0x02, 0x11, 0x21, 0x19, 0x02, 0x29, 0x01, 0x19,
  0x02, 0x21, 0x19, 0x02, 0x29, 0x01, 0x19, 0x01, 0x01, 0x29, 0x02, 0x11,
  0x29, 0x02, 0x01, 0x00, 0x01, 0x00, 0x01, 0x00, 0x01, 0x00, 0x01, 0x00,
  0xff, 0x00, 0xff, 0x00, 0xff, 0x00, 0xff, 0x00, 0xff, 0x00, 0x01, 0x00,
  0x01, 0x00, 0x01, 0x00, 0x01, 0x00, 0xff, 0x00, 0xff, 0x00, 0xff, 0x00,
  0x01, 0x00, 0xff, 0x00, 0x01, 0x00, 0x01, 0x00, 0x01, 0x00, 0x01, 0x00,
  0xff, 0x00, 0xff, 0x00, 0xff, 0x00, 0x01, 0x00, 0x01, 0x00, 0x01, 0x00,
  0xff, 0x00, 0xff, 0x00, 0x03, 0x00, 0x01, 0x00, 0x00, 0x02, 0x00, 0x00,
  0x00, 0x00, 0x05, 0x00, 0x06, 0x00, 0x00, 0x17, 0x00, 0x1f, 0x00, 0x00,
  0x11, 0x21, 0x11, 0x29, 0x02, 0x11, 0x21, 0x19, 0x02, 0x29, 0x01, 0x19,
  0x02, 0x21, 0x19, 0x02, 0x29, 0x01, 0x19, 0x01, 0x01, 0x29, 0x02, 0x11,
  0x29, 0x02, 0x01, 0x00, 0x01, 0x00, 0x01, 0x00, 0x01, 0x00, 0x01, 0x00,
  0xff, 0x00, 0xff, 0x00, 0xff, 0x00, 0xff, 0x00, 0xff, 0x00, 0x01, 0x00,
  0x01, 0x00, 0x01, 0x00, 0x01, 0x00, 0xff, 0x00, 0xff, 0x00, 0xff, 0x00,
  0x01, 0x00, 0xff, 0x00, 0x01, 0x00, 0x01, 0x00, 0x01, 0x00, 0x01, 0x00,
  0xff, 0x00, 0xff, 0x00, 0xff, 0x00, 0x01, 0x00, 0x01, 0x00, 0x01, 0x00,
  0xff, 0x00, 0xff, 0x00, 0x03, 0x00, 0x01, 0x00, 0x00, 0x01, 0x00, 0x00,
  0xff, 0x00, 0x05, 0x00, 0x05, 0x00, 0x00, 0x1d, 0x00, 0x00, 0x11, 0x21,
  0x11, 0x29, 0x01, 0x11, 0x21, 0x19, 0x01, 0x21, 0x19, 0x03, 0x29, 0x01,
  0x19, 0x03, 0x21, 0x19, 0x03, 0x29, 0x01, 0x19, 0x02, 0x01, 0x00, 0x01,
  0x00, 0x01, 0x00, 0x01, 0x00, 0x01, 0x00, 0xff, 0x00, 0xff, 0x00, 0xff,
  0x00, 0xff, 0x00, 0xff, 0x00, 0x01, 0x00, 0xff, 0x00, 0xff, 0x00, 0x01,
  0x00, 0x01, 0x00, 0x01, 0x00, 0x01, 0x00, 0x01, 0x00, 0x01, 0x00, 0xff,
  0x00, 0xff, 0x00, 0xff, 0x00, 0xff, 0x00, 0x01, 0x00, 0x01, 0x00, 0x01,
  0x00, 0x01, 0x00, 0xff, 0x00, 0xff, 0x00, 0xff, 0x00, 0x00, 0x00, 0x00,
  0x00, 0x01, 0x00, 0x00, 0xff, 0x00, 0x05, 0x00, 0x05, 0x00, 0x00, 0x1d,
  0x00, 0x00, 0x11, 0x21, 0x11, 0x29, 0x01, 0x11, 0x21, 0x19, 0x01, 0x21,
  0x19, 0x03, 0x29, 0x01, 0x19, 0x03, 0x21, 0x19, 0x03, 0x29, 0x01, 0x19,
  0x02, 0x01, 0x00, 0x01, 0x00, 0x01, 0x00, 0x01, 0x00, 0x01, 0x00, 0xff,
  0x00, 0xff, 0x00, 0xff, 0x00, 0xff, 0x00, 0xff, 0x00, 0x01, 0x00, 0xff,
  0x00, 0xff, 0x00, 0x01, 0x00, 0x01, 0x00, 0x01, 0x00, 0x01, 0x00, 0x01,
  0x00, 0x01, 0x00, 0xff, 0x00, 0xff, 0x00, 0xff, 0x00, 0xff, 0x00, 0x01,
  0x00, 0x01, 0x00, 0x01, 0x00, 0x01, 0x00, 0xff, 0x00, 0xff, 0x00, 0xff,
  0x00, 0x00, 0x00, 0x00, 0x00, 0x03, 0x00, 0x00, 0x00, 0x00, 0x05, 0x00,
  0x06, 0x00, 0x00, 0x1b, 0x00, 0x1f, 0x00, 0x23, 0x00, 0x00, 0x31, 0x29,
  0x04, 0x11, 0x29, 0x01, 0x11, 0x21, 0x11, 0x21, 0x11, 0x29, 0x01, 0x11,
  0x21, 0x11, 0x29, 0x01, 0x11, 0x29, 0x01, 0x11, 0x21, 0x11, 0x21, 0x01,
  0x21, 0x11, 0x21, 0x01, 0x21, 0x11, 0x21, 0x01, 0x00, 0x01, 0x00, 0x01,
  0x00, 0x01, 0x00, 0x01, 0x00, 0xff, 0x00, 0xff, 0x00, 0x01, 0x00, 0x01,
  0x00, 0xff, 0x00, 0xff, 0x00, 0xff, 0x00, 0xff, 0x00, 0xff, 0x00, 0x01,
  0x00, 0x01, 0x00, 0xff, 0x00, 0xff, 0x00, 0x01, 0x00, 0x01, 0x00, 0xff,
  0x00, 0x02, 0x00, 0x01, 0x00, 0xff, 0x00, 0x01, 0x00, 0x01, 0x00, 0x01,
  0x00, 0x01, 0x00, 0x01, 0x00, 0xff, 0x00, 0xff, 0x00, 0xff, 0x00, 0xff,
  0x00, 0x04, 0x00, 0x01, 0x00, 0xff, 0x00, 0x01, 0x00, 0x00, 0x00, 0x00,
  0x00, 0x03, 0x00, 0x00, 0x00, 0x00, 0x05, 0x00, 0x06, 0x00, 0x00, 0x1b,
  0x00, 0x1f, 0x00, 0x23, 0x00, 0x00, 0x31, 0x29, 0x04, 0x11, 0x29, 0x01,
  0x11, 0x21, 0x11, 0x21, 0x11, 0x29, 0x01, 0x11, 0x21, 0x11, 0x29, 0x01,
  0x11, 0x29, 0x01, 0x11, 0x21, 0x11, 0x21, 0x01, 0x21, 0x11, 0x21, 0x01,
  0x21, 0x11, 0x21, 0x01, 0x00, 0x01, 0x00, 0x01, 0x00, 0x01, 0x00, 0x01,
  0x00, 0xff, 0x00, 0xff, 0x00, 0x01, 0x00, 0x01, 0x00, 0xff, 0x00, 0xff,
  0x00, 0xff, 0x00, 0xff, 0x00, 0xff, 0x00, 0x01, 0x00, 0x01, 0x00, 0xff,
  0x00, 0xff, 0x00, 0x01, 0x00, 0x01, 0x00, 0xff, 0x00, 0x02, 0x00, 0x01,
  0x00, 0xff, 0x00, 0x01, 0x00, 0x01, 0x00, 0x01, 0x00, 0x01, 0x00, 0x01,
  0x00, 0xff, 0x00, 0xff, 0x00, 0xff, 0x00, 0xff, 0x00, 0x04, 0x00, 0x01,
  0x00, 0xff, 0x00, 0x01, 0x00, 0x00, 0x00, 0x00, 0x00, 0x01, 0x00, 0x00,
  0x00, 0x00, 0x05, 0x00, 0x05, 0x00, 0x00, 0x1d, 0x00, 0x00, 0x11, 0x21,
  0x11, 0x29, 0x02, 0x11, 0x21, 0x19, 0x02, 0x21, 0x11, 0x29, 0x02, 0x11,
  0x21, 0x11, 0x29, 0x01, 0x11, 0x21, 0x19, 0x02, 0x21, 0x11, 0x29, 0x01,
  0x01, 0x00, 0x01, 0x00, 0x01, 0x00, 0x01, 0x00, 0x01, 0x00, 0xff, 0x00,
  0xff, 0x00, 0xff, 0x00, 0xff, 0x00, 0xff, 0x00, 0x01, 0x00, 0x01, 0x00,
  0x01, 0x00, 0xff, 0x00, 0xff, 0x00, 0xff, 0x00, 0x01, 0x00, 0xff, 0x00,
  0x01, 0x00, 0x01, 0x00, 0x01, 0x00, 0x01, 0x00, 0x01, 0x00, 0xff, 0x00,
  0xff, 0x00, 0x01, 0x00, 0xff, 0x00, 0xff, 0x00, 0xff, 0x00, 0x01, 0x00,
  0x00, 0x02, 0x00, 0x00, 0x00, 0x00, 0x05, 0x00, 0x05, 0x00, 0x00, 0x19,
  0x00, 0x1d, 0x00, 0x00, 0x11, 0x21, 0x11, 0x29, 0x02, 0x11, 0x21, 0x19,
  0x02, 0x21, 0x11, 0x29, 0x03, 0x11, 0x29, 0x02, 0x11, 0x29, 0x02, 0x11,
  0x01, 0x11, 0x21, 0x11, 0x01, 0x00, 0x01, 0x00, 0x01, 0x00, 0x01, 0x00,
  0x01, 0x00, 0xff, 0x00, 0xff, 0x00, 0xff, 0x00, 0xff, 0x00, 0xff, 0x00,
  0x01, 0x00, 0x01, 0x00, 0x01, 0x00, 0xff, 0x00, 0xff, 0x00, 0xff, 0x00,
  0x02, 0x00, 0x01, 0x00, 0x01, 0x00, 0xff, 0x00, 0x01, 0x00, 0x01, 0x00,
  0x01, 0x00, 0x01, 0x00, 0x01, 0x00, 0xff, 0x00, 0xff, 0x00, 0xff, 0x00,
  0xff, 0x00, 0x01, 0x00, 0xff, 0x00, 0x00, 0x00, 0x00, 0x01, 0x00, 0x00,
  0x00, 0x00, 0x05, 0x00, 0x05, 0x00, 0x00, 0x1d, 0x00, 0x00, 0x31, 0x29,
  0x03, 0x11, 0x21, 0x11, 0x29, 0x01, 0x11, 0x21, 0x11, 0x21, 0x11, 0x21,
  0x11, 0x29, 0x01, 0x11, 0x29, 0x03, 0x19, 0x01, 0x21, 0x11, 0x21, 0x11,
  0x01, 0x00, 0x01, 0x00, 0x01, 0x00, 0x01, 0x00, 0x01, 0x00, 0xff, 0x00,
  0xff, 0x00, 0xff, 0x00, 0x01, 0x00, 0xff, 0x00, 0x01, 0x00, 0x01, 0x00,
  0xff, 0x00, 0xff, 0x00, 0xff, 0x00, 0xff, 0x00, 0x01, 0x00, 0xff, 0x00,
  0x01, 0x00, 0x01, 0x00, 0xff, 0x00, 0x01, 0x00, 0x01, 0x00, 0x01, 0x00,
  0x01, 0x00, 0xff, 0x00, 0xff, 0x00, 0xff, 0x00, 0xff, 0x00, 0x00, 0x00,
  0x00, 0x02, 0x00, 0x00, 0xff, 0x00, 0x05, 0x00, 0x05, 0x00, 0x00, 0x15,
  0x00, 0x21, 0x00, 0x00, 0x11, 0x21, 0x11, 0x21, 0x11, 0x21, 0x11, 0x21,
  0x11, 0x21, 0x19, 0x01, 0x29, 0x01, 0x19, 0x01, 0x21, 0x19, 0x01, 0x29,
  0x01, 0x11, 0x01, 0x29, 0x02, 0x19, 0x01, 0x21, 0x11, 0x21, 0x11, 0x21,
  0x11, 0x01, 0x00, 0x01, 0x00, 0x01, 0x00, 0x01, 0x00, 0x01, 0x00, 0xff,
  0x00, 0xff, 0x00, 0xff, 0x00, 0xff, 0x00, 0xff, 0x00, 0x01, 0x00, 0x01,
  0x00, 0x01, 0x00, 0x01, 0x00, 0xff, 0x00, 0xff, 0x00, 0xff, 0x00, 0x03,
  0x00, 0xff, 0x00, 0xff, 0x00, 0x01, 0x00, 0x01, 0x00, 0x01, 0x00, 0x01,
  0x00, 0xff, 0x00, 0xff, 0x00, 0x01, 0x00, 0x01, 0x00, 0xff, 0x00, 0xfb,
  0x00, 0x01, 0x00, 0x01, 0x00, 0xff, 0x00, 0x01, 0x00, 0xff, 0x00, 0x00,
  0x00, 0x01, 0x00, 0x00, 0x00, 0x00, 0x04, 0x00, 0x05, 0x00, 0x00, 0x11,
  0x00, 0x00, 0x11, 0x21, 0x19, 0x01, 0x29, 0x01, 0x19, 0x01, 0x21, 0x11,
  0x21, 0x19, 0x01, 0x29, 0x01, 0x19, 0x01, 0x21, 0x01, 0x00, 0x01, 0x00,
  0x01, 0x00, 0x01, 0x00, 0xff, 0x00, 0xff, 0x00, 0xff, 0x00, 0xff, 0x00,
  0x02, 0x00, 0xff, 0x00, 0xff, 0x00, 0x01, 0x00, 0x01, 0x00, 0x01, 0x00,
  0x01, 0x00, 0x01, 0x00, 0xff, 0x00, 0xff, 0x00, 0x00, 0x01, 0x00, 0x00,
  0xff, 0x00, 0x07, 0x00, 0x05, 0x00, 0x00, 0x21, 0x00, 0x00, 0x11, 0x29,
  0x01, 0x11, 0x21, 0x19, 0x01, 0x21, 0x11, 0x21, 0x11, 0x29, 0x01, 0x19,
  0x04, 0x29, 0x01, 0x19, 0x01, 0x21, 0x11, 0x21, 0x11, 0x29, 0x01, 0x19,
  0x04, 0x21, 0x01, 0x00, 0x01, 0x00, 0x01, 0x00, 0x01, 0x00, 0x01, 0x00,
  0x01, 0x00, 0x01, 0x00, 0xff, 0x00, 0xff, 0x00, 0xff, 0x00, 0xff, 0x00,
  0xff, 0x00, 0xff, 0x00, 0xff, 0x00, 0xff, 0x00, 0x01, 0x00, 0x01, 0x00,
  0x01, 0x00, 0xff, 0x00, 0xff, 0x00, 0x01, 0x00, 0x01, 0x00, 0x01, 0x00,
  0x01, 0x00, 0x01, 0x00, 0xff, 0x00, 0xff, 0x00, 0x01, 0x00, 0x01, 0x00,
  0xff, 0x00, 0xff, 0x00, 0xff, 0x00, 0xff, 0x00, 0xff, 0x00, 0x00, 0x00,
  0x00, 0x01, 0x00, 0x00, 0xff, 0x00, 0x05, 0x00, 0x05, 0x00, 0x00, 0x21,
  0x00, 0x00, 0x31, 0x21, 0x11, 0x29, 0x02, 0x11, 0x21, 0x19, 0x01, 0x21,
  0x11, 0x21, 0x19, 0x01, 0x29, 0x04, 0x11, 0x29, 0x02, 0x11, 0x21, 0x11,
  0x21, 0x19, 0x01, 0x21, 0x11, 0x29, 0x01, 0x01, 0x00, 0x01, 0x00, 0x01,
  0x00, 0x01, 0x00, 0x01, 0x00, 0xff, 0x00, 0x01, 0x00, 0xff, 0x00, 0xff,
  0x00, 0xff, 0x00, 0xff, 0x00, 0xff, 0x00, 0x01, 0x00, 0x01, 0x00, 0x01,
  0x00, 0xff, 0x00, 0x01, 0x00, 0xff, 0x00, 0xff, 0x00, 0xff, 0x00, 0xff,
  0x00, 0x01, 0x00, 0x01, 0x00, 0x01, 0x00, 0x01, 0x00, 0x01, 0x00, 0x01,
  0x00, 0xff, 0x00, 0xff, 0x00, 0xff, 0x00, 0xff, 0x00, 0xff, 0x00, 0x01,
  0x00, 0x00, 0x00, 0x00, 0x00, 0x01, 0x00, 0x00, 0x00, 0x00, 0x02, 0x00,
  0x05, 0x00, 0x00, 0x0d, 0x00, 0x00, 0x31, 0x29, 0x01, 0x19, 0x04, 0x29,
  0x01, 0x19, 0x03, 0x01, 0x00, 0x01, 0x00, 0xff, 0x00, 0xff, 0x00, 0x01,
  0x00, 0x01, 0x00, 0x01, 0x00, 0x01, 0x00, 0x01, 0x00, 0xff, 0x00, 0xff,
  0x00, 0xff, 0x00, 0xff, 0x00, 0x00, 0x00, 0x00, 0x00, 0x02, 0x00, 0x00,
  0x00, 0x00, 0x05, 0x00, 0x05, 0x00, 0x00, 0x0d, 0x00, 0x1b, 0x00, 0x00,
  0x31, 0x29, 0x01, 0x19, 0x04, 0x29, 0x01, 0x19, 0x03, 0x01, 0x29, 0x01,
  0x19, 0x04, 0x29, 0x01, 0x19, 0x03, 0x01, 0x00, 0x01, 0x00, 0xff, 0x00,
  0xff, 0x00, 0x03, 0x00, 0x01, 0x00, 0x01, 0x00, 0xff, 0x00, 0xff, 0x00,
  0x01, 0x00, 0x01, 0x00, 0x01, 0x00, 0x01, 0x00, 0x01, 0x00, 0xff, 0x00,
  0xff, 0x00, 0xff, 0x00, 0xff, 0x00, 0xff, 0x00, 0x01, 0x00, 0x01, 0x00,
  0x01, 0x00, 0x01, 0x00, 0x01, 0x00, 0xff, 0x00, 0xff, 0x00, 0xff, 0x00,
  0xff, 0x00, 0x00, 0x00, 0x00, 0x01, 0x00, 0x00, 0x00, 0x00, 0x04, 0x00,
  0x05, 0x00, 0x00, 0x15, 0x00, 0x00, 0x11, 0x21, 0x11, 0x29, 0x01, 0x11,
  0x21, 0x11, 0x21, 0x11, 0x21, 0x11, 0x21, 0x11, 0x29, 0x01, 0x11, 0x21,
  0x11, 0x21, 0x11, 0x21, 0x01, 0x00, 0x01, 0x00, 0x01, 0x00, 0x01, 0x00,
  0xff, 0x00, 0x01, 0x00, 0xff, 0x00, 0xff, 0x00, 0xff, 0x00, 0xff, 0x00,
  0x01, 0x00, 0xff, 0x00, 0x01, 0x00, 0xff, 0x00, 0x01, 0x00, 0x01, 0x00,
  0x01, 0x00, 0x01, 0x00, 0x01, 0x00, 0xff, 0x00, 0xff, 0x00, 0xff, 0x00,
  0x00, 0x02, 0x00, 0x00, 0x00, 0x00, 0x02, 0x00, 0x05, 0x00, 0x00, 0x05,
  0x00, 0x0f, 0x00, 0x00, 0x31, 0x29, 0x01, 0x11, 0x29, 0x01, 0x11, 0x29,
  0x01, 0x19, 0x02, 0x29, 0x01, 0x19, 0x01, 0x01, 0x00, 0x01, 0x00, 0xff,
  0x00, 0xff, 0x00, 0x01, 0x00, 0x01, 0x00, 0xff, 0x00, 0xff, 0x00, 0x01,
  0x00, 0x01, 0x00, 0x01, 0x00, 0x01, 0x00, 0x01, 0x00, 0xff, 0x00, 0xff,
  0x00, 0x00, 0x00, 0x00, 0x00, 0x02, 0x00, 0x00, 0x00, 0x00, 0x05, 0x00,
  0x05, 0x00, 0x00, 0x19, 0x00, 0x1d, 0x00, 0x00, 0x11, 0x21, 0x11, 0x29,
  0x02, 0x11, 0x21, 0x19, 0x02, 0x21, 0x11, 0x29, 0x03, 0x11, 0x29, 0x02,
  0x11, 0x29, 0x02, 0x11, 0x01, 0x11, 0x21, 0x11, 0x01, 0x00, 0x01, 0x00,
  0x01, 0x00, 0x01, 0x00, 0x01, 0x00, 0xff, 0x00, 0xff, 0x00, 0xff, 0x00,
  0xff, 0x00, 0xff, 0x00, 0x01, 0x00, 0x01, 0x00, 0x01, 0x00, 0xff, 0x00,
  0xff, 0x00, 0xff, 0x00, 0x02, 0x00, 0x01, 0x00, 0x01, 0x00, 0xff, 0x00,
  0x01, 0x00, 0x01, 0x00, 0x01, 0x00, 0x01, 0x00, 0x01, 0x00, 0xff, 0x00,
  0xff, 0x00, 0xff, 0x00, 0xff, 0x00, 0x01, 0x00, 0xff, 0x00, 0x00, 0x00,
  0x00, 0x02, 0x00, 0x00, 0xff, 0x00, 0x05, 0x00, 0x05, 0x00, 0x00, 0x15,
  0x00, 0x1d, 0x00, 0x00, 0x11, 0x21, 0x11, 0x29, 0x01, 0x11, 0x21, 0x19,
  0x01, 0x21, 0x19, 0x02, 0x21, 0x11, 0x29, 0x02, 0x11, 0x21, 0x19, 0x01,
  0x01, 0x19, 0x02, 0x21, 0x19, 0x02, 0x01, 0x00, 0x01, 0x00, 0x01, 0x00,
  0x01, 0x00, 0x01, 0x00, 0xff, 0x00, 0xff, 0x00, 0xff, 0x00, 0xff, 0x00,
  0xff, 0x00, 0x02, 0x00, 0x01, 0x00, 0x01, 0x00, 0xff, 0x00, 0xff, 0x00,
  0x01, 0x00, 0x01, 0x00, 0x01, 0x00, 0x01, 0x00, 0x01, 0x00, 0x01, 0x00,
  0xff, 0x00, 0xff, 0x00, 0xff, 0x00, 0xff, 0x00, 0x01, 0x00, 0x01, 0x00,
  0x01, 0x00, 0xff, 0x00, 0xff, 0x00, 0xff, 0x00, 0x00, 0x02, 0x00, 0x00,
  0xff, 0x00, 0x05, 0x00, 0x05, 0x00, 0x00, 0x15, 0x00, 0x1d, 0x00, 0x00,
  0x11, 0x21, 0x11, 0x29, 0x01, 0x11, 0x21, 0x19, 0x01, 0x21, 0x19, 0x02,
  0x21, 0x11, 0x29, 0x02, 0x11, 0x21, 0x19, 0x01, 0x01, 0x19, 0x02, 0x21,
  0x19, 0x02, 0x01, 0x00, 0x01, 0x00, 0x01, 0x00, 0x01, 0x00, 0x01, 0x00,
  0xff, 0x00, 0xff, 0x00, 0xff, 0x00, 0xff, 0x00, 0xff, 0x00, 0x02, 0x00,
  0x01, 0x00, 0x01, 0x00, 0xff, 0x00, 0xff, 0x00, 0x01, 0x00, 0x01, 0x00,
  0x01, 0x00, 0x01, 0x00, 0x01, 0x00, 0x01, 0x00, 0xff, 0x00, 0xff, 0x00,
  0xff, 0x00, 0xff, 0x00, 0x01, 0x00, 0x01, 0x00, 0x01, 0x00, 0xff, 0x00,
  0xff, 0x00, 0xff, 0x00, 0x00, 0x02, 0x00, 0x00, 0x00, 0x00, 0x07, 0x00,
  0x05, 0x00, 0x00, 0x1b, 0x00, 0x1f, 0x00, 0x00, 0x11, 0x21, 0x11, 0x21,
  0x11, 0x29, 0x02, 0x11, 0x21, 0x11, 0x21, 0x11, 0x21, 0x19, 0x01, 0x29,
  0x01, 0x19, 0x01, 0x21, 0x19, 0x01, 0x29, 0x01, 0x19, 0x01, 0x21, 0x01,
  0x11, 0x21, 0x11, 0x01, 0x00, 0x01, 0x00, 0x01, 0x00, 0x01, 0x00, 0x01,
  0x00, 0x01, 0x00, 0x01, 0x00, 0xff, 0x00, 0xff, 0x00, 0xff, 0x00, 0xff,
  0x00, 0xff, 0x00, 0xff, 0x00, 0xff, 0x00, 0x03, 0x00, 0x01, 0x00, 0x02,
  0x00, 0xff, 0x00, 0xff, 0x00, 0x01, 0x00, 0x01, 0x00, 0x01, 0x00, 0x01,
  0x00, 0x01, 0x00, 0xff, 0x00, 0xff, 0x00, 0x01, 0x00, 0x01, 0x00, 0xff,
  0x00, 0xff, 0x00, 0xfe, 0x00, 0x01, 0x00, 0xff, 0x00, 0x00, 0x00, 0x00,
  0x00, 0x01, 0x00, 0x00, 0x00, 0x00, 0x05, 0x00, 0x05, 0x00, 0x00, 0x1d,
  0x00, 0x00, 0x11, 0x21, 0x11, 0x29, 0x02, 0x11, 0x21, 0x19, 0x02, 0x21,
  0x11, 0x29, 0x02, 0x11, 0x21, 0x11, 0x29, 0x01, 0x11, 0x21, 0x19, 0x02,
  0x21, 0x11, 0x29, 0x01, 0x01, 0x00, 0x01, 0x00, 0x01, 0x00, 0x01, 0x00,
  0x01, 0x00, 0xff, 0x00, 0xff, 0x00, 0xff, 0x00, 0xff, 0x00, 0xff, 0x00,
  0x01, 0x00, 0x01, 0x00, 0x01, 0x00, 0xff, 0x00, 0xff, 0x00, 0xff, 0x00,
  0x01, 0x00, 0xff, 0x00, 0x01, 0x00, 0x01, 0x00, 0x01, 0x00, 0x01, 0x00,
  0x01, 0x00, 0xff, 0x00, 0xff, 0x00, 0x01, 0x00, 0xff, 0x00, 0xff, 0x00,
  0xff, 0x00, 0x01, 0x00, 0x00, 0x01, 0x00, 0x00, 0x00, 0x00, 0x05, 0x00,
  0x05, 0x00, 0x00, 0x1d, 0x00, 0x00, 0x31, 0x29, 0x03, 0x11, 0x21, 0x11,
  0x29, 0x01, 0x11, 0x21, 0x11, 0x21, 0x11, 0x21, 0x11, 0x29, 0x01, 0x11,
  0x29, 0x03, 0x19, 0x01, 0x21, 0x11, 0x21, 0x11, 0x01, 0x00, 0x01, 0x00,
  0x01, 0x00, 0x01, 0x00, 0x01, 0x00, 0xff, 0x00, 0xff, 0x00, 0xff, 0x00,
  0x01, 0x00, 0xff, 0x00, 0x01, 0x00, 0x01, 0x00, 0xff, 0x00, 0xff, 0x00,
  0xff, 0x00, 0xff, 0x00, 0x01, 0x00, 0xff, 0x00, 0x01, 0x00, 0x01, 0x00,
  0xff, 0x00, 0x01, 0x00, 0x01, 0x00, 0x01, 0x00, 0x01, 0x00, 0xff, 0x00,
  0xff, 0x00, 0xff, 0x00, 0xff, 0x00, 0x00, 0x00, 0x00, 0x02, 0x00, 0x00,
  0xff, 0x00, 0x05, 0x00, 0x05, 0x00, 0x00, 0x15, 0x00, 0x21, 0x00, 0x00,
  0x11, 0x21, 0x11, 0x21, 0x11, 0x21, 0x11, 0x21, 0x11, 0x21, 0x19, 0x01,
  0x29, 0x01, 0x19, 0x01, 0x21, 0x19, 0x01, 0x29, 0x01, 0x11, 0x01, 0x29,
  0x02, 0x19, 0x01, 0x21, 0x11, 0x21, 0x11, 0x21, 0x11, 0x01, 0x00, 0x01,
  0x00, 0x01, 0x00, 0x01, 0x00, 0x01, 0x00, 0xff, 0x00, 0xff, 0x00, 0xff,
  0x00, 0xff, 0x00, 0xff, 0x00, 0x01, 0x00, 0x01, 0x00, 0x01, 0x00, 0x01,
  0x00, 0xff, 0x00, 0xff, 0x00, 0xff, 0x00, 0x03, 0x00, 0xff, 0x00, 0xff,
  0x00, 0x01, 0x00, 0x01, 0x00, 0x01, 0x00, 0x01, 0x00, 0xff, 0x00, 0xff,
  0x00, 0x01, 0x00, 0x01, 0x00, 0xff, 0x00, 0xfb, 0x00, 0x01, 0x00, 0x01,
  0x00, 0xff, 0x00, 0x01, 0x00, 0xff, 0x00, 0x00, 0x00, 0x01, 0x00, 0x00,
  0x00, 0x00, 0x04, 0x00, 0x05, 0x00, 0x00, 0x11, 0x00, 0x00, 0x11, 0x21,
  0x19, 0x01, 0x29, 0x01, 0x19, 0x01, 0x21, 0x11, 0x21, 0x19, 0x01, 0x29,
  0x01, 0x19, 0x01, 0x21, 0x01, 0x00, 0x01, 0x00, 0x01, 0x00, 0x01, 0x00,
  0xff, 0x00, 0xff, 0x00, 0xff, 0x00, 0xff, 0x00, 0x02, 0x00, 0xff, 0x00,
  0xff, 0x00, 0x01, 0x00, 0x01, 0x00, 0x01, 0x00, 0x01, 0x00, 0x01, 0x00,
  0xff, 0x00, 0xff, 0x00, 0x00, 0x01, 0x00, 0x00, 0xff, 0x00, 0x07, 0x00,
  0x05, 0x00, 0x00, 0x21, 0x00, 0x00, 0x11, 0x29, 0x01, 0x11, 0x21, 0x19,
  0x01, 0x21, 0x11, 0x21, 0x11, 0x29, 0x01, 0x19, 0x04, 0x29, 0x01, 0x19,
  0x01, 0x21, 0x11, 0x21, 0x11, 0x29, 0x01, 0x19, 0x04, 0x21, 0x01, 0x00,
  0x01, 0x00, 0x01, 0x00, 0x01, 0x00, 0x01, 0x00, 0x01, 0x00, 0x01, 0x00,
  0xff, 0x00, 0xff, 0x00, 0xff, 0x00, 0xff, 0x00, 0xff, 0x00, 0xff, 0x00,
  0xff, 0x00, 0xff, 0x00, 0x01, 0x00, 0x01, 0x00, 0x01, 0x00, 0xff, 0x00,
  0xff, 0x00, 0x01, 0x00, 0x01, 0x00, 0x01, 0x00, 0x01, 0x00, 0x01, 0x00,
  0xff, 0x00, 0xff, 0x00, 0x01, 0x00, 0x01, 0x00, 0xff, 0x00, 0xff, 0x00,
  0xff, 0x00, 0xff, 0x00, 0xff, 0x00, 0x00, 0x00, 0x00, 0x02, 0x00, 0x00,
  0x00, 0x00, 0x07, 0x00, 0x05, 0x00, 0x00, 0x1b, 0x00, 0x1f, 0x00, 0x00,
  0x11, 0x21, 0x11, 0x21, 0x11, 0x29, 0x02, 0x11, 0x21, 0x11, 0x21, 0x11,
  0x21, 0x19, 0x01, 0x29, 0x01, 0x19, 0x01, 0x21, 0x19, 0x01, 0x29, 0x01,
  0x19, 0x01, 0x21, 0x01, 0x11, 0x21, 0x11, 0x01, 0x00, 0x01, 0x00, 0x01,
  0x00, 0x01, 0x00, 0x01, 0x00, 0x01, 0x00, 0x01, 0x00, 0xff, 0x00, 0xff,
  0x00, 0xff, 0x00, 0xff, 0x00, 0xff, 0x00, 0xff, 0x00, 0xff, 0x00, 0x03,
  0x00, 0x01, 0x00, 0x02, 0x00, 0xff, 0x00, 0xff, 0x00, 0x01, 0x00, 0x01,
  0x00, 0x01, 0x00, 0x01, 0x00, 0x01, 0x00, 0xff, 0x00, 0xff, 0x00, 0x01,
  0x00, 0x01, 0x00, 0xff, 0x00, 0xff, 0x00, 0xfe, 0x00, 0x01, 0x00, 0xff,
  0x00, 0x00, 0x00, 0x00, 0x00, 0x01, 0x00, 0x00, 0xff, 0x00, 0x05, 0x00,
  0x05, 0x00, 0x00, 0x21, 0x00, 0x00, 0x31, 0x21, 0x11, 0x29, 0x02, 0x11,
  0x21, 0x19, 0x01, 0x21, 0x11, 0x21, 0x19, 0x01, 0x29, 0x04, 0x11, 0x29,
  0x02, 0x11, 0x21, 0x11, 0x21, 0x19, 0x01, 0x21, 0x11, 0x29, 0x01, 0x01,
  0x00, 0x01, 0x00, 0x01, 0x00, 0x01, 0x00, 0x01, 0x00, 0xff, 0x00, 0x01,
  0x00, 0xff, 0x00, 0xff, 0x00, 0xff, 0x00, 0xff, 0x00, 0xff, 0x00, 0x01,
  0x00, 0x01, 0x00, 0x01, 0x00, 0xff, 0x00, 0x01, 0x00, 0xff, 0x00, 0xff,
  0x00, 0xff, 0x00, 0xff, 0x00, 0x01, 0x00, 0x01, 0x00, 0x01, 0x00, 0x01,
  0x00, 0x01, 0x00, 0x01, 0x00, 0xff, 0x00, 0xff, 0x00, 0xff, 0x00, 0xff,
  0x00, 0xff, 0x00, 0x01, 0x00, 0x00, 0x00, 0x00, 0x00, 0x01, 0x00, 0x00,
  0x00, 0x00, 0x05, 0x00, 0x05, 0x00, 0x00, 0x17, 0x00, 0x00, 0x11, 0x29,
  0x01, 0x11, 0x21, 0x19, 0x01, 0x21, 0x19, 0x01, 0x29, 0x01, 0x19, 0x01,
  0x21, 0x19, 0x01, 0x21, 0x11, 0x29, 0x02, 0x11, 0x21, 0x01, 0x00, 0x01,
  0x00, 0x01, 0x00, 0xff, 0x00, 0x01, 0x00, 0x01, 0x00, 0x01, 0x00, 0xff,
  0x00, 0xff, 0x00, 0xff, 0x00, 0xff, 0x00, 0xff, 0x00, 0x03, 0x00, 0x01,
  0x00, 0xff, 0x00, 0xff, 0x00, 0xff, 0x00, 0xff, 0x00, 0x01, 0x00, 0x01,
  0x00, 0x01, 0x00, 0x01, 0x00, 0x01, 0x00, 0xff, 0x00, 0x00, 0x00, 0x00,
  0x00, 0x01, 0x00, 0x00, 0x03, 0x00, 0x01, 0x00, 0x05, 0x00, 0x00, 0x05,
  0x00, 0x00, 0x11, 0x21, 0x19, 0x01, 0x21, 0x11, 0x01, 0x00, 0xff, 0x00,
  0x03, 0x00, 0x01, 0x00, 0x01, 0x00, 0xff, 0x00, 0x00, 0x02, 0x00, 0x00,
  0x03, 0x00, 0x03, 0x00, 0x05, 0x00, 0x00, 0x05, 0x00, 0x0b, 0x00, 0x00,
  0x11, 0x21, 0x19, 0x01, 0x21, 0x11, 0x01, 0x21, 0x19, 0x01, 0x21, 0x11,
  0x01, 0x00, 0xff, 0x00, 0x02, 0x00, 0x01, 0x00, 0xff, 0x00, 0x03, 0x00,
  0x01, 0x00, 0x01, 0x00, 0xff, 0x00, 0xff, 0x00, 0x01, 0x00, 0x01, 0x00,
  0xff, 0x00, 0x00, 0x00, 0x00, 0x01, 0x00, 0x00, 0x03, 0x00, 0x01, 0x00,
  0x05, 0x00, 0x00, 0x05, 0x00, 0x00, 0x11, 0x21, 0x19, 0x01, 0x21, 0x11,
  0x01, 0x00, 0xff, 0x00, 0x03, 0x00, 0x01, 0x00, 0x01, 0x00, 0xff, 0x00,
  0x00, 0x01, 0x00, 0x00, 0x03, 0x00, 0x01, 0x00, 0x05, 0x00, 0x00, 0x05,
  0x00, 0x00, 0x11, 0x21, 0x19, 0x01, 0x21, 0x11, 0x01, 0x00, 0xff, 0x00,
  0x03, 0x00, 0x01, 0x00, 0x01, 0x00, 0xff, 0x00, 0x00, 0x01, 0x00, 0x00,
  0x03, 0x00, 0x01, 0x00, 0x05, 0x00, 0x00, 0x05, 0x00, 0x00, 0x11, 0x21,
  0x19, 0x01, 0x21, 0x11, 0x01, 0x00, 0xff, 0x00, 0x03, 0x00, 0x01, 0x00,
  0x01, 0x00, 0xff, 0x00, 0x00, 0x01, 0x00, 0x00, 0x00, 0x00, 0x06, 0x00,
  0x05, 0x00, 0x00, 0x23, 0x00, 0x00, 0x31, 0x29, 0x01, 0x19, 0x03, 0x29,
  0x01, 0x11, 0x21, 0x11, 0x21, 0x11, 0x21, 0x11, 0x29, 0x01, 0x11, 0x21,
  0x11, 0x21, 0x11, 0x21, 0x11, 0x21, 0x11, 0x29, 0x03, 0x11, 0x21, 0x19,
  0x02, 0x01, 0x00, 0x01, 0x00, 0x01, 0x00, 0x01, 0x00, 0xff, 0x00, 0x01,
  0x00, 0xff, 0x00, 0x01, 0x00, 0x01, 0x00, 0x01, 0x00, 0xff, 0x00, 0x01,
  0x00, 0xff, 0x00, 0xff, 0x00, 0xff, 0x00, 0xff, 0x00, 0xff, 0x00, 0xff,
  0x00, 0x01, 0x00, 0x01, 0x00, 0x01, 0x00, 0x01, 0x00, 0xff, 0x00, 0xff,
  0x00, 0xff, 0x00, 0xff, 0x00, 0x01, 0x00, 0x01, 0x00, 0x01, 0x00, 0x01,
  0x00, 0x01, 0x00, 0xff, 0x00, 0xff, 0x00, 0xff, 0x00, 0xff, 0x00, 0x00,
  0x00, 0x01, 0x00, 0x00, 0x02, 0x00, 0x02, 0x00, 0x03, 0x00, 0x00, 0x05,
  0x00, 0x00, 0x11, 0x29, 0x01, 0x11, 0x29, 0x01, 0x01, 0x00, 0x01, 0x00,
  0xff, 0x00, 0xff, 0x00, 0x02, 0x00, 0x01, 0x00, 0x00, 0x01, 0x00, 0x00,
  0x02, 0x00, 0x03, 0x00, 0x03, 0x00, 0x00, 0x07, 0x00, 0x00, 0x11, 0x29,
  0x02, 0x11, 0x29, 0x02, 0x01, 0x00, 0x01, 0x00, 0x01, 0x00, 0xff, 0x00,
  0xff, 0x00, 0xff, 0x00, 0x02, 0x00, 0x01, 0x00, 0x00, 0x01, 0x00, 0x00,
  0x02, 0x00, 0x03, 0x00, 0x03, 0x00, 0x00, 0x07, 0x00, 0x00, 0x11, 0x29,
  0x02, 0x11, 0x29, 0x02, 0x01, 0x00, 0x01, 0x00, 0x01, 0x00, 0xff, 0x00,
  0xff, 0x00, 0xff, 0x00, 0x02, 0x00, 0x01, 0x00, 0x00, 0x01, 0x00, 0x00,
  0x02, 0x00, 0x04, 0x00, 0x03, 0x00, 0x00, 0x09, 0x00, 0x00, 0x11, 0x29,
  0x03, 0x11, 0x29, 0x03, 0x01, 0x00, 0x01, 0x00, 0x01, 0x00, 0x01, 0x00,
  0xff, 0x00, 0xff, 0x00, 0xff, 0x00, 0xff, 0x00, 0x02, 0x00, 0x01, 0x00,
  0x00, 0x01, 0x00, 0x00, 0x02, 0x00, 0x05, 0x00, 0x03, 0x00, 0x00, 0x0b,
  0x00, 0x00, 0x11, 0x29, 0x04, 0x11, 0x29, 0x04, 0x01, 0x00, 0x01, 0x00,
  0x01, 0x00, 0x01, 0x00, 0x01, 0x00, 0xff, 0x00, 0xff, 0x00, 0xff, 0x00,
  0xff, 0x00, 0xff, 0x00, 0x02, 0x00, 0x01, 0x00, 0x00, 0x01, 0x00, 0x00,
  0x03, 0x00, 0x01, 0x00, 0x05, 0x00, 0x00, 0x05, 0x00, 0x00, 0x11, 0x21,
  0x19, 0x01, 0x21, 0x11, 0x01, 0x00, 0xff, 0x00, 0x03, 0x00, 0x01, 0x00,
  0x01, 0x00, 0xff, 0x00, 0x00, 0x01, 0x00, 0x00, 0x03, 0x00, 0x01, 0x00,
  0x05, 0x00, 0x00, 0x05, 0x00, 0x00, 0x11, 0x21, 0x19, 0x01, 0x21, 0x11,
  0x01, 0x00, 0xff, 0x00, 0x03, 0x00, 0x01, 0x00, 0x01, 0x00, 0xff, 0x00,
  0x00, 0x01, 0x00, 0x00, 0xff, 0x00, 0x01, 0x00, 0x01, 0x00, 0x00, 0x05,
  0x00, 0x00, 0x11, 0x21, 0x19, 0x01, 0x21, 0x11, 0x01, 0x00, 0xff, 0x00,
  0xff, 0x00, 0x01, 0x00, 0x01, 0x00, 0xff, 0x00, 0x00, 0x01, 0x00, 0x00,
  0x03, 0x00, 0x01, 0x00, 0x05, 0x00, 0x00, 0x05, 0x00, 0x00, 0x11, 0x21,
  0x19, 0x01, 0x21, 0x11, 0x01, 0x00, 0xff, 0x00, 0x03, 0x00, 0x01, 0x00,
  0x01, 0x00, 0xff, 0x00, 0x00, 0x02, 0x00, 0x00, 0x03, 0x00, 0x03, 0x00,
  0x05, 0x00, 0x00, 0x05, 0x00, 0x0b, 0x00, 0x00, 0x11, 0x21, 0x19, 0x01,
  0x21, 0x11, 0x01, 0x21, 0x19, 0x01, 0x21, 0x11, 0x01, 0x00, 0xff, 0x00,
  0x02, 0x00, 0x01, 0x00, 0xff, 0x00, 0x03, 0x00, 0x01, 0x00, 0x01, 0x00,
  0xff, 0x00, 0xff, 0x00, 0x01, 0x00, 0x01, 0x00, 0xff, 0x00, 0x00, 0x00,
  0x00, 0x02, 0x00, 0x00, 0x03, 0x00, 0x03, 0x00, 0x05, 0x00, 0x00, 0x05,
  0x00, 0x0b, 0x00, 0x00, 0x11, 0x21, 0x19, 0x01, 0x21, 0x11, 0x01, 0x21,
  0x19, 0x01, 0x21, 0x11, 0x01, 0x00, 0xff, 0x00, 0x02, 0x00, 0x01, 0x00,
  0xff, 0x00, 0x03, 0x00, 0x01, 0x00, 0x01, 0x00, 0xff, 0x00, 0xff, 0x00,
  0x01, 0x00, 0x01, 0x00, 0xff, 0x00, 0x00, 0x00, 0x00, 0x02, 0x00, 0x00,
  0xff, 0x00, 0x03, 0x00, 0x01, 0x00, 0x00, 0x05, 0x00, 0x0b, 0x00, 0x00,
  0x11, 0x21, 0x19, 0x01, 0x21, 0x11, 0x01, 0x21, 0x19, 0x01, 0x21, 0x11,
  0x01, 0x00, 0xff, 0x00, 0x02, 0x00, 0x01, 0x00, 0xff, 0x00, 0xff, 0x00,
  0x01, 0x00, 0x01, 0x00, 0xff, 0x00, 0xff, 0x00, 0x01, 0x00, 0x01, 0x00,
  0xff, 0x00, 0x00, 0x00, 0x00, 0x02, 0x00, 0x00, 0x03, 0x00, 0x03, 0x00,
  0x05, 0x00, 0x00, 0x05, 0x00, 0x0b, 0x00, 0x00, 0x11, 0x21, 0x19, 0x01,
  0x21, 0x11, 0x01, 0x21, 0x19, 0x01, 0x21, 0x11, 0x01, 0x00, 0xff, 0x00,
  0x02, 0x00, 0x01, 0x00, 0xff, 0x00, 0x03, 0x00, 0x01, 0x00, 0x01, 0x00,
  0xff, 0x00, 0xff, 0x00, 0x01, 0x00, 0x01, 0x00, 0xff, 0x00, 0x00, 0x00,
  0x00, 0x01, 0x00, 0x00, 0x00, 0x00, 0x05, 0x00, 0x05, 0x00, 0x00, 0x13,
  0x00, 0x00, 0x11, 0x29, 0x01, 0x19, 0x02, 0x21, 0x19, 0x02, 0x29, 0x01,
  0x11, 0x29, 0x01, 0x11, 0x21, 0x11, 0x29, 0x01, 0x01, 0x00, 0x01, 0x00,
  0x01, 0x00, 0x01, 0x00, 0x01, 0x00, 0xff, 0x00, 0xff, 0x00, 0xff, 0x00,
  0xff, 0x00, 0xff, 0x00, 0x03, 0x00, 0xff, 0x00, 0xff, 0x00, 0xff, 0x00,
  0x01, 0x00, 0x01, 0x00, 0x01, 0x00, 0x01, 0x00, 0x01, 0x00, 0xff, 0x00,
  0x00, 0x01, 0x00, 0x00, 0x00, 0x00, 0x05, 0x00, 0x05, 0x00, 0x00, 0x1b,
  0x00, 0x00, 0x11, 0x29, 0x01, 0x11, 0x21, 0x11, 0x29, 0x01, 0x11, 0x29,
  0x01, 0x11, 0x29, 0x01, 0x11, 0x29, 0x01, 0x11, 0x21, 0x11, 0x29, 0x01,
  0x11, 0x29, 0x01, 0x11, 0x29, 0x01, 0x01, 0x00, 0x01, 0x00, 0x01, 0x00,
  0x01, 0x00, 0x01, 0x00, 0xff, 0x00, 0xff, 0x00, 0x01, 0x00, 0x01, 0x00,
  0xff, 0x00, 0xff, 0x00, 0xff, 0x00, 0xff, 0x00, 0xff, 0x00, 0x01, 0x00,
  0x01, 0x00, 0xff, 0x00, 0xff, 0x00, 0x01, 0x00, 0xff, 0x00, 0x01, 0x00,
  0x01, 0x00, 0x01, 0x00, 0x01, 0x00, 0x01, 0x00, 0xff, 0x00, 0xff, 0x00,
  0xff, 0x00, 0x00, 0x00, 0x00, 0x01, 0x00, 0x00, 0x01, 0x00, 0x03, 0x00,
  0x04, 0x00, 0x00, 0x0b, 0x00, 0x00, 0x11, 0x29, 0x02, 0x19, 0x02, 0x29,
  0x02, 0x19, 0x01, 0x01, 0x00, 0x01, 0x00, 0x01, 0x00, 0xff, 0x00, 0xff,
  0x00, 0xff, 0x00, 0x01, 0x00, 0x01, 0x00, 0x01, 0x00, 0x01, 0x00, 0xff,
  0x00, 0xff, 0x00, 0x00, 0x00, 0x03, 0x00, 0x00, 0x00, 0x00, 0x05, 0x00,
  0x01, 0x00, 0x00, 0x03, 0x00, 0x07, 0x00, 0x0b, 0x00, 0x00, 0x31, 0x21,
  0x11, 0x21, 0x01, 0x21, 0x11, 0x21, 0x01, 0x21, 0x11, 0x21, 0x01, 0x00,
  0xff, 0x00, 0x02, 0x00, 0x01, 0x00, 0xff, 0x00, 0x02, 0x00, 0x01, 0x00,
  0xff, 0x00, 0x01, 0x00, 0xff, 0x00, 0x01, 0x00, 0xff, 0x00, 0x01, 0x00,
  0x00, 0x01, 0x00, 0x00, 0x03, 0x00, 0x01, 0x00, 0x05, 0x00, 0x00, 0x05,
  0x00, 0x00, 0x11, 0x21, 0x19, 0x01, 0x21, 0x11, 0x01, 0x00, 0xff, 0x00,
  0x03, 0x00, 0x01, 0x00, 0x01, 0x00, 0xff, 0x00, 0x00, 0x02, 0x00, 0x00,
  0x03, 0x00, 0x03, 0x00, 0x05, 0x00, 0x00, 0x05, 0x00, 0x0b, 0x00, 0x00,
  0x11, 0x21, 0x19, 0x01, 0x21, 0x11, 0x01, 0x21, 0x19, 0x01, 0x21, 0x11,
  0x01, 0x00, 0xff, 0x00, 0x02, 0x00, 0x01, 0x00, 0xff, 0x00, 0x03, 0x00,
  0x01, 0x00, 0x01, 0x00, 0xff, 0x00, 0xff, 0x00, 0x01, 0x00, 0x01, 0x00,
  0xff, 0x00, 0x00, 0x00, 0x00, 0x04, 0x00, 0x00, 0x00, 0x00, 0x05, 0x00,
  0x05, 0x00, 0x00, 0x05, 0x00, 0x0f, 0x00, 0x15, 0x00, 0x1f, 0x00, 0x00,
  0x31, 0x29, 0x01, 0x11, 0x29, 0x01, 0x11, 0x29, 0x01, 0x19, 0x02, 0x29,
  0x01, 0x19, 0x01, 0x01, 0x29, 0x01, 0x11, 0x29, 0x01, 0x11, 0x29, 0x01,
  0x19, 0x02, 0x29, 0x01, 0x19, 0x01, 0x01, 0x00, 0x01, 0x00, 0xff, 0x00,
  0xff, 0x00, 0x01, 0x00, 0x01, 0x00, 0xff, 0x00, 0xff, 0x00, 0x03, 0x00,
  0x01, 0x00, 0x01, 0x00, 0xff, 0x00, 0xff, 0x00, 0x01, 0x00, 0x01, 0x00,
  0xff, 0x00, 0xff, 0x00, 0x01, 0x00, 0x01, 0x00, 0x01, 0x00, 0x01, 0x00,
  0x01, 0x00, 0xff, 0x00, 0xff, 0x00, 0xfd, 0x00, 0x01, 0x00, 0x01, 0x00,
  0x01, 0x00, 0x01, 0x00, 0x01, 0x00, 0xff, 0x00, 0xff, 0x00, 0x00, 0x00,
  0x00, 0x03, 0x00, 0x00, 0x00, 0x00, 0x03, 0x00, 0x05, 0x00, 0x00, 0x05,
  0x00, 0x09, 0x00, 0x0f, 0x00, 0x00, 0x31, 0x21, 0x19, 0x01, 0x21, 0x11,
  0x01, 0x21, 0x11, 0x29, 0x02, 0x19, 0x01, 0x21, 0x11, 0x01, 0x00, 0xff,
  0x00, 0x01, 0x00, 0x01, 0x00, 0xff, 0x00, 0x01, 0x00, 0x01, 0x00, 0xff,
  0x00, 0x01, 0x00, 0x01, 0x00, 0xff, 0x00, 0x01, 0x00, 0x01, 0x00, 0x01,
  0x00, 0x01, 0x00, 0xff, 0x00, 0x00, 0x00, 0x00, 0x00, 0x05, 0x00, 0x00,
  0x00, 0x00, 0x05, 0x00, 0x05, 0x00, 0x00, 0x0b, 0x00, 0x11, 0x00, 0x17,
  0x00, 0x1b, 0x00, 0x1f, 0x00, 0x00, 0x11, 0x21, 0x11, 0x21, 0x11, 0x21,
  0x11, 0x21, 0x11, 0x21, 0x11, 0x21, 0x01, 0x29, 0x01, 0x11, 0x29, 0x01,
  0x11, 0x29, 0x01, 0x11, 0x29, 0x01, 0x01, 0x21, 0x11, 0x21, 0x11, 0x21,
  0x11, 0x21, 0x01, 0x00, 0x01, 0x00, 0x01, 0x00, 0xff, 0x00, 0xff, 0x00,
  0xff, 0x00, 0x02, 0x00, 0x01, 0x00, 0x01, 0x00, 0xff, 0x00, 0xff, 0x00,
  0x01, 0x00, 0x01, 0x00, 0xff, 0x00, 0xff, 0x00, 0x02, 0x00, 0x01, 0x00,
  0xff, 0x00, 0x01, 0x00, 0xff, 0x00, 0x02, 0x00, 0xff, 0x00, 0x01, 0x00,
  0x01, 0x00, 0x01, 0x00, 0xff, 0x00, 0xfd, 0x00, 0x01, 0x00, 0x03, 0x00,
  0x01, 0x00, 0xfc, 0x00, 0x01, 0x00, 0x01, 0x00, 0x01, 0x00, 0x00, 0x00,
  0x00, 0x01, 0x00, 0x00, 0x03, 0x00, 0x05, 0x00, 0x05, 0x00, 0x00, 0x0f,
  0x00, 0x00, 0x11, 0x21, 0x11, 0x21, 0x11, 0x29, 0x02, 0x19, 0x01, 0x29,
  0x04, 0x11, 0x01, 0x00, 0x01, 0x00, 0x01, 0x00, 0x01, 0x00, 0x01, 0x00,
  0xff, 0x00, 0xff, 0x00, 0xff, 0x00, 0xff, 0x00, 0xff, 0x00, 0x03, 0x00,
  0x01, 0x00, 0xff, 0x00, 0x01, 0x00, 0x01, 0x00, 0xff, 0x00, 0x00, 0x00,
  0x00, 0x02, 0x00, 0x00, 0x00, 0x00, 0x05, 0x00, 0x05, 0x00, 0x00, 0x19,
  0x00, 0x1d, 0x00, 0x00, 0x11, 0x21, 0x11, 0x29, 0x03, 0x11, 0x29, 0x02,
  0x11, 0x29, 0x02, 0x19, 0x01, 0x21, 0x11, 0x29, 0x02, 0x11, 0x21, 0x19,
  0x01, 0x01, 0x11, 0x21, 0x11, 0x01, 0x00, 0x01, 0x00, 0x01, 0x00, 0x01,
  0x00, 0x01, 0x00, 0xff, 0x00, 0xff, 0x00, 0xff, 0x00, 0x01, 0x00, 0x01,
  0x00, 0x01, 0x00, 0xff, 0x00, 0xff, 0x00, 0xff, 0x00, 0xff, 0x00, 0xff,
  0x00, 0x02, 0x00, 0x01, 0x00, 0x01, 0x00, 0xff, 0x00, 0x01, 0x00, 0x01,
  0x00, 0x01, 0x00, 0x01, 0x00, 0x01, 0x00, 0xff, 0x00, 0xff, 0x00, 0xff,
  0x00, 0x01, 0x00, 0x01, 0x00, 0xff, 0x00, 0x00, 0x00, 0x03, 0x00, 0x00,
  0x00, 0x00, 0x05, 0x00, 0x05, 0x00, 0x00, 0x0f, 0x00, 0x13, 0x00, 0x17,
  0x00, 0x00, 0x11, 0x21, 0x11, 0x21, 0x11, 0x29, 0x02, 0x11, 0x29, 0x02,
  0x11, 0x21, 0x11, 0x21, 0x01, 0x21, 0x11, 0x21, 0x11, 0x21, 0x11, 0x21,
  0x01, 0x00, 0x01, 0x00, 0x01, 0x00, 0x01, 0x00, 0x01, 0x00, 0xff, 0x00,
  0xff, 0x00, 0xff, 0x00, 0xff, 0x00, 0xff, 0x00, 0x02, 0x00, 0x01, 0x00,
  0xff, 0x00, 0x01, 0x00, 0xff, 0x00, 0x02, 0x00, 0xff, 0x00, 0x01, 0x00,
  0x01, 0x00, 0x01, 0x00, 0xff, 0x00, 0xfd, 0x00, 0x01, 0x00, 0x03, 0x00,
  0x01, 0x00, 0x00, 0x00, 0x00, 0x03, 0x00, 0x00, 0x00, 0x00, 0x05, 0x00,
  0x05, 0x00, 0x00, 0x03, 0x00, 0x13, 0x00, 0x17, 0x00, 0x00, 0x11, 0x21,
  0x11, 0x29, 0x02, 0x19, 0x02, 0x21, 0x19, 0x02, 0x21, 0x11, 0x21, 0x11,
  0x21, 0x11, 0x21, 0x01, 0x21, 0x11, 0x21, 0x01, 0x00, 0xff, 0x00, 0x01,
  0x00, 0x01, 0x00, 0x01, 0x00, 0x01, 0x00, 0xff, 0x00, 0xff, 0x00, 0xff,
  0x00, 0x03, 0x00, 0x01, 0x00, 0xff, 0x00, 0x02, 0x00, 0x01, 0x00, 0xff,
  0x00, 0xff, 0x00, 0xff, 0x00, 0x01, 0x00, 0x01, 0x00, 0x01, 0x00, 0x01,
  0x00, 0x01, 0x00, 0xff, 0x00, 0xfe, 0x00, 0x01, 0x00, 0x00, 0x00, 0x00,
  0x00, 0x03, 0x00, 0x00, 0x00, 0x00, 0x05, 0x00, 0x05, 0x00, 0x00, 0x0f,
  0x00, 0x13, 0x00, 0x17, 0x00, 0x00, 0x11, 0x29, 0x02, 0x11, 0x21, 0x11,
  0x21, 0x11, 0x21, 0x11, 0x21, 0x11, 0x29, 0x02, 0x01, 0x21, 0x11, 0x21,
  0x11, 0x21, 0x11, 0x21, 0x01, 0x00, 0x01, 0x00, 0x01, 0x00, 0x01, 0x00,
  0x01, 0x00, 0xff, 0x00, 0xff, 0x00, 0xff, 0x00, 0xff, 0x00, 0xff, 0x00,
  0x02, 0x00, 0x01, 0x00, 0xff, 0x00, 0x01, 0x00, 0xff, 0x00, 0x02, 0x00,
  0xff, 0x00, 0x01, 0x00, 0x01, 0x00, 0x01, 0x00, 0xff, 0x00, 0xfd, 0x00,
  0x01, 0x00, 0x03, 0x00, 0x01, 0x00, 0x00, 0x00, 0x00, 0x03, 0x00, 0x00,
  0x00, 0x00, 0x05, 0x00, 0x05, 0x00, 0x00, 0x03, 0x00, 0x13, 0x00, 0x17,
  0x00, 0x00, 0x11, 0x21, 0x11, 0x21, 0x01, 0x21, 0x11, 0x21, 0x11, 0x21,
  0x11, 0x21, 0x19, 0x02, 0x21, 0x19, 0x02, 0x29, 0x02, 0x11, 0x21, 0x01,
  0x00, 0xff, 0x00, 0x01, 0x00, 0x01, 0x00, 0x01, 0x00, 0x01, 0x00, 0xff,
  0x00, 0xff, 0x00, 0xff, 0x00, 0x03, 0x00, 0x01, 0x00, 0xff, 0x00, 0x02,
  0x00, 0x01, 0x00, 0xfe, 0x00, 0xff, 0x00, 0x01, 0x00, 0x01, 0x00, 0x01,
  0x00, 0x01, 0x00, 0x01, 0x00, 0xff, 0x00, 0xff, 0x00, 0xff, 0x00, 0x01,
  0x00, 0x00, 0x00, 0x00, 0x00, 0x02, 0x00, 0x00, 0x00, 0x00, 0x05, 0x00,
  0x05, 0x00, 0x00, 0x13, 0x00, 0x19, 0x00, 0x00, 0x31, 0x29, 0x04, 0x19,
  0x02, 0x21, 0x11, 0x21, 0x11, 0x21, 0x11, 0x21, 0x11, 0x21, 0x19, 0x01,
  0x21, 0x19, 0x01, 0x21, 0x19, 0x01, 0x01, 0x00, 0x01, 0x00, 0x01, 0x00,
  0x01, 0x00, 0x01, 0x00, 0xff, 0x00, 0xff, 0x00, 0xff, 0x00, 0xff, 0x00,
  0xff, 0x00, 0x02, 0x00, 0x01, 0x00, 0x01, 0x00, 0x01, 0x00, 0x01, 0x00,
  0x01, 0x00, 0x01, 0x00, 0xff, 0x00, 0xff, 0x00, 0xff, 0x00, 0xff, 0x00,
  0x01, 0x00, 0x01, 0x00, 0xff, 0x00, 0xff, 0x00, 0x00, 0x01, 0x00, 0x00,
  0x00, 0x00, 0x05, 0x00, 0x05, 0x00, 0x00, 0x1b, 0x00, 0x00, 0x31, 0x29,
  0x01, 0x19, 0x03, 0x21, 0x19, 0x03, 0x29, 0x01, 0x19, 0x04, 0x29, 0x04,
  0x19, 0x03, 0x01, 0x00, 0x01, 0x00, 0x01, 0x00, 0x01, 0x00, 0x01, 0x00,
  0xff, 0x00, 0xff, 0x00, 0xff, 0x00, 0xff, 0x00, 0xff, 0x00, 0x01, 0x00,
  0x01, 0x00, 0x01, 0x00, 0x01, 0x00, 0xff, 0x00, 0xff, 0x00, 0xff, 0x00,
  0xff, 0x00, 0x01, 0x00, 0x01, 0x00, 0x01, 0x00, 0x01, 0x00, 0x01, 0x00,
  0xff, 0x00, 0xff, 0x00, 0xff, 0x00, 0xff, 0x00, 0x00, 0x01, 0x00, 0x00,
  0x00, 0x00, 0x05, 0x00, 0x05, 0x00, 0x00, 0x1d, 0x00, 0x00, 0x31, 0x29,
  0x04, 0x11, 0x29, 0x01, 0x11, 0x21, 0x11, 0x21, 0x11, 0x29, 0x01, 0x11,
  0x29, 0x04, 0x11, 0x21, 0x11, 0x21, 0x11, 0x21, 0x11, 0x21, 0x01, 0x00,
  0x01, 0x00, 0x01, 0x00, 0x01, 0x00, 0x01, 0x00, 0xff, 0x00, 0xff, 0x00,
  0x01, 0x00, 0xff, 0x00, 0x01, 0x00, 0x01, 0x00, 0xff, 0x00, 0xff, 0x00,
  0xff, 0x00, 0xff, 0x00, 0xff, 0x00, 0x01, 0x00, 0x01, 0x00, 0xff, 0x00,
  0xff, 0x00, 0x01, 0x00, 0x01, 0x00, 0x01, 0x00, 0x01, 0x00, 0x01, 0x00,
  0xff, 0x00, 0xff, 0x00, 0xff, 0x00, 0xff, 0x00, 0x00, 0x01, 0x00, 0x00,
  0x02, 0x00, 0x03, 0x00, 0x03, 0x00, 0x00, 0x07, 0x00, 0x00, 0x11, 0x29,
  0x02, 0x11, 0x29, 0x02, 0x01, 0x00, 0x01, 0x00, 0x01, 0x00, 0xff, 0x00,
  0xff, 0x00, 0xff, 0x00, 0x02, 0x00, 0x01, 0x00, 0x00, 0x03, 0x00, 0x00,
  0x00, 0x00, 0x03, 0x00, 0x05, 0x00, 0x00, 0x05, 0x00, 0x09, 0x00, 0x0f,
  0x00, 0x00, 0x31, 0x21, 0x19, 0x01, 0x21, 0x11, 0x01, 0x21, 0x11, 0x29,
  0x02, 0x19, 0x01, 0x21, 0x11, 0x01, 0x00, 0xff, 0x00, 0x01, 0x00, 0x01,
  0x00, 0xff, 0x00, 0x01, 0x00, 0x01, 0x00, 0xff, 0x00, 0x01, 0x00, 0x01,
  0x00, 0xff, 0x00, 0x01, 0x00, 0x01, 0x00, 0x01, 0x00, 0x01, 0x00, 0xff,
  0x00, 0x00, 0x00, 0x00, 0x00, 0x04, 0x00, 0x00, 0x00, 0x00, 0x05, 0x00,
  0x05, 0x00, 0x00, 0x07, 0x00, 0x0b, 0x00, 0x11, 0x00, 0x17, 0x00, 0x00,
  0x11, 0x21, 0x11, 0x21, 0x19, 0x01, 0x29, 0x01, 0x01, 0x21, 0x11, 0x29,
  0x02, 0x19, 0x01, 0x21, 0x11, 0x01, 0x21, 0x19, 0x01, 0x21, 0x11, 0x01,
  0x00, 0x01, 0x00, 0xff, 0x00, 0xff, 0x00, 0x02, 0x00, 0x01, 0x00, 0xff,
  0x00, 0x01, 0x00, 0x01, 0x00, 0xff, 0x00, 0x01, 0x00, 0x01, 0x00, 0xff,
  0x00, 0x02, 0x00, 0xff, 0x00, 0x01, 0x00, 0x01, 0x00, 0xfd, 0x00, 0x01,
  0x00, 0x01, 0x00, 0x01, 0x00, 0xff, 0x00, 0x01, 0x00, 0x01, 0x00, 0x01,
  0x00, 0xff, 0x00, 0x00, 0x00, 0x03, 0x00, 0x00, 0x01, 0x00, 0x05, 0x00,
  0x04, 0x00, 0x00, 0x0b, 0x00, 0x0f, 0x00, 0x1b, 0x00, 0x00, 0x11, 0x29,
  0x01, 0x11, 0x21, 0x11, 0x21, 0x11, 0x29, 0x01, 0x19, 0x01, 0x29, 0x01,
  0x11, 0x21, 0x01, 0x29, 0x01, 0x19, 0x02, 0x29, 0x01, 0x11, 0x21, 0x11,
  0x21, 0x01, 0x00, 0x01, 0x00, 0xff, 0x00, 0x01, 0x00, 0xff, 0x00, 0xff,
  0x00, 0x02, 0x00, 0x01, 0x00, 0xff, 0x00, 0x01, 0x00, 0x01, 0x00, 0x01,
  0x00, 0xff, 0x00, 0xff, 0x00, 0x01, 0x00, 0xff, 0x00, 0x01, 0x00, 0x01,
  0x00, 0x01, 0x00, 0x01, 0x00, 0xff, 0x00, 0xff, 0x00, 0x01, 0x00, 0xfe,
  0x00, 0x01, 0x00, 0x01, 0x00, 0x01, 0x00, 0xff, 0x00, 0xff, 0x00, 0x00,
  0x00, 0x01, 0x00, 0x00, 0x00, 0x00, 0x05, 0x00, 0x05, 0x00, 0x00, 0x13,
  0x00, 0x00, 0x31, 0x29, 0x04, 0x11, 0x29, 0x03, 0x19, 0x03, 0x21, 0x19,
  0x03, 0x01, 0x00, 0x01, 0x00, 0x01, 0x00, 0x01, 0x00, 0x01, 0x00, 0xff,
  0x00, 0xff, 0x00, 0xff, 0x00, 0xff, 0x00, 0xff, 0x00, 0x01, 0x00, 0x01,
  0x00, 0x01, 0x00, 0x01, 0x00, 0x01, 0x00, 0xff, 0x00, 0xff, 0x00, 0xff,
  0x00, 0xff, 0x00, 0x00, 0x00, 0x01, 0x00, 0x00, 0x00, 0x00, 0x05, 0x00,
  0x05, 0x00, 0x00, 0x1b, 0x00, 0x00, 0x31, 0x29, 0x01, 0x19, 0x03, 0x21,
  0x19, 0x03, 0x29, 0x01, 0x19, 0x03, 0x21, 0x11, 0x29, 0x02, 0x11, 0x21,
  0x19, 0x02, 0x01, 0x00, 0x01, 0x00, 0x01, 0x00, 0x01, 0x00, 0x01, 0x00,
  0xff, 0x00, 0xff, 0x00, 0xff, 0x00, 0xff, 0x00, 0xff, 0x00, 0x01, 0x00,
  0x01, 0x00, 0x01, 0x00, 0x01, 0x00, 0xff, 0x00, 0xff, 0x00, 0xff, 0x00,
  0xff, 0x00, 0x01, 0x00, 0x01, 0x00, 0x01, 0x00, 0x01, 0x00, 0x01, 0x00,
  0xff, 0x00, 0xff, 0x00, 0xff, 0x00, 0xff, 0x00, 0x00, 0x01, 0x00, 0x00,
  0x00, 0x00, 0x03, 0x00, 0x05, 0x00, 0x00, 0x13, 0x00, 0x00, 0x31, 0x21,
  0x11, 0x29, 0x01, 0x11, 0x21, 0x11, 0x21, 0x19, 0x01, 0x21, 0x11, 0x29,
  0x01, 0x11, 0x21, 0x11, 0x21, 0x11, 0x01, 0x00, 0x01, 0x00, 0x01, 0x00,
  0xff, 0x00, 0x01, 0x00, 0xff, 0x00, 0xff, 0x00, 0xff, 0x00, 0x01, 0x00,
  0xff, 0x00, 0x01, 0x00, 0x01, 0x00, 0x01, 0x00, 0x01, 0x00, 0x01, 0x00,
  0xff, 0x00, 0xff, 0x00, 0xff, 0x00, 0xff, 0x00, 0x00, 0x03, 0x00, 0x00,
  0x00, 0x00, 0x03, 0x00, 0x05, 0x00, 0x00, 0x07, 0x00, 0x0f, 0x00, 0x17,
  0x00, 0x00, 0x31, 0x29, 0x02, 0x11, 0x29, 0x02, 0x11, 0x29, 0x02, 0x11,
  0x29, 0x02, 0x11, 0x29, 0x02, 0x11, 0x29, 0x02, 0x01, 0x00, 0x01, 0x00,
  0x01, 0x00, 0xff, 0x00, 0xff, 0x00, 0xff, 0x00, 0x01, 0x00, 0x01, 0x00,
  0x01, 0x00, 0xff, 0x00, 0xff, 0x00, 0xff, 0x00, 0x01, 0x00, 0x01, 0x00,
  0x01, 0x00, 0xff, 0x00, 0xff, 0x00, 0xff, 0x00, 0x01, 0x00, 0x01, 0x00,
  0x01, 0x00, 0x01, 0x00, 0x01, 0x00, 0x00, 0x00, 0x00, 0x03, 0x00, 0x00,
  0x00, 0x00, 0x05, 0x00, 0x05, 0x00, 0x00, 0x07, 0x00, 0x0b, 0x00, 0x1b,
  0x00, 0x00, 0x31, 0x21, 0x19, 0x02, 0x21, 0x19, 0x01, 0x01, 0x21, 0x11,
  0x29, 0x02, 0x19, 0x03, 0x29, 0x01, 0x11, 0x21, 0x19, 0x03, 0x29, 0x01,
  0x01, 0x00, 0xff, 0x00, 0x01, 0x00, 0x01, 0x00, 0xff, 0x00, 0x01, 0x00,
  0x01, 0x00, 0x01, 0x00, 0x01, 0x00, 0xff, 0x00, 0xff, 0x00, 0xff, 0x00,
  0x01, 0x00, 0x01, 0x00, 0x01, 0x00, 0xff, 0x00, 0xff, 0x00, 0x02, 0x00,
  0x01, 0x00, 0xff, 0x00, 0xff, 0x00, 0xff, 0x00, 0xff, 0x00, 0x01, 0x00,
  0x01, 0x00, 0x01, 0x00, 0x01, 0x00, 0x01, 0x00, 0x00, 0x01, 0x00, 0x00,
  0x02, 0x00, 0x02, 0x00, 0x05, 0x00, 0x00, 0x09, 0x00, 0x00, 0x11, 0x29,
  0x01, 0x19, 0x02, 0x29, 0x01, 0x19, 0x01, 0x01, 0x00, 0x01, 0x00, 0xff,
  0x00, 0xff, 0x00, 0x02, 0x00, 0x01, 0x00, 0x01, 0x00, 0x01, 0x00, 0xff,
  0x00, 0xff, 0x00, 0x00, 0x00, 0x01, 0x00, 0x00, 0x02, 0x00, 0x02, 0x00,
  0x05, 0x00, 0x00, 0x09, 0x00, 0x00, 0x11, 0x29, 0x01, 0x19, 0x02, 0x29,
  0x01, 0x19, 0x01, 0x01, 0x00, 0x01, 0x00, 0xff, 0x00, 0xff, 0x00, 0x02,
  0x00, 0x01, 0x00, 0x01, 0x00, 0x01, 0x00, 0xff, 0x00, 0xff, 0x00, 0x00,
  0x00, 0x01, 0x00, 0x00, 0x00, 0x00, 0x05, 0x00, 0x05, 0x00, 0x00, 0x13,
  0x00, 0x00, 0x11, 0x21, 0x11, 0x21, 0x11, 0x21, 0x11, 0x21, 0x11, 0x21,
  0x11, 0x21, 0x11, 0x21, 0x11, 0x21, 0x11, 0x21, 0x11, 0x21, 0x01, 0x00,
  0x01, 0x00, 0x01, 0x00, 0x01, 0x00, 0x01, 0x00, 0xff, 0x00, 0xff, 0x00,
  0xff, 0x00, 0xff, 0x00, 0xff, 0x00, 0x02, 0x00, 0xff, 0x00, 0xff, 0x00,
  0x01, 0x00, 0x01, 0x00, 0x01, 0x00, 0x01, 0x00, 0x01, 0x00, 0xff, 0x00,
  0xff, 0x00, 0x00, 0x00, 0x00, 0x01, 0x00, 0x00, 0x00, 0x01, 0x00, 0x00,
  0x49, 0xdb, 0x95, 0xc0, 0x5f, 0x0f, 0x3c, 0xf5, 0x00, 0x02, 0x08, 0x00,
  0x00, 0x00, 0x00, 0x00, 0xe3, 0xbb, 0xc1, 0xec, 0x00, 0x00, 0x00, 0x00,
  0xe3, 0xbb, 0xc1, 0xec, 0x00, 0x00, 0xff, 0x00, 0x07, 0x00, 0x06, 0x00,
  0x00, 0x00, 0x00, 0x08, 0x00, 0x02, 0x00, 0x00, 0x00, 0x00, 0x00, 0x00,
  0x00, 0x01, 0x00, 0x00, 0x06, 0x00, 0xff, 0x00, 0x01, 0x00, 0x08, 0x00,
  0x00, 0x00, 0x01, 0x00, 0x07, 0x00, 0x00, 0x01, 0x00, 0x00, 0x00, 0x00,
  0x00, 0x00, 0x00, 0x00, 0x00, 0x00, 0x00, 0x00, 0x00, 0x00, 0x01, 0x03,
  0x01, 0x00, 0x00, 0x00, 0x01, 0x00, 0x00, 0x00, 0x03, 0x00, 0x00, 0x00,
  0x03, 0x00, 0x00, 0x00, 0x04, 0x00, 0x00, 0x00, 0x06, 0x00, 0x00, 0x00,
  0x06, 0x00, 0x00, 0x00, 0x06, 0x00, 0x00, 0x00, 0x07, 0x00, 0x00, 0x00,
  0x02, 0x00, 0x00, 0x00, 0x04, 0x00, 0x00, 0x00, 0x04, 0x00, 0x00, 0x00,
  0x04, 0x00, 0x00, 0x00, 0x04, 0x00, 0x00, 0x00, 0x03, 0x00, 0x00, 0x00,
  0x04, 0x00, 0x00, 0x00, 0x03, 0x00, 0x00, 0x00, 0x05, 0x00, 0x00, 0x00,
  0x06, 0x00, 0x00, 0x00, 0x05, 0x00, 0x00, 0x00, 0x06, 0x00, 0x00, 0x00,
  0x05, 0x00, 0x00, 0x00, 0x06, 0x00, 0x00, 0x00, 0x06, 0x00, 0x00, 0x00,
  0x06, 0x00, 0x00, 0x00, 0x06, 0x00, 0x00, 0x00, 0x06, 0x00, 0x00, 0x00,
  0x06, 0x00, 0x00, 0x00, 0x03, 0x00, 0x00, 0x00, 0x03, 0x00, 0x00, 0x00,
  0x04, 0x00, 0x00, 0x00, 0x04, 0x00, 0x00, 0x00, 0x04, 0x00, 0x00, 0x00,
  0x06, 0x00, 0x00, 0x00, 0x06, 0x00, 0x00, 0x00, 0x06, 0x00, 0x00, 0x00,
  0x06, 0x00, 0x00, 0x00, 0x06, 0x00, 0x00, 0x00, 0x06, 0x00, 0x00, 0x00,
  0x06, 0x00, 0x00, 0x00, 0x06, 0x00, 0x00, 0x00, 0x06, 0x00, 0x00, 0x00,
  0x06, 0x00, 0x00, 0x00, 0x03, 0x00, 0x00, 0x00, 0x06, 0x00, 0x00, 0x00,
  0x06, 0x00, 0x00, 0x00, 0x06, 0x00, 0x00, 0x00, 0x08, 0x00, 0x00, 0x00,
  0x07, 0x00, 0x00, 0x00, 0x06, 0x00, 0x00, 0x00, 0x06, 0x00, 0x00, 0x00,
  0x06, 0x00, 0x00, 0x00, 0x06, 0x00, 0x00, 0x00, 0x06, 0x00, 0x00, 0x00,
  0x05, 0x00, 0x00, 0x00, 0x06, 0x00, 0x00, 0x00, 0x07, 0x00, 0x00, 0x00,
  0x08, 0x00, 0x00, 0x00, 0x06, 0x00, 0x00, 0x00, 0x07, 0x00, 0x00, 0x00,
  0x06, 0x00, 0x00, 0x00, 0x04, 0x00, 0x00, 0x00, 0x05, 0x00, 0x00, 0x00,
  0x04, 0x00, 0x00, 0x00, 0x06, 0x00, 0x00, 0x00, 0x04, 0x00, 0x00, 0x00,
  0x03, 0x00, 0x00, 0x00, 0x06, 0x00, 0x00, 0x00, 0x06, 0x00, 0x00, 0x00,
  0x06, 0x00, 0x00, 0x00, 0x06, 0x00, 0x00, 0x00, 0x06, 0x00, 0x00, 0x00,
  0x06, 0x00, 0x00, 0x00, 0x06, 0x00, 0x00, 0x00, 0x06, 0x00, 0x00, 0x00,
  0x03, 0x00, 0x00, 0x00, 0x06, 0x00, 0x00, 0x00, 0x06, 0x00, 0x00, 0x00,
  0x06, 0x00, 0x00, 0x00, 0x08, 0x00, 0x00, 0x00, 0x07, 0x00, 0x00, 0x00,
  0x06, 0x00, 0x00, 0x00, 0x06, 0x00, 0x00, 0x00, 0x06, 0x00, 0x00, 0x00,
  0x06, 0x00, 0x00, 0x00, 0x06, 0x00, 0x00, 0x00, 0x05, 0x00, 0x00, 0x00,
  0x06, 0x00, 0x00, 0x00, 0x07, 0x00, 0x00, 0x00, 0x08, 0x00, 0x00, 0x00,
  0x06, 0x00, 0x00, 0x00, 0x07, 0x00, 0x00, 0x00, 0x06, 0x00, 0x00, 0x00,
  0x04, 0x00, 0x00, 0x00, 0x03, 0x00, 0x00, 0x00, 0x04, 0x00, 0x00, 0x00,
  0x06, 0x00, 0x00, 0x00, 0x03, 0x00, 0x00, 0x00, 0x03, 0x00, 0x00, 0x00,
  0x06, 0x00, 0x00, 0x00, 0x06, 0x00, 0x00, 0x00, 0x06, 0x00, 0x00, 0x00,
  0x07, 0x00, 0x00, 0x00, 0x03, 0x00, 0x00, 0x00, 0x06, 0x00, 0x00, 0x00,
  0x07, 0x00, 0x00, 0x00, 0x06, 0x00, 0x00, 0x00, 0x04, 0x00, 0x00, 0x00,
  0x04, 0x00, 0x00, 0x00, 0x07, 0x00, 0x00, 0x00, 0x04, 0x00, 0x00, 0x00,
  0x04, 0x00, 0x00, 0x00, 0x03, 0x00, 0x00, 0x00, 0x06, 0x00, 0x00, 0x00,
  0x06, 0x00, 0x00, 0x00, 0x02, 0x00, 0x00, 0x00, 0x06, 0x00, 0x00, 0x00,
  0x06, 0x00, 0x00, 0x00, 0x06, 0x00, 0x00, 0x00, 0x06, 0x00, 0x00, 0x00,
  0x08, 0x00, 0x00, 0x00, 0x06, 0x00, 0x00, 0x00, 0x06, 0x00, 0x00, 0x00,
  0x07, 0x00, 0x00, 0x00, 0x06, 0x00, 0x00, 0x00, 0x06, 0x00, 0x00, 0x00,
  0x04, 0x00, 0x00, 0x00, 0x08, 0x00, 0x00, 0x00, 0x06, 0x00, 0x00, 0x00,
  0x06, 0x00, 0x00, 0x00, 0x07, 0x00, 0x00, 0x00, 0x06, 0x00, 0x00, 0x00,
  0x06, 0x00, 0x00, 0x00, 0x08, 0x00, 0x00, 0x00, 0x06, 0x00, 0x00, 0x00,
  0x06, 0x00, 0x00, 0x00, 0x07, 0x00, 0x00, 0x00, 0x06, 0x00, 0x00, 0x00,
  0x06, 0x00, 0x00, 0x00, 0x04, 0x00, 0x00, 0x00, 0x08, 0x00, 0x00, 0x00,
  0x06, 0x00, 0x00, 0x00, 0x06, 0x00, 0x00, 0x00, 0x06, 0x00, 0x00, 0x00,
  0x06, 0x00, 0x00, 0x00, 0x06, 0x00, 0x00, 0x00, 0x06, 0x00, 0x00, 0x00,
  0x06, 0x00, 0x00, 0x00, 0x06, 0x00, 0x00, 0x00, 0x06, 0x00, 0x00, 0x00,
  0x06, 0x00, 0x00, 0x00, 0x06, 0x00, 0x00, 0x00, 0x06, 0x00, 0x00, 0x00,
  0x06, 0x00, 0x00, 0x00, 0x06, 0x00, 0x00, 0x00, 0x06, 0x00, 0x00, 0x00,
  0x06, 0x00, 0x00, 0x00, 0x08, 0x00, 0x00, 0x00, 0x08, 0x00, 0x00, 0x00,
  0x03, 0x00, 0x00, 0x00, 0x03, 0x00, 0x00, 0x00, 0x03, 0x00, 0x00, 0x00,
  0x03, 0x00, 0x00, 0x00, 0x06, 0x00, 0x00, 0x00, 0x06, 0x00, 0x00, 0x00,
  0x06, 0x00, 0x00, 0x00, 0x06, 0x00, 0x00, 0x00, 0x06, 0x00, 0x00, 0x00,
  0x06, 0x00, 0x00, 0x00, 0x07, 0x00, 0x00, 0x00, 0x07, 0x00, 0x00, 0x00,
  0x07, 0x00, 0x00, 0x00, 0x07, 0x00, 0x00, 0x00, 0x07, 0x00, 0x00, 0x00,
  0x07, 0x00, 0x00, 0x00, 0x08, 0x00, 0x00, 0x00, 0x08, 0x00, 0x00, 0x00,
  0x06, 0x00, 0x00, 0x00, 0x06, 0x00, 0x00, 0x00, 0x05, 0x00, 0x00, 0x00,
  0x05, 0x00, 0x00, 0x00, 0x06, 0x00, 0x00, 0x00, 0x06, 0x00, 0x00, 0x00,
  0x06, 0x00, 0x00, 0x00, 0x06, 0x00, 0x00, 0x00, 0x06, 0x00, 0x00, 0x00,
  0x06, 0x00, 0x00, 0x00, 0x06, 0x00, 0x00, 0x00, 0x06, 0x00, 0x00, 0x00,
  0x06, 0x00, 0x00, 0x00, 0x06, 0x00, 0x00, 0x00, 0x05, 0x00, 0x00, 0x00,
  0x08, 0x00, 0x00, 0x00, 0x06, 0x00, 0x00, 0x00, 0x03, 0x00, 0x00, 0x00,
  0x06, 0x00, 0x00, 0x00, 0x05, 0x00, 0x00, 0x00, 0x03, 0x00, 0x00, 0x00,
  0x06, 0x00, 0x00, 0x00, 0x06, 0x00, 0x00, 0x00, 0x06, 0x00, 0x00, 0x00,
  0x08, 0x00, 0x00, 0x00, 0x06, 0x00, 0x00, 0x00, 0x06, 0x00, 0x00, 0x00,
  0x06, 0x00, 0x00, 0x00, 0x05, 0x00, 0x00, 0x00, 0x08, 0x00, 0x00, 0x00,
  0x08, 0x00, 0x00, 0x00, 0x06, 0x00, 0x00, 0x00, 0x06, 0x00, 0x00, 0x00,
  0x02, 0x00, 0x00, 0x00, 0x04, 0x00, 0x00, 0x00, 0x02, 0x00, 0x00, 0x00,
  0x02, 0x00, 0x00, 0x00, 0x02, 0x00, 0x00, 0x00, 0x07, 0x00, 0x00, 0x00,
  0x03, 0x00, 0x00, 0x00, 0x04, 0x00, 0x00, 0x00, 0x04, 0x00, 0x00, 0x00,
  0x05, 0x00, 0x00, 0x00, 0x06, 0x00, 0x00, 0x00, 0x02, 0x00, 0x00, 0x00,
  0x02, 0x00, 0x00, 0x00, 0x02, 0x00, 0x00, 0x00, 0x02, 0x00, 0x00, 0x00,
  0x04, 0x00, 0x00, 0x00, 0x04, 0x00, 0x00, 0x00, 0x04, 0x00, 0x00, 0x00,
  0x04, 0x00, 0x00, 0x00, 0x06, 0x00, 0x00, 0x00, 0x06, 0x00, 0x00, 0x00,
  0x04, 0x00, 0x00, 0x00, 0x06, 0x00, 0x00, 0x00, 0x02, 0x00, 0x00, 0x00,
  0x04, 0x00, 0x00, 0x00, 0x06, 0x00, 0x00, 0x00, 0x04, 0x00, 0x00, 0x00,
  0x06, 0x00, 0x00, 0x00, 0x06, 0x00, 0x00, 0x00, 0x06, 0x00, 0x00, 0x00,
  0x06, 0x00, 0x00, 0x00, 0x06, 0x00, 0x00, 0x00, 0x06, 0x00, 0x00, 0x00,
  0x06, 0x00, 0x00, 0x00, 0x06, 0x00, 0x00, 0x00, 0x06, 0x00, 0x00, 0x00,
  0x06, 0x00, 0x00, 0x00, 0x04, 0x00, 0x00, 0x00, 0x04, 0x00, 0x00, 0x00,
  0x06, 0x00, 0x00, 0x00, 0x06, 0x00, 0x00, 0x00, 0x06, 0x00, 0x00, 0x00,
  0x06, 0x00, 0x00, 0x00, 0x04, 0x00, 0x00, 0x00, 0x04, 0x00, 0x00, 0x00,
  0x06, 0x00, 0x00, 0x00, 0x03, 0x00, 0x00, 0x00, 0x03, 0x00, 0x00, 0x00,
  0x06, 0x00, 0x00, 0x00, 0x00, 0x00, 0x00, 0x00, 0x00, 0x00, 0x00, 0x00,
  0x00, 0x20, 0x00, 0x3c, 0x00, 0x74, 0x00, 0xae, 0x00, 0xf2, 0x01, 0x32,
  0x01, 0x42, 0x01, 0x64, 0x01, 0x84, 0x01, 0xac, 0x01, 0xc6, 0x01, 0xdc,
  0x01, 0xee, 0x02, 0x00, 0x02, 0x22, 0x02, 0x54, 0x02, 0x76, 0x02, 0xaa,
  0x02, 0xd6, 0x03, 0x02, 0x03, 0x34, 0x03, 0x64, 0x03, 0x90, 0x03, 0xc6,
  0x03, 0xf6, 0x04, 0x16, 0x04, 0x3a, 0x04, 0x66, 0x04, 0x84, 0x04, 0xae,
  0x04, 0xdc, 0x05, 0x1c, 0x05, 0x4c, 0x05, 0x80, 0x05, 0xb4, 0x05, 0xe2,
  0x06, 0x10, 0x06, 0x38, 0x06, 0x6a, 0x06, 0x98, 0x06, 0xb2, 0x06, 0xdc,
  0x07, 0x0e, 0x07, 0x32, 0x07, 0x6a, 0x07, 0x9c, 0x07, 0xce, 0x07, 0xfc,
  0x08, 0x34, 0x08, 0x68, 0x08, 0x9a, 0x08, 0xba, 0x08, 0xe8, 0x09, 0x18,
  0x09, 0x50, 0x09, 0x86, 0x09, 0xb4, 0x09, 0xe6, 0x0a, 0x06, 0x0a, 0x28,
  0x0a, 0x46, 0x0a, 0x70, 0x0a, 0x82, 0x0a, 0x98, 0x0a, 0xc8, 0x0a, 0xfc,
  0x0b, 0x30, 0x0b, 0x5e, 0x0b, 0x8c, 0x0b, 0xb4, 0x0b, 0xe6, 0x0c, 0x14,
  0x0c, 0x2e, 0x0c, 0x58, 0x0c, 0x8a, 0x0c, 0xae, 0x0c, 0xe6, 0x0d, 0x18,
  0x0d, 0x4a, 0x0d, 0x78, 0x0d, 0xb0, 0x0d, 0xe4, 0x0e, 0x16, 0x0e, 0x36,
  0x0e, 0x64, 0x0e, 0x94, 0x0e, 0xcc, 0x0f, 0x02, 0x0f, 0x30, 0x0f, 0x62,
  0x0f, 0x8a, 0x0f, 0xa6, 0x0f, 0xce, 0x0f, 0xf4, 0x0f, 0xf4, 0x10, 0x12,
  0x10, 0x4c, 0x10, 0x7a, 0x10, 0xb6, 0x10, 0xee, 0x11, 0x0e, 0x11, 0x48,
  0x11, 0x8a, 0x11, 0xda, 0x11, 0xf0, 0x12, 0x02, 0x12, 0x44, 0x12, 0x64,
  0x12, 0x86, 0x12, 0x9a, 0x12, 0xc6, 0x12, 0xf8, 0x13, 0x06, 0x13, 0x56,
  0x13, 0x84, 0x13, 0xc4, 0x13, 0xfc, 0x14, 0x3a, 0x14, 0x70, 0x14, 0xa6,
  0x14, 0xe6, 0x15, 0x20, 0x15, 0x60, 0x15, 0x8c, 0x15, 0xce, 0x16, 0x08,
  0x16, 0x34, 0x16, 0x6e, 0x16, 0xae, 0x16, 0xe6, 0x17, 0x24, 0x17, 0x5a,
  0x17, 0x90, 0x17, 0xd0, 0x18, 0x0a, 0x18, 0x4a, 0x18, 0x6c, 0x18, 0xae,
  0x18, 0xe8, 0x19, 0x14, 0x19, 0x4c, 0x19, 0x84, 0x19, 0xb8, 0x19, 0xec,
  0x1a, 0x2a, 0x1a, 0x68, 0x1a, 0x9a, 0x1a, 0xcc, 0x1b, 0x00, 0x1b, 0x34,
  0x1b, 0x66, 0x1b, 0x98, 0x1b, 0xce, 0x1c, 0x04, 0x1c, 0x38, 0x1c, 0x6c,
  0x1c, 0x8c, 0x1c, 0xac, 0x1c, 0xc8, 0x1c, 0xe4, 0x1d, 0x1c, 0x1d, 0x54,
  0x1d, 0x7c, 0x1d, 0xa4, 0x1d, 0xd6, 0x1e, 0x08, 0x1e, 0x3c, 0x1e, 0x70,
  0x1e, 0xac, 0x1e, 0xe8, 0x1f, 0x24, 0x1f, 0x60, 0x1f, 0x9e, 0x1f, 0xdc,
  0x20, 0x1c, 0x20, 0x5c, 0x20, 0x84, 0x20, 0xac, 0x20, 0xe2, 0x21, 0x18,
  0x21, 0x4a, 0x21, 0x7c, 0x21, 0xbc, 0x21, 0xfc, 0x22, 0x2e, 0x22, 0x62,
  0x22, 0x94, 0x22, 0xd0, 0x22, 0xf2, 0x23, 0x2a, 0x23, 0x62, 0x23, 0x7c,
  0x23, 0xaa, 0x23, 0xd2, 0x23, 0xf2, 0x24, 0x26, 0x24, 0x5a, 0x24, 0x8e,
  0x24, 0xc8, 0x24, 0xfa, 0x25, 0x2c, 0x25, 0x68, 0x25, 0x8a, 0x25, 0xc2,
  0x25, 0xfc, 0x26, 0x34, 0x26, 0x60, 0x26, 0x70, 0x26, 0x8c, 0x26, 0x9c,
  0x26, 0xac, 0x26, 0xbc, 0x26, 0xf6, 0x27, 0x06, 0x27, 0x18, 0x27, 0x2a,
  0x27, 0x3e, 0x27, 0x54, 0x27, 0x64, 0x27, 0x74, 0x27, 0x84, 0x27, 0x94,
  0x27, 0xb0, 0x27, 0xcc, 0x27, 0xe8, 0x28, 0x04, 0x28, 0x28, 0x28, 0x5a,
  0x28, 0x72, 0x28, 0x8e, 0x28, 0x9e, 0x28, 0xba, 0x28, 0xf4, 0x29, 0x16,
  0x29, 0x54, 0x29, 0x72, 0x29, 0xa6, 0x29, 0xd4, 0x2a, 0x02, 0x2a, 0x30,
  0x2a, 0x5e, 0x2a, 0x8a, 0x2a, 0xb4, 0x2a, 0xe4, 0x2a, 0xf6, 0x2b, 0x18,
  0x2b, 0x48, 0x2b, 0x7c, 0x2b, 0x9c, 0x2b, 0xc8, 0x2b, 0xec, 0x2c, 0x16,
  0x2c, 0x46, 0x2c, 0x5c, 0x2c, 0x72, 0x2c, 0x98, 0x00, 0x01, 0x00, 0x00,
  0x01, 0x03, 0x00, 0x28, 0x00, 0x0a, 0x00, 0x00, 0x00, 0x00, 0x00, 0x02,
  0x00, 0x00, 0x00, 0x00, 0x00, 0x00, 0x00, 0x00, 0x00, 0x00, 0x00, 0x00,
  0x00, 0x00, 0x00, 0x00, 0x00, 0x00, 0x00, 0x20, 0x01, 0x86, 0x00, 0x01,
  0x00, 0x00, 0x00, 0x00, 0x00, 0x00, 0x00, 0x17, 0x00, 0x00, 0x00, 0x01,
  0x00, 0x00, 0x00, 0x00, 0x00, 0x01, 0x00, 0x0c, 0x00, 0x17, 0x00, 0x01,
  0x00, 0x00, 0x00, 0x00, 0x00, 0x02, 0x00, 0x07, 0x00, 0x23, 0x00, 0x01,
  0x00, 0x00, 0x00, 0x00, 0x00, 0x03, 0x00, 0x0c, 0x00, 0x2a, 0x00, 0x01,
  0x00, 0x00, 0x00, 0x00, 0x00, 0x04, 0x00, 0x14, 0x00, 0x36, 0x00, 0x01,
  0x00, 0x00, 0x00, 0x00, 0x00, 0x05, 0x00, 0x0b, 0x00, 0x4a, 0x00, 0x01,
  0x00, 0x00, 0x00, 0x00, 0x00, 0x06, 0x00, 0x0c, 0x00, 0x55, 0x00, 0x01,
  0x00, 0x00, 0x00, 0x00, 0x00, 0x07, 0x00, 0x00, 0x00, 0x61, 0x00, 0x01,
  0x00, 0x00, 0x00, 0x00, 0x00, 0x08, 0x00, 0x17, 0x00, 0x61, 0x00, 0x01,
  0x00, 0x00, 0x00, 0x00, 0x00, 0x09, 0x00, 0x08, 0x00, 0x78, 0x00, 0x01,
  0x00, 0x00, 0x00, 0x00, 0x00, 0x0a, 0x00, 0x29, 0x00, 0x80, 0x00, 0x01,
  0x00, 0x00, 0x00, 0x00, 0x00, 0x0b, 0x00, 0x15, 0x00, 0xa9, 0x00, 0x01,
  0x00, 0x00, 0x00, 0x00, 0x00, 0x0c, 0x00, 0x15, 0x00, 0xbe, 0x00, 0x01,
  0x00, 0x00, 0x00, 0x00, 0x00, 0x0d, 0x00, 0x25, 0x00, 0xd3, 0x00, 0x01,
  0x00, 0x00, 0x00, 0x00, 0x00, 0x0e, 0x00, 0x32, 0x00, 0xf8, 0x00, 0x01,
  0x00, 0x00, 0x00, 0x00, 0x00, 0x13, 0x00, 0x23, 0x01, 0x2a, 0x00, 0x03,
  0x00, 0x01, 0x04, 0x09, 0x00, 0x00, 0x00, 0x2e, 0x01, 0x4d, 0x00, 0x03,
  0x00, 0x01, 0x04, 0x09, 0x00, 0x01, 0x00, 0x18, 0x01, 0x7b, 0x00, 0x03,
  0x00, 0x01, 0x04, 0x09, 0x00, 0x02, 0x00, 0x0e, 0x01, 0x93, 0x00, 0x03,
  0x00, 0x01, 0x04, 0x09, 0x00, 0x03, 0x00, 0x18, 0x01, 0xa1, 0x00, 0x03,
  0x00, 0x01, 0x04, 0x09, 0x00, 0x04, 0x00, 0x28, 0x01, 0xb9, 0x00, 0x03,
  0x00, 0x01, 0x04, 0x09, 0x00, 0x05, 0x00, 0x16, 0x01, 0xe1, 0x00, 0x03,
  0x00, 0x01, 0x04, 0x09, 0x00, 0x06, 0x00, 0x18, 0x01, 0xf7, 0x00, 0x03,
  0x00, 0x01, 0x04, 0x09, 0x00, 0x07, 0x00, 0x00, 0x02, 0x0f, 0x00, 0x03,
  0x00, 0x01, 0x04, 0x09, 0x00, 0x08, 0x00, 0x2e, 0x02, 0x0f, 0x00, 0x03,
  0x00, 0x01, 0x04, 0x09, 0x00, 0x09, 0x00, 0x10, 0x02, 0x3d, 0x00, 0x03,
  0x00, 0x01, 0x04, 0x09, 0x00, 0x0a, 0x00, 0x52, 0x02, 0x4d, 0x00, 0x03,
  0x00, 0x01, 0x04, 0x09, 0x00, 0x0b, 0x00, 0x2a, 0x02, 0x9f, 0x00, 0x03,
  0x00, 0x01, 0x04, 0x09, 0x00, 0x0c, 0x00, 0x2a, 0x02, 0xc9, 0x00, 0x03,
  0x00, 0x01, 0x04, 0x09, 0x00, 0x0d, 0x00, 0x4a, 0x02, 0xf3, 0x00, 0x03,
  0x00, 0x01, 0x04, 0x09, 0x00, 0x0e, 0x00, 0x64, 0x03, 0x3d, 0x00, 0x03,
  0x00, 0x01, 0x04, 0x09, 0x00, 0x13, 0x00, 0x46, 0x03, 0xa1, 0x43, 0x6f,
  0x70, 0x79, 0x72, 0x69, 0x67, 0x68, 0x74, 0x20, 0x47, 0x47, 0x42, 0x6f,
  0x74, 0x4e, 0x65, 0x74, 0x20, 0x32, 0x30, 0x32, 0x30, 0x52, 0x61, 0x73,
  0x74, 0x65, 0x72, 0x20, 0x46, 0x6f, 0x72, 0x67, 0x65, 0x52, 0x65, 0x67,
  0x75, 0x6c, 0x61, 0x72, 0x52, 0x61, 0x73, 0x74, 0x65, 0x72, 0x20, 0x46,
  0x6f, 0x72, 0x67, 0x65, 0x52, 0x61, 0x73, 0x74, 0x65, 0x72, 0x20, 0x46,
  0x6f, 0x72, 0x67, 0x65, 0x20, 0x52, 0x65, 0x67, 0x75, 0x6c, 0x61, 0x72,
  0x56, 0x65, 0x72, 0x73, 0x69, 0x6f, 0x6e, 0x20, 0x31, 0x2e, 0x31, 0x52,
  0x61, 0x73, 0x74, 0x65, 0x72, 0x20, 0x46, 0x6f, 0x72, 0x67, 0x65, 0x68,
  0x74, 0x74, 0x70, 0x73, 0x3a, 0x2f, 0x2f, 0x70, 0x69, 0x78, 0x65, 0x6c,
  0x2d, 0x66, 0x6f, 0x72, 0x67, 0x65, 0x2e, 0x63, 0x6f, 0x6d, 0x47, 0x47,
  0x42, 0x6f, 0x74, 0x4e, 0x65, 0x74, 0x52, 0x61, 0x73, 0x74, 0x65, 0x72,
  0x20, 0x46, 0x6f, 0x72, 0x67, 0x65, 0x20, 0x77, 0x61, 0x73, 0x20, 0x63,
  0x72, 0x65, 0x61, 0x74, 0x65, 0x64, 0x20, 0x75, 0x73, 0x69, 0x6e, 0x67,
  0x20, 0x50, 0x69, 0x78, 0x65, 0x6c, 0x46, 0x6f, 0x72, 0x67, 0x65, 0x68,
  0x74, 0x74, 0x70, 0x73, 0x3a, 0x2f, 0x2f, 0x77, 0x77, 0x77, 0x2e, 0x67,
  0x67, 0x62, 0x6f, 0x74, 0x2e, 0x6e, 0x65, 0x74, 0x68, 0x74, 0x74, 0x70,
  0x73, 0x3a, 0x2f, 0x2f, 0x77, 0x77, 0x77, 0x2e, 0x67, 0x67, 0x62, 0x6f,
  0x74, 0x2e, 0x6e, 0x65, 0x74, 0x43, 0x72, 0x65, 0x61, 0x74, 0x69, 0x76,
  0x65, 0x20, 0x43, 0x6f, 0x6d, 0x6d, 0x6f, 0x6e, 0x73, 0x20, 0x5a, 0x65,
  0x72, 0x6f, 0x20, 0x76, 0x31, 0x2e, 0x30, 0x20, 0x55, 0x6e, 0x69, 0x76,
  0x65, 0x72, 0x73, 0x61, 0x6c, 0x2e, 0x68, 0x74, 0x74, 0x70, 0x73, 0x3a,
  0x2f, 0x2f, 0x63, 0x72, 0x65, 0x61, 0x74, 0x69, 0x76, 0x65, 0x63, 0x6f,
  0x6d, 0x6d, 0x6f, 0x6e, 0x73, 0x2e, 0x6f, 0x72, 0x67, 0x2f, 0x70, 0x75,
  0x62, 0x6c, 0x69, 0x63, 0x64, 0x6f, 0x6d, 0x61, 0x69, 0x6e, 0x2f, 0x7a,
  0x65, 0x72, 0x6f, 0x2f, 0x31, 0x2e, 0x30, 0x2f, 0x53, 0x70, 0x68, 0x69,
  0x6e, 0x78, 0x20, 0x6f, 0x66, 0x20, 0x62, 0x6c, 0x61, 0x63, 0x6b, 0x20,
  0x71, 0x75, 0x61, 0x72, 0x74, 0x7a, 0x20, 0x6a, 0x75, 0x64, 0x67, 0x65,
  0x20, 0x6d, 0x79, 0x20, 0x76, 0x6f, 0x77, 0x00, 0x43, 0x00, 0x6f, 0x00,
  0x70, 0x00, 0x79, 0x00, 0x72, 0x00, 0x69, 0x00, 0x67, 0x00, 0x68, 0x00,
  0x74, 0x00, 0x20, 0x00, 0x47, 0x00, 0x47, 0x00, 0x42, 0x00, 0x6f, 0x00,
  0x74, 0x00, 0x4e, 0x00, 0x65, 0x00, 0x74, 0x00, 0x20, 0x00, 0x32, 0x00,
  0x30, 0x00, 0x32, 0x00, 0x30, 0x00, 0x52, 0x00, 0x61, 0x00, 0x73, 0x00,
  0x74, 0x00, 0x65, 0x00, 0x72, 0x00, 0x20, 0x00, 0x46, 0x00, 0x6f, 0x00,
  0x72, 0x00, 0x67, 0x00, 0x65, 0x00, 0x52, 0x00, 0x65, 0x00, 0x67, 0x00,
  0x75, 0x00, 0x6c, 0x00, 0x61, 0x00, 0x72, 0x00, 0x52, 0x00, 0x61, 0x00,
  0x73, 0x00, 0x74, 0x00, 0x65, 0x00, 0x72, 0x00, 0x20, 0x00, 0x46, 0x00,
  0x6f, 0x00, 0x72, 0x00, 0x67, 0x00, 0x65, 0x00, 0x52, 0x00, 0x61, 0x00,
  0x73, 0x00, 0x74, 0x00, 0x65, 0x00, 0x72, 0x00, 0x20, 0x00, 0x46, 0x00,
  0x6f, 0x00, 0x72, 0x00, 0x67, 0x00, 0x65, 0x00, 0x20, 0x00, 0x52, 0x00,
  0x65, 0x00, 0x67, 0x00, 0x75, 0x00, 0x6c, 0x00, 0x61, 0x00, 0x72, 0x00,
  0x56, 0x00, 0x65, 0x00, 0x72, 0x00, 0x73, 0x00, 0x69, 0x00, 0x6f, 0x00,
  0x6e, 0x00, 0x20, 0x00, 0x31, 0x00, 0x2e, 0x00, 0x31, 0x00, 0x52, 0x00,
  0x61, 0x00, 0x73, 0x00, 0x74, 0x00, 0x65, 0x00, 0x72, 0x00, 0x20, 0x00,
  0x46, 0x00, 0x6f, 0x00, 0x72, 0x00, 0x67, 0x00, 0x65, 0x00, 0x68, 0x00,
  0x74, 0x00, 0x74, 0x00, 0x70, 0x00, 0x73, 0x00, 0x3a, 0x00, 0x2f, 0x00,
  0x2f, 0x00, 0x70, 0x00, 0x69, 0x00, 0x78, 0x00, 0x65, 0x00, 0x6c, 0x00,
  0x2d, 0x00, 0x66, 0x00, 0x6f, 0x00, 0x72, 0x00, 0x67, 0x00, 0x65, 0x00,
  0x2e, 0x00, 0x63, 0x00, 0x6f, 0x00, 0x6d, 0x00, 0x47, 0x00, 0x47, 0x00,
  0x42, 0x00, 0x6f, 0x00, 0x74, 0x00, 0x4e, 0x00, 0x65, 0x00, 0x74, 0x00,
  0x52, 0x00, 0x61, 0x00, 0x73, 0x00, 0x74, 0x00, 0x65, 0x00, 0x72, 0x00,
  0x20, 0x00, 0x46, 0x00, 0x6f, 0x00, 0x72, 0x00, 0x67, 0x00, 0x65, 0x00,
  0x20, 0x00, 0x77, 0x00, 0x61, 0x00, 0x73, 0x00, 0x20, 0x00, 0x63, 0x00,
  0x72, 0x00, 0x65, 0x00, 0x61, 0x00, 0x74, 0x00, 0x65, 0x00, 0x64, 0x00,
  0x20, 0x00, 0x75, 0x00, 0x73, 0x00, 0x69, 0x00, 0x6e, 0x00, 0x67, 0x00,
  0x20, 0x00, 0x50, 0x00, 0x69, 0x00, 0x78, 0x00, 0x65, 0x00, 0x6c, 0x00,
  0x46, 0x00, 0x6f, 0x00, 0x72, 0x00, 0x67, 0x00, 0x65, 0x00, 0x68, 0x00,
  0x74, 0x00, 0x74, 0x00, 0x70, 0x00, 0x73, 0x00, 0x3a, 0x00, 0x2f, 0x00,
  0x2f, 0x00, 0x77, 0x00, 0x77, 0x00, 0x77, 0x00, 0x2e, 0x00, 0x67, 0x00,
  0x67, 0x00, 0x62, 0x00, 0x6f, 0x00, 0x74, 0x00, 0x2e, 0x00, 0x6e, 0x00,
  0x65, 0x00, 0x74, 0x00, 0x68, 0x00, 0x74, 0x00, 0x74, 0x00, 0x70, 0x00,
  0x73, 0x00, 0x3a, 0x00, 0x2f, 0x00, 0x2f, 0x00, 0x77, 0x00, 0x77, 0x00,
  0x77, 0x00, 0x2e, 0x00, 0x67, 0x00, 0x67, 0x00, 0x62, 0x00, 0x6f, 0x00,
  0x74, 0x00, 0x2e, 0x00, 0x6e, 0x00, 0x65, 0x00, 0x74, 0x00, 0x43, 0x00,
  0x72, 0x00, 0x65, 0x00, 0x61, 0x00, 0x74, 0x00, 0x69, 0x00, 0x76, 0x00,
  0x65, 0x00, 0x20, 0x00, 0x43, 0x00, 0x6f, 0x00, 0x6d, 0x00, 0x6d, 0x00,
  0x6f, 0x00, 0x6e, 0x00, 0x73, 0x00, 0x20, 0x00, 0x5a, 0x00, 0x65, 0x00,
  0x72, 0x00, 0x6f, 0x00, 0x20, 0x00, 0x76, 0x00, 0x31, 0x00, 0x2e, 0x00,
  0x30, 0x00, 0x20, 0x00, 0x55, 0x00, 0x6e, 0x00, 0x69, 0x00, 0x76, 0x00,
  0x65, 0x00, 0x72, 0x00, 0x73, 0x00, 0x61, 0x00, 0x6c, 0x00, 0x2e, 0x00,
  0x68, 0x00, 0x74, 0x00, 0x74, 0x00, 0x70, 0x00, 0x73, 0x00, 0x3a, 0x00,
  0x2f, 0x00, 0x2f, 0x00, 0x63, 0x00, 0x72, 0x00, 0x65, 0x00, 0x61, 0x00,
  0x74, 0x00, 0x69, 0x00, 0x76, 0x00, 0x65, 0x00, 0x63, 0x00, 0x6f, 0x00,
  0x6d, 0x00, 0x6d, 0x00, 0x6f, 0x00, 0x6e, 0x00, 0x73, 0x00, 0x2e, 0x00,
  0x6f, 0x00, 0x72, 0x00, 0x67, 0x00, 0x2f, 0x00, 0x70, 0x00, 0x75, 0x00,
  0x62, 0x00, 0x6c, 0x00, 0x69, 0x00, 0x63, 0x00, 0x64, 0x00, 0x6f, 0x00,
  0x6d, 0x00, 0x61, 0x00, 0x69, 0x00, 0x6e, 0x00, 0x2f, 0x00, 0x7a, 0x00,
  0x65, 0x00, 0x72, 0x00, 0x6f, 0x00, 0x2f, 0x00, 0x31, 0x00, 0x2e, 0x00,
  0x30, 0x00, 0x2f, 0x00, 0x53, 0x00, 0x70, 0x00, 0x68, 0x00, 0x69, 0x00,
  0x6e, 0x00, 0x78, 0x00, 0x20, 0x00, 0x6f, 0x00, 0x66, 0x00, 0x20, 0x00,
  0x62, 0x00, 0x6c, 0x00, 0x61, 0x00, 0x63, 0x00, 0x6b, 0x00, 0x20, 0x00,
  0x71, 0x00, 0x75, 0x00, 0x61, 0x00, 0x72, 0x00, 0x74, 0x00, 0x7a, 0x00,
  0x20, 0x00, 0x6a, 0x00, 0x75, 0x00, 0x64, 0x00, 0x67, 0x00, 0x65, 0x00,
  0x20, 0x00, 0x6d, 0x00, 0x79, 0x00, 0x20, 0x00, 0x76, 0x00, 0x6f, 0x00,
  0x77, 0x2d, 0x2d, 0x20, 0x42, 0x79, 0x20, 0x4f, 0x54, 0x46, 0x43, 0x43,
  0x20, 0x30, 0x2e, 0x31, 0x30, 0x2e, 0x34, 0x20, 0x2d, 0x2d, 0x00, 0x00,
  0x00, 0x00, 0x00, 0x00, 0x00, 0x00, 0x00, 0x00, 0x00, 0x00, 0x00, 0x00,
  0x00, 0x03, 0x00, 0x00, 0x00, 0x00, 0x00, 0x00, 0x00, 0x00, 0x00, 0x00,
  0x00, 0x00, 0x00, 0x00, 0x00, 0x00, 0x00, 0x00, 0x00, 0x00, 0x01, 0x03,
  0x00, 0x00, 0x00, 0x00, 0x00, 0x00, 0x00, 0x00
};
unsigned int font_ttf_len = 26936;
